{
  "id" : "c69b031c-d206-4353-92fc-291734efffc1",
  "name" : "GetAPICentralBaseURL",
  "description" : "Get the Amplify API Central base url\n\nUS (default): https://apicentral.axway.com\nEU: https://central.eu-fr.axway.com\nAPAC: https://central.ap-sg.axway.com",
  "iserror" : false,
  "no_of_errors" : 0,
  "service_input" : {
    "type" : "jsonb",
    "value" : "[{\"id\": \"75a21496-01e4-4f91-9f61-a08814a075d4\", \"key\": \"/GetAPICentralBaseURLInput\", \"type\": \"object\", \"order\": 1, \"title\": \"GetAPICentralBaseURLInput\", \"value\": {\"type\": \"object\"}, \"isLeaf\": false, \"children\": [], \"childrenSet\": false, \"hasChildren\": false, \"dataElementType\": \"document\", \"documentReference\": [], \"encryption_required\": false}]",
    "null" : false
  },
  "service_output" : {
    "type" : "jsonb",
    "value" : "[{\"id\": \"0699d925-5d1c-46f1-8861-acf24a768bc3\", \"key\": \"/GetAPICentralBaseURLOutput\", \"type\": \"object\", \"order\": 1, \"title\": \"GetAPICentralBaseURLOutput\", \"value\": {\"type\": \"object\"}, \"isLeaf\": false, \"children\": [{\"id\": \"243fe9ad-20f5-469f-bbb7-57a5d26bcd8c\", \"key\": \"/GetAPICentralBaseURLOutput/amplifyAPICentralBaseURL\", \"edit\": false, \"type\": \"node\", \"order\": 1, \"title\": \"amplifyAPICentralBaseURL\", \"value\": {\"type\": \"string\"}, \"children\": [], \"editAllow\": true, \"dataElementType\": \"string\"}], \"childrenSet\": false, \"hasChildren\": false, \"dataElementType\": \"document\", \"documentReference\": [], \"encryption_required\": false}]",
    "null" : false
  },
  "service_input_json_schema" : {
    "type" : "jsonb",
    "value" : "{\"required\": [], \"properties\": {\"GetAPICentralBaseURLInput\": {\"type\": \"object\", \"required\": []}}, \"additionalProperties\": false}",
    "null" : false
  },
  "service_output_json_schema" : {
    "type" : "jsonb",
    "value" : "{\"required\": [], \"properties\": {\"GetAPICentralBaseURLOutput\": {\"type\": \"object\", \"required\": [], \"properties\": {\"amplifyAPICentralBaseURL\": {\"type\": \"string\"}}, \"additionalProperties\": false}}, \"additionalProperties\": false}",
    "null" : false
  },
  "type" : "SERVICE",
  "error_handler" : false,
  "tag" : "V12",
  "active" : false,
  "is_changed" : true,
  "comment" : "Updated services",
  "base_tag" : "V11",
  "test_input" : {
    "type" : "jsonb",
    "value" : "{}",
    "null" : false
  },
  "test_input_structure" : {
    "type" : "jsonb",
    "value" : "[{\"id\": \"75a21496-01e4-4f91-9f61-a08814a075d4\", \"key\": \"/GetAPICentralBaseURLInput\", \"type\": \"object\", \"order\": 1, \"title\": \"GetAPICentralBaseURLInput\", \"value\": {\"type\": \"object\"}, \"isLeaf\": false, \"children\": [], \"childrenSet\": false, \"hasChildren\": false, \"dataElementType\": \"document\", \"documentReference\": [], \"encryption_required\": false}]",
    "null" : false
  }
}