{
  "id" : "aec9ee88-1f2d-49a9-b05a-940d6170c46a",
  "name" : "GetProductDetails-Service",
  "description" : "",
  "iserror" : false,
  "no_of_errors" : 0,
  "service_input" : {
    "type" : "jsonb",
    "value" : "[{\"id\": \"31351515-4140-400f-b2b1-3e2f42bc5222\", \"key\": \"/GetProductDetails-ServiceInput\", \"type\": \"object\", \"order\": 1, \"title\": \"GetProductDetails-ServiceInput\", \"value\": {\"type\": \"object\"}, \"isLeaf\": false, \"children\": [{\"id\": \"9523e986-85ff-43b0-bf86-f2fa11ec6844\", \"key\": \"/GetProductDetails-ServiceInput/productName\", \"edit\": false, \"type\": \"node\", \"order\": 1, \"title\": \"productName\", \"value\": {\"type\": \"string\"}, \"children\": [], \"editAllow\": true, \"dataElementType\": \"string\"}], \"childrenSet\": false, \"hasChildren\": false, \"dataElementType\": \"document\", \"documentReference\": [], \"encryption_required\": false}]",
    "null" : false
  },
  "service_output" : {
    "type" : "jsonb",
    "value" : "[{\"id\": \"a643f4e0-67cb-46d7-86cd-7165c245f97b\", \"key\": \"/GetProductDetails-ServiceOutput\", \"type\": \"object\", \"order\": 1, \"title\": \"GetProductDetails-ServiceOutput\", \"value\": {\"type\": \"object\"}, \"isLeaf\": false, \"children\": [{\"id\": \"31bdb77a-0f09-41a3-bcea-afc66d818485\", \"key\": \"/GetProductDetails-ServiceOutput/toolResponseText\", \"edit\": false, \"type\": \"node\", \"order\": 1, \"title\": \"toolResponseText\", \"value\": {\"type\": \"string\"}, \"children\": [], \"editAllow\": true, \"dataElementType\": \"string\"}, {\"id\": \"e5a2b619-9e05-42ab-a61e-97faffc8970b\", \"key\": \"/GetProductDetails-ServiceOutput/toolResponseType\", \"edit\": false, \"type\": \"node\", \"order\": 1, \"title\": \"toolResponseType\", \"value\": {\"type\": \"string\"}, \"children\": [], \"editAllow\": true, \"dataElementType\": \"string\"}], \"childrenSet\": false, \"hasChildren\": false, \"dataElementType\": \"document\", \"documentReference\": [], \"encryption_required\": false}]",
    "null" : false
  },
  "service_input_json_schema" : {
    "type" : "jsonb",
    "value" : "{\"required\": [], \"properties\": {\"GetProductDetails-ServiceInput\": {\"type\": \"object\", \"required\": [], \"properties\": {\"productName\": {\"type\": \"string\"}}, \"additionalProperties\": false}}, \"additionalProperties\": false}",
    "null" : false
  },
  "service_output_json_schema" : {
    "type" : "jsonb",
    "value" : "{\"required\": [], \"properties\": {\"GetProductDetails-ServiceOutput\": {\"type\": \"object\", \"required\": [], \"properties\": {\"toolResponseText\": {\"type\": \"string\"}, \"toolResponseType\": {\"type\": \"string\"}}, \"additionalProperties\": false}}, \"additionalProperties\": false}",
    "null" : false
  },
  "type" : "SERVICE",
  "error_handler" : false,
  "tag" : "V12",
  "active" : false,
  "is_changed" : false,
  "comment" : "Updated services",
  "base_tag" : "V11",
  "test_input" : {
    "type" : "jsonb",
    "value" : "{\"GetProductDetails-ServiceInput\": {\"productName\": \"stock-watchlist-mcp\"}}",
    "null" : false
  },
  "test_input_structure" : {
    "type" : "jsonb",
    "value" : "[{\"id\": \"31351515-4140-400f-b2b1-3e2f42bc5222\", \"key\": \"/GetProductDetails-ServiceInput\", \"type\": \"object\", \"order\": 1, \"title\": \"GetProductDetails-ServiceInput\", \"value\": {\"type\": \"object\"}, \"isLeaf\": false, \"children\": [{\"id\": \"9523e986-85ff-43b0-bf86-f2fa11ec6844\", \"key\": \"/GetProductDetails-ServiceInput/productName\", \"type\": \"node\", \"order\": 1, \"title\": \"productName\", \"value\": {\"type\": \"string\"}, \"children\": [], \"setValue\": \"stock-watchlist-mcp\", \"editAllow\": true, \"childrenSet\": false, \"hasChildren\": false, \"dataElementType\": \"string\", \"encryption_required\": false}], \"childrenSet\": false, \"hasChildren\": false, \"dataElementType\": \"document\", \"encryption_required\": false}]",
    "null" : false
  }
}