{
  "id" : "74b7f8c3-e074-46dd-a9ef-08e6af8253fc",
  "name" : "UpdateAmplifyMarketplacePendingApplicationRegistration",
  "description" : null,
  "iserror" : false,
  "no_of_errors" : 0,
  "service_input" : null,
  "service_output" : null,
  "service_input_json_schema" : null,
  "service_output_json_schema" : null,
  "type" : "EVENTDRIVEN",
  "error_handler" : false,
  "tag" : "V12",
  "active" : false,
  "is_changed" : false,
  "comment" : "Updated services",
  "base_tag" : "V11",
  "test_input" : {
    "type" : "jsonb",
    "value" : "[]",
    "null" : false
  },
  "test_input_structure" : {
    "type" : "jsonb",
    "value" : "[]",
    "null" : false
  }
}