{
  "component_config_id" : "71a4fe18-526e-4124-8ec4-302a3182d79f",
  "endpoint_config_json" : {
    "type" : "jsonb",
    "value" : "{\"crossRef\": [], \"services\": [], \"multistep\": [], \"operations\": []}",
    "null" : false
  },
  "input_config_json" : {
    "type" : "jsonb",
    "value" : "{\"crossRef\": [], \"services\": [], \"multistep\": [], \"operations\": [{\"map\": {\"id\": \"20a8f0e6-2efa-4743-abc9-c7f09a061dc8\", \"root\": true, \"type\": \"map\", \"cached\": false, \"source\": \"/ActivateAmplifyMarketplaceProductMCPServerRequest/body\", \"target\": \"/ActivateAmplifyMarketplaceProduct-ServiceInput\", \"mapNull\": false, \"disabled\": false, \"extractXml\": false, \"extractJson\": false, \"targetOrder\": 1.0, \"mapEmptyString\": false}}]}",
    "null" : false
  },
  "output_config_json" : {
    "type" : "jsonb",
    "value" : "{\"crossRef\": [], \"services\": [], \"multistep\": [], \"operations\": [{\"map\": {\"id\": \"1eee262a-7277-4934-949c-1c0fc26d2836\", \"root\": true, \"type\": \"map\", \"cached\": false, \"source\": \"/ActivateAmplifyMarketplaceProduct-ServiceOutput\", \"target\": \"/ActivateAmplifyMarketplaceProduct-ServiceOutput\", \"mapNull\": false, \"disabled\": false, \"extractXml\": false, \"extractJson\": false, \"targetOrder\": 1.0, \"mapEmptyString\": false}}, {\"map\": {\"id\": \"6e7c5ac1-401d-4018-b035-3acaae1cb815\", \"root\": false, \"type\": \"map\", \"cached\": false, \"source\": \"/ActivateAmplifyMarketplaceProduct-ServiceOutput/responseToolType\", \"target\": \"/toolResponseType\", \"mapNull\": false, \"disabled\": false, \"extractXml\": false, \"extractJson\": false, \"targetOrder\": 1.0, \"mapEmptyString\": false, \"sourceJavaType\": \"java.lang.String\", \"targetJavaType\": \"java.lang.String\"}}, {\"map\": {\"id\": \"c9494735-7d12-4be5-a73f-31470be115c9\", \"root\": false, \"type\": \"map\", \"cached\": false, \"source\": \"/ActivateAmplifyMarketplaceProduct-ServiceOutput/responseToolText\", \"target\": \"/ActivateAmplifyMarketplaceProductMCPServerResponse/TextContent/result/content[]/text\", \"mapNull\": false, \"disabled\": false, \"extractXml\": false, \"extractJson\": false, \"targetOrder\": 5.0, \"mapEmptyString\": false, \"sourceJavaType\": \"java.lang.String\", \"targetJavaType\": \"java.lang.String\"}}]}",
    "null" : false
  },
  "component_id" : "756d919f-1b1f-4eab-9f44-2f7b5bbe175c",
  "service_id" : "1f69a098-59f1-4f8f-b5bd-2aa53737d12c",
  "endpoint_id" : null,
  "parent_component_config_id" : "914ffe85-e438-47de-af3e-bf45e1d23a89",
  "component_config_order" : 0.5,
  "action_id" : "8e231fcc-71d0-43f6-9303-70dcb0ca6080",
  "name" : "Call ActivateAmplifyMarketplaceProduct-Service",
  "description" : "",
  "override_endpoint" : false,
  "input_structure_json" : {
    "type" : "jsonb",
    "value" : "{\"maps\": [{\"/ActivateAmplifyMarketplaceProduct-ServiceInput\": [{\"type\": \"map\", \"source\": {\"path\": \"/ActivateAmplifyMarketplaceProductMCPServerRequest/body\", \"title\": \"body\", \"dataElementType\": \"document\"}, \"target\": {\"path\": \"/ActivateAmplifyMarketplaceProduct-ServiceInput\", \"order\": 1, \"title\": \"ActivateAmplifyMarketplaceProduct-ServiceInput\", \"dataElementType\": \"document\"}, \"mapCondition\": {\"isConditionSet\": false, \"sourceTreeIndex\": [], \"targetTreeIndex\": [], \"mapConditionFormValue\": {}}}]}], \"mappedNodes\": [\"/ActivateAmplifyMarketplaceProduct-ServiceOutputactionOut\", \"/ActivateAmplifyMarketplaceProduct-ServiceOutputpipeOut\", \"/ActivateAmplifyMarketplaceProductMCPServerRequest/body pipeIn\", \"/ActivateAmplifyMarketplaceProduct-ServiceInput actionIn\", \"/ActivateAmplifyMarketplaceProduct-ServiceOutput/responseToolType\", \"/toolResponseTypepipeOut\", \"/ActivateAmplifyMarketplaceProduct-ServiceOutput/responseToolText\", \"/ActivateAmplifyMarketplaceProductMCPServerResponse/TextContent/result/content[]/textpipeOut\"]}",
    "null" : false
  },
  "output_structure_json" : {
    "type" : "jsonb",
    "value" : "{\"maps\": [{\"/ActivateAmplifyMarketplaceProduct-ServiceOutput\": [{\"type\": \"map\", \"source\": {\"path\": \"/ActivateAmplifyMarketplaceProduct-ServiceOutput\", \"title\": \"ActivateAmplifyMarketplaceProduct-ServiceOutput\", \"dataElementType\": \"document\"}, \"target\": {\"path\": \"/ActivateAmplifyMarketplaceProduct-ServiceOutput\", \"order\": 1, \"title\": \"ActivateAmplifyMarketplaceProduct-ServiceOutput\", \"dataElementType\": \"document\"}, \"mapCondition\": {\"isConditionSet\": false, \"sourceTreeIndex\": [], \"targetTreeIndex\": [], \"mapConditionFormValue\": {}}}]}, {\"/toolResponseType\": [{\"type\": \"map\", \"source\": {\"path\": \"/ActivateAmplifyMarketplaceProduct-ServiceOutput/responseToolType\", \"title\": \"responseToolType\", \"dataElementType\": \"string\"}, \"target\": {\"path\": \"/toolResponseType\", \"order\": 1, \"title\": \"toolResponseType\", \"dataElementType\": \"string\"}, \"mapCondition\": {\"isConditionSet\": false, \"sourceTreeIndex\": [], \"targetTreeIndex\": [], \"mapConditionFormValue\": {}}}]}, {\"/ActivateAmplifyMarketplaceProductMCPServerResponse/TextContent/result/content[]/text\": [{\"type\": \"list\", \"source\": {\"path\": \"/ActivateAmplifyMarketplaceProduct-ServiceOutput/responseToolText\", \"title\": \"responseToolText\", \"dataElementType\": \"string\"}, \"target\": {\"path\": \"/ActivateAmplifyMarketplaceProductMCPServerResponse/TextContent/result/content[]/text\", \"order\": 5, \"title\": \"text\", \"dataElementType\": \"string\"}, \"mapCondition\": {\"isConditionSet\": false, \"sourceTreeIndex\": [{\"key\": 1, \"title\": \"ActivateAmplifyMarketplaceProduct-ServiceOutput\", \"isLeaf\": false, \"isArray\": false, \"children\": [{\"key\": 2, \"title\": \"responseToolText\", \"isLeaf\": false, \"isArray\": false, \"parentKey\": 1}], \"parentKey\": 0}], \"targetTreeIndex\": [{\"key\": 1, \"title\": \"ActivateAmplifyMarketplaceProductMCPServerResponse\", \"isLeaf\": false, \"isArray\": false, \"children\": [{\"key\": 2, \"title\": \"TextContent\", \"isLeaf\": false, \"isArray\": false, \"children\": [{\"key\": 3, \"title\": \"result\", \"isLeaf\": false, \"isArray\": false, \"children\": [{\"key\": 4, \"title\": \"content\", \"isLeaf\": false, \"isArray\": true, \"children\": [{\"key\": 5, \"title\": \"text\", \"isLeaf\": false, \"isArray\": false, \"parentKey\": 4}], \"parentKey\": 3, \"arrayIndex\": null}], \"parentKey\": 2}], \"parentKey\": 1}], \"parentKey\": 0}], \"mapConditionFormValue\": {}}}]}], \"tracks\": {}, \"transformer\": []}",
    "null" : false
  },
  "endpoint_structure_json" : {
    "type" : "jsonb",
    "value" : "{\"maps\": []}",
    "null" : false
  },
  "is_error" : false,
  "no_of_errors" : 0,
  "action_input_type" : null,
  "config_service_id" : "77fe9da1-11d3-4de3-b33c-3ab284dae66f",
  "config_imap_id" : null,
  "config_b2b_document_type_id" : null,
  "config_document_id" : null,
  "add_variables" : {
    "type" : "jsonb",
    "value" : "[]",
    "null" : false
  },
  "drop_variables" : {
    "type" : "jsonb",
    "value" : "[]",
    "null" : false
  },
  "plug_input_structure" : null,
  "plug_output_structure" : null,
  "config_plug_id" : null,
  "override_plug" : false,
  "config_java_service_id" : null,
  "service_tag" : "V17",
  "endpoint_tag" : null,
  "config_service_tag" : "EMPTY",
  "config_imap_tag" : "",
  "config_b2b_document_type_tag" : "",
  "active" : false,
  "parent_component_config_service_tag" : "V17",
  "service_project_id" : "27edbc36-f404-4005-832a-6f6f32f16f6e",
  "service_project_tag" : "V17",
  "config_service_project_id" : "27edbc36-f404-4005-832a-6f6f32f16f6e",
  "config_service_project_tag" : "EMPTY",
  "config_imap_project_id" : null,
  "config_imap_project_tag" : "",
  "config_b2b_document_type_project_id" : null,
  "config_b2b_document_type_project_tag" : "",
  "endpoint_project_id" : null,
  "endpoint_project_tag" : null,
  "config_plug_tag" : null,
  "config_plug_project_id" : null,
  "config_plug_project_tag" : null,
  "config_java_service_tag" : "",
  "config_java_service_project_id" : null,
  "config_java_service_project_tag" : "",
  "disabled" : false,
  "config" : {
    "type" : "json",
    "value" : "{\"serviceProjectName\":\"FusionAmplifyMCP\"}",
    "null" : false
  },
  "config_b2b_document_type_project_mode_id" : "112c1cb8-4b9e-4d1a-a042-0bd031dc7d05",
  "config_imap_project_mode_id" : "112c1cb8-4b9e-4d1a-a042-0bd031dc7d05",
  "config_java_service_project_mode_id" : "112c1cb8-4b9e-4d1a-a042-0bd031dc7d05",
  "config_plug_project_mode_id" : "112c1cb8-4b9e-4d1a-a042-0bd031dc7d05",
  "config_service_project_mode_id" : "112c1cb8-4b9e-4d1a-a042-0bd031dc7d05",
  "endpoint_project_mode_id" : "112c1cb8-4b9e-4d1a-a042-0bd031dc7d05",
  "service_project_mode_id" : "112c1cb8-4b9e-4d1a-a042-0bd031dc7d05",
  "parent_component_config_service_project_mode_id" : "112c1cb8-4b9e-4d1a-a042-0bd031dc7d05",
  "is_audit" : true,
  "keys_with_order" : null
}