{
  "component_config_id" : "bbf34126-aa30-4700-b5f3-a2c27aa4844d",
  "endpoint_config_json" : null,
  "input_config_json" : null,
  "output_config_json" : null,
  "component_id" : "503a6be6-3ef4-4a13-ae2f-5a9f785376dc",
  "service_id" : "98dd99ca-9b24-4f83-ae8e-96c2c199c011",
  "endpoint_id" : null,
  "parent_component_config_id" : "e8e0cadb-7d2c-44be-a31e-5049bd738a6e",
  "component_config_order" : 2.0,
  "action_id" : "b5f5e3e1-976e-47c7-911f-24b69e4a085c",
  "name" : "check if product exists - check x 2xx response",
  "description" : null,
  "override_endpoint" : false,
  "input_structure_json" : null,
  "output_structure_json" : null,
  "endpoint_structure_json" : null,
  "is_error" : false,
  "no_of_errors" : null,
  "action_input_type" : null,
  "config_service_id" : null,
  "config_imap_id" : null,
  "config_b2b_document_type_id" : null,
  "config_document_id" : null,
  "add_variables" : null,
  "drop_variables" : null,
  "plug_input_structure" : null,
  "plug_output_structure" : null,
  "config_plug_id" : null,
  "override_plug" : false,
  "config_java_service_id" : null,
  "service_tag" : "V17",
  "endpoint_tag" : null,
  "config_service_tag" : null,
  "config_imap_tag" : null,
  "config_b2b_document_type_tag" : null,
  "active" : false,
  "parent_component_config_service_tag" : "V17",
  "service_project_id" : "27edbc36-f404-4005-832a-6f6f32f16f6e",
  "service_project_tag" : "V17",
  "config_service_project_id" : null,
  "config_service_project_tag" : null,
  "config_imap_project_id" : null,
  "config_imap_project_tag" : null,
  "config_b2b_document_type_project_id" : null,
  "config_b2b_document_type_project_tag" : null,
  "endpoint_project_id" : null,
  "endpoint_project_tag" : null,
  "config_plug_tag" : null,
  "config_plug_project_id" : null,
  "config_plug_project_tag" : null,
  "config_java_service_tag" : null,
  "config_java_service_project_id" : null,
  "config_java_service_project_tag" : null,
  "disabled" : false,
  "config" : null,
  "config_b2b_document_type_project_mode_id" : "112c1cb8-4b9e-4d1a-a042-0bd031dc7d05",
  "config_imap_project_mode_id" : "112c1cb8-4b9e-4d1a-a042-0bd031dc7d05",
  "config_java_service_project_mode_id" : "112c1cb8-4b9e-4d1a-a042-0bd031dc7d05",
  "config_plug_project_mode_id" : "112c1cb8-4b9e-4d1a-a042-0bd031dc7d05",
  "config_service_project_mode_id" : "112c1cb8-4b9e-4d1a-a042-0bd031dc7d05",
  "endpoint_project_mode_id" : "112c1cb8-4b9e-4d1a-a042-0bd031dc7d05",
  "service_project_mode_id" : "112c1cb8-4b9e-4d1a-a042-0bd031dc7d05",
  "parent_component_config_service_project_mode_id" : "112c1cb8-4b9e-4d1a-a042-0bd031dc7d05",
  "is_audit" : true,
  "keys_with_order" : null
}