{
  "component_config_id" : "0de21ef5-5df9-4bcb-9947-0132e769e9d3",
  "endpoint_config_json" : {
    "type" : "jsonb",
    "value" : "{\"crossRef\": [], \"services\": [], \"multistep\": [], \"operations\": []}",
    "null" : false
  },
  "input_config_json" : {
    "type" : "jsonb",
    "value" : "{\"crossRef\": [], \"services\": [], \"multistep\": [], \"operations\": []}",
    "null" : false
  },
  "output_config_json" : {
    "type" : "jsonb",
    "value" : "{\"crossRef\": [], \"services\": [], \"multistep\": [], \"operations\": [{\"map\": {\"id\": \"0c928c23-10bb-4134-9e7e-74037058bf68\", \"root\": false, \"type\": \"map\", \"cached\": false, \"source\": \"/MyVars/documentMarkdownContentsB64Decode\", \"target\": \"/CreateProductResourceRequestBody/spec/data/content\", \"mapNull\": false, \"disabled\": false, \"extractXml\": false, \"extractJson\": false, \"targetOrder\": 10.0, \"mapEmptyString\": false, \"sourceJavaType\": \"java.lang.String\", \"targetJavaType\": \"java.lang.String\"}}, {\"map\": {\"id\": \"73523ee7-711f-423b-a494-a134e663100c\", \"root\": false, \"type\": \"setValue\", \"cached\": false, \"target\": \"/CreateProductResourceRequestBody/name\", \"mapNull\": false, \"disabled\": false, \"extractXml\": false, \"extractJson\": false, \"targetOrder\": 1.0, \"targetValue\": \"%{/UpdateProductDocumentation-ServiceInput/productName}%-doc-res\", \"mapEmptyString\": false, \"targetJavaType\": \"java.lang.String\", \"variableSubstitution\": true}}, {\"map\": {\"id\": \"b4115988-d64c-4811-bea1-a87b462e579d\", \"root\": false, \"type\": \"setValue\", \"cached\": false, \"target\": \"/CreateProductResourceRequestBody/title\", \"mapNull\": false, \"disabled\": false, \"extractXml\": false, \"extractJson\": false, \"targetOrder\": 2.0, \"targetValue\": \"%{/UpdateProductDocumentation-ServiceInput/productName}% doc resource\", \"mapEmptyString\": false, \"targetJavaType\": \"java.lang.String\", \"variableSubstitution\": true}}, {\"map\": {\"id\": \"21aee91c-fd49-4c91-b5ae-4c4f22357cf7\", \"root\": false, \"type\": \"setValue\", \"cached\": false, \"target\": \"/CreateProductResourceRequestBody/spec/description\", \"mapNull\": false, \"disabled\": false, \"extractXml\": false, \"extractJson\": false, \"targetOrder\": 4.0, \"targetValue\": \"Overview\", \"mapEmptyString\": false, \"targetJavaType\": \"java.lang.String\", \"variableSubstitution\": false}}, {\"map\": {\"id\": \"40392124-9ee5-4175-96af-095e1d14e73b\", \"root\": false, \"type\": \"setValue\", \"cached\": false, \"target\": \"/CreateProductResourceRequestBody/spec/fileType\", \"mapNull\": false, \"disabled\": false, \"extractXml\": false, \"extractJson\": false, \"targetOrder\": 6.0, \"targetValue\": \"markdown\", \"mapEmptyString\": false, \"targetJavaType\": \"java.lang.String\", \"variableSubstitution\": false}}, {\"map\": {\"id\": \"d09620e4-a48d-4a1c-a0b7-c1e43e0da186\", \"root\": false, \"type\": \"setValue\", \"cached\": false, \"target\": \"/CreateProductResourceRequestBody/spec/contentType\", \"mapNull\": false, \"disabled\": false, \"extractXml\": false, \"extractJson\": false, \"targetOrder\": 7.0, \"targetValue\": \"text/markdown\", \"mapEmptyString\": false, \"targetJavaType\": \"java.lang.String\", \"variableSubstitution\": false}}, {\"map\": {\"id\": \"23e297c5-c1b9-4995-8b86-2038ddc1ebe3\", \"root\": false, \"type\": \"setValue\", \"cached\": false, \"target\": \"/CreateProductResourceRequestBody/spec/data/type\", \"mapNull\": false, \"disabled\": false, \"extractXml\": false, \"extractJson\": false, \"targetOrder\": 9.0, \"targetValue\": \"text\", \"mapEmptyString\": false, \"targetJavaType\": \"java.lang.String\", \"variableSubstitution\": false}}]}",
    "null" : false
  },
  "component_id" : "8ac5fe03-27a2-4e6a-a449-6a8893818223",
  "service_id" : "98dd99ca-9b24-4f83-ae8e-96c2c199c011",
  "endpoint_id" : null,
  "parent_component_config_id" : "b1801f01-e62f-401e-929d-153a69b2e68a",
  "component_config_order" : 0.5,
  "action_id" : "06843b78-eab0-45da-afab-8c8277d7553f",
  "name" : "Create request body (WORKAROUND)",
  "description" : "",
  "override_endpoint" : false,
  "input_structure_json" : {
    "type" : "jsonb",
    "value" : "{\"maps\": [], \"mappedNodes\": [\"/CreateProductResourceRequestBody/namepipeOut\", \"/CreateProductResourceRequestBody/titlepipeOut\", \"/CreateProductResourceRequestBody/spec/descriptionpipeOut\", \"/CreateProductResourceRequestBody/spec/fileTypepipeOut\", \"/CreateProductResourceRequestBody/spec/contentTypepipeOut\", \"/CreateProductResourceRequestBody/spec/data/typepipeOut\", \"/CreateProductResourceRequestBody/spec/contentTypepipeOut\", \"/MyVars/documentMarkdownContentsB64Decode pipeIn\", \"/CreateProductResourceRequestBody/spec/data/contentpipeOut\", \"/CreateProductResourceRequestBodypipeOut\", \"/CreateProductResourceRequestBodypipeOut\", \"/CreateProductResourceRequestBody/specpipeOut\", \"/CreateProductResourceRequestBodypipeOut\", \"/CreateProductResourceRequestBody/specpipeOut\", \"/CreateProductResourceRequestBodypipeOut\", \"/CreateProductResourceRequestBody/specpipeOut\", \"/CreateProductResourceRequestBodypipeOut\", \"/CreateProductResourceRequestBody/spec/datapipeOut\", \"/CreateProductResourceRequestBody/specpipeOut\", \"/CreateProductResourceRequestBodypipeOut\", \"/CreateProductResourceRequestBody/spec/contentTypepipeOut\", \"/CreateProductResourceRequestBody/specpipeOut\", \"/CreateProductResourceRequestBodypipeOut\"]}",
    "null" : false
  },
  "output_structure_json" : {
    "type" : "jsonb",
    "value" : "{\"maps\": [{\"/CreateProductResourceRequestBody/name\": [{\"type\": \"setValue\", \"order\": 1, \"target\": {\"path\": \"/CreateProductResourceRequestBody/name\", \"order\": 1, \"title\": \"name\", \"dataElementType\": \"string\"}, \"values\": [{\"id\": \"ecec3834-66f7-468e-ba8a-c15b4a943894\", \"key\": \"/CreateProductResourceRequestBody/name\", \"type\": \"string\", \"order\": 1, \"title\": \"name\", \"isLeaf\": true, \"setValue\": null, \"uiElement\": \"<input _ngcontent-ng-c393407261=\\\"\\\" class=\\\"chip\\\" title=\\\"/UpdateProductDocumentation-ServiceInput/productName\\\" readonly=\\\"true\\\" disabled=\\\"true\\\" type=\\\"button\\\" value=\\\"productName\\\">-doc-res\", \"isSetValue\": false, \"hasChildren\": false, \"isChildrenSet\": false, \"dataElementType\": \"string\", \"encryption_required\": false}], \"mapCondition\": {\"isConditionSet\": false, \"sourceTreeIndex\": [], \"targetTreeIndex\": [], \"mapConditionFormValue\": {}}, \"dataElementType\": \"string\", \"variableSubstitution\": true, \"overwritePipelineValue\": false}]}, {\"/CreateProductResourceRequestBody/title\": [{\"type\": \"setValue\", \"order\": 2, \"target\": {\"path\": \"/CreateProductResourceRequestBody/title\", \"order\": 2, \"title\": \"title\", \"dataElementType\": \"string\"}, \"values\": [{\"id\": \"43e2e3a4-673c-4caf-aeb8-21a2f9e596b5\", \"key\": \"/CreateProductResourceRequestBody/title\", \"type\": \"string\", \"order\": 2, \"title\": \"title\", \"isLeaf\": true, \"setValue\": null, \"uiElement\": \"<input _ngcontent-ng-c393407261=\\\"\\\" class=\\\"chip\\\" title=\\\"/UpdateProductDocumentation-ServiceInput/productName\\\" readonly=\\\"true\\\" disabled=\\\"true\\\" type=\\\"button\\\" value=\\\"productName\\\"> doc resource\", \"isSetValue\": false, \"hasChildren\": false, \"isChildrenSet\": false, \"dataElementType\": \"string\", \"encryption_required\": false}], \"mapCondition\": {\"isConditionSet\": false, \"sourceTreeIndex\": [], \"targetTreeIndex\": [], \"mapConditionFormValue\": {}}, \"dataElementType\": \"string\", \"variableSubstitution\": true, \"overwritePipelineValue\": false}]}, {\"/CreateProductResourceRequestBody/spec/description\": [{\"type\": \"setValue\", \"order\": 4, \"target\": {\"path\": \"/CreateProductResourceRequestBody/spec/description\", \"order\": 4, \"title\": \"description\", \"dataElementType\": \"string\"}, \"values\": [{\"id\": \"2b0477f0-4494-42a4-9423-b0aa984277ce\", \"key\": \"/CreateProductResourceRequestBody/spec/description\", \"type\": \"string\", \"order\": 4, \"title\": \"description\", \"isLeaf\": true, \"setValue\": null, \"uiElement\": \"Overview\", \"isSetValue\": false, \"hasChildren\": false, \"isChildrenSet\": false, \"dataElementType\": \"string\", \"encryption_required\": false}], \"mapCondition\": {\"isConditionSet\": false, \"sourceTreeIndex\": [], \"targetTreeIndex\": [], \"mapConditionFormValue\": {}}, \"dataElementType\": \"string\", \"variableSubstitution\": false, \"overwritePipelineValue\": false}]}, {\"/CreateProductResourceRequestBody/spec/fileType\": [{\"type\": \"setValue\", \"order\": 6, \"target\": {\"path\": \"/CreateProductResourceRequestBody/spec/fileType\", \"order\": 6, \"title\": \"fileType\", \"dataElementType\": \"string\"}, \"values\": [{\"id\": \"caf3ee8a-84d3-4c4c-8bd5-cc8d1ab35371\", \"key\": \"/CreateProductResourceRequestBody/spec/fileType\", \"type\": \"string\", \"order\": 6, \"title\": \"fileType\", \"isLeaf\": true, \"setValue\": null, \"uiElement\": \"markdown\", \"isSetValue\": false, \"hasChildren\": false, \"isChildrenSet\": false, \"dataElementType\": \"string\", \"encryption_required\": false}], \"mapCondition\": {\"isConditionSet\": false, \"sourceTreeIndex\": [], \"targetTreeIndex\": [], \"mapConditionFormValue\": {}}, \"dataElementType\": \"string\", \"variableSubstitution\": false, \"overwritePipelineValue\": false}]}, {\"/CreateProductResourceRequestBody/spec/contentType\": [{\"type\": \"setValue\", \"order\": 7, \"target\": {\"path\": \"/CreateProductResourceRequestBody/spec/contentType\", \"order\": 7, \"title\": \"contentType\", \"dataElementType\": \"string\"}, \"values\": [{\"id\": \"178ca83a-90d1-42bd-b230-5b768f7809fc\", \"key\": \"/CreateProductResourceRequestBody/spec/contentType\", \"type\": \"string\", \"order\": 7, \"title\": \"contentType\", \"isLeaf\": true, \"setValue\": null, \"uiElement\": \"text/markdown\", \"isSetValue\": false, \"hasChildren\": false, \"isChildrenSet\": false, \"dataElementType\": \"string\", \"encryption_required\": false}], \"mapCondition\": {\"isConditionSet\": false, \"sourceTreeIndex\": [], \"targetTreeIndex\": [], \"mapConditionFormValue\": {}}, \"dataElementType\": \"string\", \"variableSubstitution\": false, \"overwritePipelineValue\": false}]}, {\"/CreateProductResourceRequestBody/spec/data/type\": [{\"type\": \"setValue\", \"order\": 9, \"target\": {\"path\": \"/CreateProductResourceRequestBody/spec/data/type\", \"order\": 9, \"title\": \"type\", \"dataElementType\": \"string\"}, \"values\": [{\"id\": \"c0d4c674-e251-438b-8e91-923cc444b769\", \"key\": \"/CreateProductResourceRequestBody/spec/data/type\", \"type\": \"string\", \"order\": 9, \"title\": \"type\", \"isLeaf\": true, \"setValue\": null, \"uiElement\": \"text\", \"isSetValue\": false, \"hasChildren\": false, \"isChildrenSet\": false, \"dataElementType\": \"string\", \"encryption_required\": false}], \"mapCondition\": {\"isConditionSet\": false, \"sourceTreeIndex\": [], \"targetTreeIndex\": [], \"mapConditionFormValue\": {}}, \"dataElementType\": \"string\", \"variableSubstitution\": false, \"overwritePipelineValue\": false}]}, {\"/CreateProductResourceRequestBody/spec/data/content\": [{\"type\": \"map\", \"source\": {\"path\": \"/MyVars/documentMarkdownContentsB64Decode\", \"title\": \"documentMarkdownContentsB64Decode\", \"dataElementType\": \"string\"}, \"target\": {\"path\": \"/CreateProductResourceRequestBody/spec/data/content\", \"order\": 10, \"title\": \"content\", \"dataElementType\": \"string\"}, \"mapCondition\": {\"isConditionSet\": false, \"sourceTreeIndex\": [], \"targetTreeIndex\": [], \"mapConditionFormValue\": {}}}]}], \"tracks\": {}, \"transformer\": []}",
    "null" : false
  },
  "endpoint_structure_json" : {
    "type" : "jsonb",
    "value" : "{\"maps\": []}",
    "null" : false
  },
  "is_error" : false,
  "no_of_errors" : 0,
  "action_input_type" : null,
  "config_service_id" : null,
  "config_imap_id" : null,
  "config_b2b_document_type_id" : null,
  "config_document_id" : null,
  "add_variables" : {
    "type" : "jsonb",
    "value" : "[{\"id\": \"73abe260-cf6a-4ea5-ad40-b99de91d73ad\", \"key\": \"/CreateProductResourceRequestBody\", \"type\": \"reference\", \"order\": 2, \"title\": \"CreateProductResourceRequestBody\", \"value\": {\"type\": \"object\"}, \"isLeaf\": false, \"children\": [], \"editAllow\": true, \"hasChildren\": false, \"projectName\": \"FusionAmplifyMCP\", \"referenceId\": \"1395cf2d-8c7b-4482-b08e-7023a2f7e04c\", \"isChildrenSet\": false, \"dataObjectName\": \"CreateProductResourceRequestBody\", \"dataElementType\": \"document\", \"componentConfigId\": \"0de21ef5-5df9-4bcb-9947-0132e769e9d3\", \"encryption_required\": false}]",
    "null" : false
  },
  "drop_variables" : {
    "type" : "jsonb",
    "value" : "[]",
    "null" : false
  },
  "plug_input_structure" : null,
  "plug_output_structure" : null,
  "config_plug_id" : null,
  "override_plug" : false,
  "config_java_service_id" : null,
  "service_tag" : "V17",
  "endpoint_tag" : null,
  "config_service_tag" : "",
  "config_imap_tag" : "",
  "config_b2b_document_type_tag" : "",
  "active" : false,
  "parent_component_config_service_tag" : "V17",
  "service_project_id" : "27edbc36-f404-4005-832a-6f6f32f16f6e",
  "service_project_tag" : "V17",
  "config_service_project_id" : null,
  "config_service_project_tag" : "",
  "config_imap_project_id" : null,
  "config_imap_project_tag" : "",
  "config_b2b_document_type_project_id" : null,
  "config_b2b_document_type_project_tag" : "",
  "endpoint_project_id" : null,
  "endpoint_project_tag" : null,
  "config_plug_tag" : null,
  "config_plug_project_id" : null,
  "config_plug_project_tag" : null,
  "config_java_service_tag" : "",
  "config_java_service_project_id" : null,
  "config_java_service_project_tag" : "",
  "disabled" : false,
  "config" : null,
  "config_b2b_document_type_project_mode_id" : "112c1cb8-4b9e-4d1a-a042-0bd031dc7d05",
  "config_imap_project_mode_id" : "112c1cb8-4b9e-4d1a-a042-0bd031dc7d05",
  "config_java_service_project_mode_id" : "112c1cb8-4b9e-4d1a-a042-0bd031dc7d05",
  "config_plug_project_mode_id" : "112c1cb8-4b9e-4d1a-a042-0bd031dc7d05",
  "config_service_project_mode_id" : "112c1cb8-4b9e-4d1a-a042-0bd031dc7d05",
  "endpoint_project_mode_id" : "112c1cb8-4b9e-4d1a-a042-0bd031dc7d05",
  "service_project_mode_id" : "112c1cb8-4b9e-4d1a-a042-0bd031dc7d05",
  "parent_component_config_service_project_mode_id" : "112c1cb8-4b9e-4d1a-a042-0bd031dc7d05",
  "is_audit" : true,
  "keys_with_order" : null
}