{
  "component_config_id" : "97f586d6-9d53-4a77-a825-1fd1eba89340",
  "endpoint_config_json" : {
    "type" : "jsonb",
    "value" : "{\"crossRef\": [], \"services\": [], \"multistep\": [], \"operations\": []}",
    "null" : false
  },
  "input_config_json" : {
    "type" : "jsonb",
    "value" : "{\"crossRef\": [], \"services\": [], \"multistep\": [], \"operations\": []}",
    "null" : false
  },
  "output_config_json" : {
    "type" : "jsonb",
    "value" : "{\"crossRef\": [], \"services\": [], \"multistep\": [], \"operations\": [{\"transformer\": {\"id\": \"19232a35-2019-430b-8b34-61a9ed856fe0\", \"name\": \"CONVERSION_BASE64_DECODE\", \"type\": \"Conversion\", \"query\": null, \"inputs\": [{\"id\": \"e9c9cfc6-1261-42d9-9842-d07e91e1d3cf\", \"root\": false, \"type\": \"map\", \"cached\": false, \"source\": \"/UpdateProductDocumentation-ServiceInput/documentMarkdownContents\", \"target\": \"/CONVERSION_BASE64_DECODE_INPUT/inputString\", \"mapNull\": false, \"disabled\": false, \"extractXml\": false, \"extractJson\": false, \"mapEmptyString\": false, \"sourceJavaType\": \"java.lang.String\", \"targetJavaType\": \"java.lang.String\"}], \"outputs\": [{\"id\": \"6b2b3ce8-9f26-4c79-9060-25f1e4776270\", \"root\": false, \"type\": \"map\", \"cached\": false, \"source\": \"/CONVERSION_BASE64_DECODE_OUTPUT/output\", \"target\": \"/MyVars/documentMarkdownContentsB64Decode\", \"mapNull\": false, \"disabled\": false, \"extractXml\": false, \"extractJson\": false, \"targetOrder\": 1.0, \"mapEmptyString\": false, \"sourceJavaType\": \"java.lang.String\", \"targetJavaType\": \"java.lang.String\"}], \"tableId\": null, \"configId\": null, \"disabled\": false, \"serviceId\": null, \"expression\": null}}, {\"map\": {\"id\": \"eaad51ee-4b0b-4968-9968-61508fa5d088\", \"root\": false, \"type\": \"setValue\", \"cached\": false, \"target\": \"/UpdateProductDocumentation-ServiceOutput/responseToolType\", \"mapNull\": false, \"disabled\": false, \"extractXml\": false, \"extractJson\": false, \"targetOrder\": 1.0, \"targetValue\": \"TextContent\", \"mapEmptyString\": false, \"targetJavaType\": \"java.lang.String\", \"variableSubstitution\": false}}, {\"map\": {\"id\": \"45be60fd-5fe1-4b23-98bc-825eb0e5b442\", \"root\": false, \"type\": \"setValue\", \"cached\": false, \"target\": \"/MyVars/resourceName\", \"mapNull\": false, \"disabled\": false, \"extractXml\": false, \"extractJson\": false, \"targetOrder\": 1.0, \"targetValue\": \"%{/UpdateProductDocumentation-ServiceInput/productName}%-doc-res\", \"mapEmptyString\": false, \"targetJavaType\": \"java.lang.String\", \"variableSubstitution\": true}}, {\"map\": {\"id\": \"0884b902-dbfb-46f6-b387-174dbb6f15f9\", \"root\": false, \"type\": \"setValue\", \"cached\": false, \"target\": \"/MyVars/resourceTitle\", \"mapNull\": false, \"disabled\": false, \"extractXml\": false, \"extractJson\": false, \"targetOrder\": 1.0, \"targetValue\": \"%{/UpdateProductDocumentation-ServiceInput/productName}% doc resource\", \"mapEmptyString\": false, \"targetJavaType\": \"java.lang.String\", \"variableSubstitution\": true}}, {\"map\": {\"id\": \"070c66d1-dcc4-472b-853f-ae51096ff903\", \"root\": false, \"type\": \"setValue\", \"cached\": false, \"target\": \"/MyVars/docName\", \"mapNull\": false, \"disabled\": false, \"extractXml\": false, \"extractJson\": false, \"targetOrder\": 1.0, \"targetValue\": \"%{/UpdateProductDocumentation-ServiceInput/productName}%-doc-res-document\", \"mapEmptyString\": false, \"targetJavaType\": \"java.lang.String\", \"variableSubstitution\": true}}, {\"map\": {\"id\": \"c58c732f-10c5-4ef1-a449-7657de8ed2ec\", \"root\": false, \"type\": \"setValue\", \"cached\": false, \"target\": \"/MyVars/docTitle\", \"mapNull\": false, \"disabled\": false, \"extractXml\": false, \"extractJson\": false, \"targetOrder\": 1.0, \"targetValue\": \"%{/UpdateProductDocumentation-ServiceInput/productName}% doc resource document\", \"mapEmptyString\": false, \"targetJavaType\": \"java.lang.String\", \"variableSubstitution\": true}}, {\"map\": {\"id\": \"dffc7237-f832-4f39-b6db-04329b6b6af5\", \"root\": false, \"type\": \"setValue\", \"cached\": false, \"target\": \"/UpdateProductDocumentation-ServiceOutput/responseToolText\", \"mapNull\": false, \"disabled\": false, \"extractXml\": false, \"extractJson\": false, \"targetOrder\": 1.0, \"targetValue\": \"There was a problem updating the documentation for product: %{/UpdateProductDocumentation-ServiceInput/productName}%\", \"mapEmptyString\": false, \"targetJavaType\": \"java.lang.String\", \"variableSubstitution\": true}}]}",
    "null" : false
  },
  "component_id" : "8ac5fe03-27a2-4e6a-a449-6a8893818223",
  "service_id" : "98dd99ca-9b24-4f83-ae8e-96c2c199c011",
  "endpoint_id" : null,
  "parent_component_config_id" : null,
  "component_config_order" : 1.0,
  "action_id" : "06843b78-eab0-45da-afab-8c8277d7553f",
  "name" : "Declare vars and set response tool type",
  "description" : "",
  "override_endpoint" : false,
  "input_structure_json" : {
    "type" : "jsonb",
    "value" : "{\"maps\": [], \"mappedNodes\": [\"/UpdateProductDocumentation-ServiceOutputpipeOut\", \"/CONVERSION_BASE64_ENCODE_OUTPUT/output0\", \"/UpdateProductDocumentation-ServiceOutputpipeOut\", \"/CONVERSION_BASE64_ENCODE_OUTPUT/output0\", \"/MyVarspipeOut\", \"/MyVarspipeOut\", \"/MyVarspipeOut\", \"/MyVarspipeOut\", \"/UpdateProductDocumentation-ServiceOutputpipeOut\", \"/MyVarspipeOut\", \"/MyVarspipeOut\", \"/CONVERSION_BASE64_DECODE_OUTPUT/output0\", \"/MyVars/documentMarkdownContentsB64DecodepipeOut\", \"/UpdateProductDocumentation-ServiceInput/documentMarkdownContents pipeIn\", \"/CONVERSION_BASE64_DECODE_INPUT/inputString0\", \"/UpdateProductDocumentation-ServiceOutputpipeOut\", \"/MyVarspipeOut\", \"/MyVarspipeOut\", \"/MyVarspipeOut\", \"/MyVarspipeOut\", \"/UpdateProductDocumentation-ServiceOutput/responseToolTextpipeOut\", \"/UpdateProductDocumentation-ServiceOutputpipeOut\"]}",
    "null" : false
  },
  "output_structure_json" : {
    "type" : "jsonb",
    "value" : "{\"maps\": [{\"/UpdateProductDocumentation-ServiceOutput/responseToolType\": [{\"type\": \"setValue\", \"order\": 1, \"target\": {\"path\": \"/UpdateProductDocumentation-ServiceOutput/responseToolType\", \"order\": 1, \"title\": \"responseToolType\", \"dataElementType\": \"string\"}, \"values\": [{\"id\": \"50ca750f-62f2-4a3a-b63e-b4ab413cb597\", \"key\": \"/UpdateProductDocumentation-ServiceOutput/responseToolType\", \"type\": \"node\", \"order\": 1, \"title\": \"responseToolType\", \"children\": [], \"setValue\": null, \"editAllow\": true, \"uiElement\": \"TextContent\", \"isSetValue\": false, \"childrenSet\": false, \"hasChildren\": false, \"dataElementType\": \"string\", \"encryption_required\": false}], \"mapCondition\": {\"isConditionSet\": false, \"sourceTreeIndex\": [], \"targetTreeIndex\": [], \"mapConditionFormValue\": {}}, \"dataElementType\": \"string\", \"variableSubstitution\": false, \"overwritePipelineValue\": false}]}, {\"/MyVars/resourceName\": [{\"type\": \"setValue\", \"order\": 1, \"target\": {\"path\": \"/MyVars/resourceName\", \"order\": 1, \"title\": \"resourceName\", \"dataElementType\": \"string\"}, \"values\": [{\"id\": \"48cab6d6-7879-4a6e-9409-669bc9912319\", \"key\": \"/MyVars/resourceName\", \"type\": \"node\", \"order\": 1, \"title\": \"resourceName\", \"children\": [], \"setValue\": null, \"editAllow\": true, \"uiElement\": \"<input _ngcontent-ng-c393407261=\\\"\\\" class=\\\"chip\\\" title=\\\"/UpdateProductDocumentation-ServiceInput/productName\\\" readonly=\\\"true\\\" disabled=\\\"true\\\" type=\\\"button\\\" value=\\\"productName\\\">-doc-res\", \"isSetValue\": false, \"dataElementType\": \"string\", \"componentConfigId\": \"97f586d6-9d53-4a77-a825-1fd1eba89340\", \"componentConfigName\": \"Map\"}], \"mapCondition\": {\"isConditionSet\": false, \"sourceTreeIndex\": [], \"targetTreeIndex\": [], \"mapConditionFormValue\": {}}, \"dataElementType\": \"string\", \"variableSubstitution\": true, \"overwritePipelineValue\": false}]}, {\"/MyVars/resourceTitle\": [{\"type\": \"setValue\", \"order\": 1, \"target\": {\"path\": \"/MyVars/resourceTitle\", \"order\": 1, \"title\": \"resourceTitle\", \"dataElementType\": \"string\"}, \"values\": [{\"id\": \"1ef3af49-2cd0-43c8-ae3d-ac26cca8d038\", \"key\": \"/MyVars/resourceTitle\", \"type\": \"node\", \"order\": 1, \"title\": \"resourceTitle\", \"children\": [], \"setValue\": null, \"editAllow\": true, \"uiElement\": \"<input _ngcontent-ng-c393407261=\\\"\\\" class=\\\"chip\\\" title=\\\"/UpdateProductDocumentation-ServiceInput/productName\\\" readonly=\\\"true\\\" disabled=\\\"true\\\" type=\\\"button\\\" value=\\\"productName\\\"> doc resource\", \"isSetValue\": false, \"dataElementType\": \"string\", \"componentConfigId\": \"97f586d6-9d53-4a77-a825-1fd1eba89340\", \"componentConfigName\": \"Map\"}], \"mapCondition\": {\"isConditionSet\": false, \"sourceTreeIndex\": [], \"targetTreeIndex\": [], \"mapConditionFormValue\": {}}, \"dataElementType\": \"string\", \"variableSubstitution\": true, \"overwritePipelineValue\": false}]}, {\"/MyVars/docName\": [{\"type\": \"setValue\", \"order\": 1, \"target\": {\"path\": \"/MyVars/docName\", \"order\": 1, \"title\": \"docName\", \"dataElementType\": \"string\"}, \"values\": [{\"id\": \"6add6d29-38eb-42b6-935a-8dfb5c11429d\", \"key\": \"/MyVars/docName\", \"type\": \"node\", \"order\": 1, \"title\": \"docName\", \"children\": [], \"setValue\": null, \"editAllow\": true, \"uiElement\": \"<input _ngcontent-ng-c393407261=\\\"\\\" class=\\\"chip\\\" title=\\\"/UpdateProductDocumentation-ServiceInput/productName\\\" readonly=\\\"true\\\" disabled=\\\"true\\\" type=\\\"button\\\" value=\\\"productName\\\">-doc-res-document\", \"isSetValue\": false, \"dataElementType\": \"string\", \"componentConfigId\": \"97f586d6-9d53-4a77-a825-1fd1eba89340\", \"componentConfigName\": \"Map\"}], \"mapCondition\": {\"isConditionSet\": false, \"sourceTreeIndex\": [], \"targetTreeIndex\": [], \"mapConditionFormValue\": {}}, \"dataElementType\": \"string\", \"variableSubstitution\": true, \"overwritePipelineValue\": false}]}, {\"/MyVars/docTitle\": [{\"type\": \"setValue\", \"order\": 1, \"target\": {\"path\": \"/MyVars/docTitle\", \"order\": 1, \"title\": \"docTitle\", \"dataElementType\": \"string\"}, \"values\": [{\"id\": \"f9ec9e5a-5ae9-4e03-a9e3-08c4b35825a6\", \"key\": \"/MyVars/docTitle\", \"type\": \"node\", \"order\": 1, \"title\": \"docTitle\", \"children\": [], \"setValue\": null, \"editAllow\": true, \"uiElement\": \"<input _ngcontent-ng-c393407261=\\\"\\\" class=\\\"chip\\\" title=\\\"/UpdateProductDocumentation-ServiceInput/productName\\\" readonly=\\\"true\\\" disabled=\\\"true\\\" type=\\\"button\\\" value=\\\"productName\\\"> doc resource document\", \"isSetValue\": false, \"dataElementType\": \"string\", \"componentConfigId\": \"97f586d6-9d53-4a77-a825-1fd1eba89340\", \"componentConfigName\": \"Map\"}], \"mapCondition\": {\"isConditionSet\": false, \"sourceTreeIndex\": [], \"targetTreeIndex\": [], \"mapConditionFormValue\": {}}, \"dataElementType\": \"string\", \"variableSubstitution\": true, \"overwritePipelineValue\": false}]}, {\"/UpdateProductDocumentation-ServiceOutput/responseToolText\": [{\"type\": \"setValue\", \"order\": 1, \"target\": {\"path\": \"/UpdateProductDocumentation-ServiceOutput/responseToolText\", \"order\": 1, \"title\": \"responseToolText\", \"dataElementType\": \"string\"}, \"values\": [{\"id\": \"83942f80-568e-439c-9c8a-dc71292bea9b\", \"key\": \"/UpdateProductDocumentation-ServiceOutput/responseToolText\", \"type\": \"node\", \"order\": 1, \"title\": \"responseToolText\", \"children\": [], \"setValue\": null, \"editAllow\": true, \"uiElement\": \"There was a problem updating the documentation for product: <input _ngcontent-ng-c393407261=\\\"\\\" class=\\\"chip\\\" title=\\\"/UpdateProductDocumentation-ServiceInput/productName\\\" readonly=\\\"true\\\" disabled=\\\"true\\\" type=\\\"button\\\" value=\\\"productName\\\">\", \"isSetValue\": false, \"childrenSet\": false, \"hasChildren\": false, \"dataElementType\": \"string\", \"encryption_required\": false}], \"mapCondition\": {\"isConditionSet\": false, \"sourceTreeIndex\": [], \"targetTreeIndex\": [], \"mapConditionFormValue\": {}}, \"dataElementType\": \"string\", \"variableSubstitution\": true, \"overwritePipelineValue\": false}]}], \"tracks\": {}, \"transformer\": [{\"inputs\": {\"/CONVERSION_BASE64_DECODE_INPUT/inputString\": [{\"type\": \"map\", \"source\": {\"path\": \"/UpdateProductDocumentation-ServiceInput/documentMarkdownContents\", \"title\": \"documentMarkdownContents\", \"dataElementType\": \"string\"}, \"target\": {\"path\": \"/CONVERSION_BASE64_DECODE_INPUT/inputString\", \"title\": \"inputString\", \"dataElementType\": \"string\"}, \"mapCondition\": {\"isConditionSet\": false, \"sourceTreeIndex\": [], \"targetTreeIndex\": [], \"mapConditionFormValue\": {}}}]}, \"outputs\": {\"/MyVars/documentMarkdownContentsB64Decode\": [{\"type\": \"map\", \"source\": {\"path\": \"/CONVERSION_BASE64_DECODE_OUTPUT/output\", \"title\": \"output\", \"dataElementType\": \"string\"}, \"target\": {\"path\": \"/MyVars/documentMarkdownContentsB64Decode\", \"order\": 1, \"title\": \"documentMarkdownContentsB64Decode\", \"dataElementType\": \"string\"}, \"mapCondition\": {\"isConditionSet\": false, \"sourceTreeIndex\": [], \"targetTreeIndex\": [], \"mapConditionFormValue\": {}}}]}, \"functionInfo\": {\"id\": \"d195a817-b6c3-4802-8063-82deeb793124\", \"name\": \"Base64Decode\", \"category\": {\"id\": \"1dca8781-e7cf-46ce-a075-c7d75923253e\"}, \"internalName\": \"CONVERSION_BASE64_DECODE\"}}]}",
    "null" : false
  },
  "endpoint_structure_json" : {
    "type" : "jsonb",
    "value" : "{\"maps\": []}",
    "null" : false
  },
  "is_error" : false,
  "no_of_errors" : 0,
  "action_input_type" : null,
  "config_service_id" : null,
  "config_imap_id" : null,
  "config_b2b_document_type_id" : null,
  "config_document_id" : null,
  "add_variables" : {
    "type" : "jsonb",
    "value" : "[{\"id\": \"8f5f750f-2a53-4280-8af8-42d7a8819341\", \"key\": \"/MyVars\", \"type\": \"node\", \"order\": 1, \"title\": \"MyVars\", \"value\": {\"type\": \"array\"}, \"children\": [{\"id\": \"92459439-e19f-4abe-9e0f-105e4ee20e94\", \"key\": \"/MyVars/resourceName\", \"type\": \"node\", \"order\": 1, \"title\": \"resourceName\", \"value\": {\"type\": \"string\"}, \"children\": [], \"editAllow\": true, \"dataElementType\": \"string\", \"componentConfigId\": \"97f586d6-9d53-4a77-a825-1fd1eba89340\", \"componentConfigName\": \"Map\"}, {\"id\": \"afe64cdf-5d91-45c8-9af5-0de10caf59bf\", \"key\": \"/MyVars/resourceTitle\", \"type\": \"node\", \"order\": 1, \"title\": \"resourceTitle\", \"value\": {\"type\": \"string\"}, \"children\": [], \"editAllow\": true, \"componentName\": \"Declare vars and set response tool type\", \"dataElementType\": \"string\", \"componentConfigId\": \"97f586d6-9d53-4a77-a825-1fd1eba89340\", \"componentConfigName\": \"Map\"}, {\"id\": \"52b3586c-7c3c-400d-bb49-53ee7e8aa5c3\", \"key\": \"/MyVars/docName\", \"type\": \"node\", \"order\": 1, \"title\": \"docName\", \"value\": {\"type\": \"string\"}, \"children\": [], \"editAllow\": true, \"componentName\": \"Declare vars and set response tool type\", \"dataElementType\": \"string\", \"componentConfigId\": \"97f586d6-9d53-4a77-a825-1fd1eba89340\", \"componentConfigName\": \"Map\"}, {\"id\": \"9e913ad8-e0ad-4f83-93ce-21b846e43ccc\", \"key\": \"/MyVars/docTitle\", \"type\": \"node\", \"order\": 1, \"title\": \"docTitle\", \"value\": {\"type\": \"string\"}, \"children\": [], \"editAllow\": true, \"componentName\": \"Declare vars and set response tool type\", \"dataElementType\": \"string\", \"componentConfigId\": \"97f586d6-9d53-4a77-a825-1fd1eba89340\", \"componentConfigName\": \"Map\"}, {\"id\": \"c793dbd0-c8e1-4e7f-a707-1ba17c2b8582\", \"key\": \"/MyVars/documentMarkdownContentsB64Decode\", \"type\": \"node\", \"order\": 1, \"title\": \"documentMarkdownContentsB64Decode\", \"value\": {\"type\": \"string\"}, \"children\": [], \"editAllow\": true, \"componentName\": \"Declare vars and set response tool type\", \"dataElementType\": \"string\", \"componentConfigId\": \"97f586d6-9d53-4a77-a825-1fd1eba89340\", \"componentConfigName\": \"Map\"}], \"editAllow\": true, \"componentName\": \"Declare vars and set response tool type\", \"dataElementType\": \"document\", \"componentConfigId\": \"97f586d6-9d53-4a77-a825-1fd1eba89340\", \"componentConfigName\": \"Map\"}]",
    "null" : false
  },
  "drop_variables" : {
    "type" : "jsonb",
    "value" : "[]",
    "null" : false
  },
  "plug_input_structure" : null,
  "plug_output_structure" : null,
  "config_plug_id" : null,
  "override_plug" : false,
  "config_java_service_id" : null,
  "service_tag" : "V17",
  "endpoint_tag" : null,
  "config_service_tag" : "",
  "config_imap_tag" : "",
  "config_b2b_document_type_tag" : "",
  "active" : false,
  "parent_component_config_service_tag" : "V17",
  "service_project_id" : "27edbc36-f404-4005-832a-6f6f32f16f6e",
  "service_project_tag" : "V17",
  "config_service_project_id" : null,
  "config_service_project_tag" : "",
  "config_imap_project_id" : null,
  "config_imap_project_tag" : "",
  "config_b2b_document_type_project_id" : null,
  "config_b2b_document_type_project_tag" : "",
  "endpoint_project_id" : null,
  "endpoint_project_tag" : null,
  "config_plug_tag" : null,
  "config_plug_project_id" : null,
  "config_plug_project_tag" : null,
  "config_java_service_tag" : "",
  "config_java_service_project_id" : null,
  "config_java_service_project_tag" : "",
  "disabled" : false,
  "config" : null,
  "config_b2b_document_type_project_mode_id" : "112c1cb8-4b9e-4d1a-a042-0bd031dc7d05",
  "config_imap_project_mode_id" : "112c1cb8-4b9e-4d1a-a042-0bd031dc7d05",
  "config_java_service_project_mode_id" : "112c1cb8-4b9e-4d1a-a042-0bd031dc7d05",
  "config_plug_project_mode_id" : "112c1cb8-4b9e-4d1a-a042-0bd031dc7d05",
  "config_service_project_mode_id" : "112c1cb8-4b9e-4d1a-a042-0bd031dc7d05",
  "endpoint_project_mode_id" : "112c1cb8-4b9e-4d1a-a042-0bd031dc7d05",
  "service_project_mode_id" : "112c1cb8-4b9e-4d1a-a042-0bd031dc7d05",
  "parent_component_config_service_project_mode_id" : "112c1cb8-4b9e-4d1a-a042-0bd031dc7d05",
  "is_audit" : true,
  "keys_with_order" : null
}