{
  "component_config_id" : "38865f77-2a5d-4262-945a-8812cd6fba36",
  "endpoint_config_json" : {
    "type" : "jsonb",
    "value" : "{\"crossRef\": [], \"services\": [], \"multistep\": [], \"operations\": []}",
    "null" : false
  },
  "input_config_json" : {
    "type" : "jsonb",
    "value" : "{\"crossRef\": [], \"services\": [], \"multistep\": [], \"operations\": [{\"map\": {\"id\": \"82ed7d4b-8c17-4cae-805a-88922b48df27\", \"root\": false, \"type\": \"setValue\", \"cached\": false, \"target\": \"/exitFrom\", \"mapNull\": false, \"disabled\": false, \"extractXml\": false, \"extractJson\": false, \"targetOrder\": 1.0, \"targetValue\": \"Service\", \"mapEmptyString\": false, \"targetJavaType\": \"java.lang.String\", \"variableSubstitution\": false}}]}",
    "null" : false
  },
  "output_config_json" : {
    "type" : "jsonb",
    "value" : "{\"crossRef\": [], \"services\": [], \"multistep\": [], \"operations\": []}",
    "null" : false
  },
  "component_id" : "bc549208-b3a7-49f3-b4b8-842fdb09fa1e",
  "service_id" : "98dd99ca-9b24-4f83-ae8e-96c2c199c011",
  "endpoint_id" : null,
  "parent_component_config_id" : "321a86ea-f549-4730-a6d7-ec86d018d104",
  "component_config_order" : 4.0,
  "action_id" : "ee6c3c11-8fe4-487a-911b-a823efd43873",
  "name" : "Exit service",
  "description" : "",
  "override_endpoint" : false,
  "input_structure_json" : {
    "type" : "jsonb",
    "value" : "{\"maps\": [{\"/exitFrom\": [{\"type\": \"setValue\", \"target\": {\"path\": \"/exitFrom\", \"order\": 1, \"title\": \"exitFrom\", \"dataElementType\": \"string\"}, \"values\": [{\"id\": \"cf249e98-ffa5-488e-a4e2-f28f16ae08c8\", \"key\": \"/exitFrom\", \"type\": \"object\", \"order\": 1, \"title\": \"exitFrom\", \"children\": [], \"setValue\": \"Service\", \"entityType\": \"component_action\", \"isSetValue\": false, \"hasChildren\": false, \"isChildrenSet\": false, \"dataElementType\": \"string\", \"allRequiredNodes\": [\"/exitFrom\"], \"encryption_required\": false}], \"mapCondition\": {\"isConditionSet\": false, \"sourceTreeIndex\": [], \"targetTreeIndex\": [], \"mapConditionFormValue\": {}}, \"variableSubstitution\": false, \"overwritePipelineValue\": false}]}], \"mappedNodes\": [\"/exitFrom actionIn\"]}",
    "null" : false
  },
  "output_structure_json" : {
    "type" : "jsonb",
    "value" : "{\"maps\": [], \"tracks\": {}, \"transformer\": []}",
    "null" : false
  },
  "endpoint_structure_json" : {
    "type" : "jsonb",
    "value" : "{\"maps\": []}",
    "null" : false
  },
  "is_error" : false,
  "no_of_errors" : 0,
  "action_input_type" : null,
  "config_service_id" : null,
  "config_imap_id" : null,
  "config_b2b_document_type_id" : null,
  "config_document_id" : null,
  "add_variables" : {
    "type" : "jsonb",
    "value" : "[]",
    "null" : false
  },
  "drop_variables" : {
    "type" : "jsonb",
    "value" : "[]",
    "null" : false
  },
  "plug_input_structure" : null,
  "plug_output_structure" : null,
  "config_plug_id" : null,
  "override_plug" : false,
  "config_java_service_id" : null,
  "service_tag" : "V17",
  "endpoint_tag" : null,
  "config_service_tag" : "",
  "config_imap_tag" : "",
  "config_b2b_document_type_tag" : "",
  "active" : false,
  "parent_component_config_service_tag" : "V17",
  "service_project_id" : "27edbc36-f404-4005-832a-6f6f32f16f6e",
  "service_project_tag" : "V17",
  "config_service_project_id" : null,
  "config_service_project_tag" : "",
  "config_imap_project_id" : null,
  "config_imap_project_tag" : "",
  "config_b2b_document_type_project_id" : null,
  "config_b2b_document_type_project_tag" : "",
  "endpoint_project_id" : null,
  "endpoint_project_tag" : null,
  "config_plug_tag" : null,
  "config_plug_project_id" : null,
  "config_plug_project_tag" : null,
  "config_java_service_tag" : "",
  "config_java_service_project_id" : null,
  "config_java_service_project_tag" : "",
  "disabled" : false,
  "config" : null,
  "config_b2b_document_type_project_mode_id" : "112c1cb8-4b9e-4d1a-a042-0bd031dc7d05",
  "config_imap_project_mode_id" : "112c1cb8-4b9e-4d1a-a042-0bd031dc7d05",
  "config_java_service_project_mode_id" : "112c1cb8-4b9e-4d1a-a042-0bd031dc7d05",
  "config_plug_project_mode_id" : "112c1cb8-4b9e-4d1a-a042-0bd031dc7d05",
  "config_service_project_mode_id" : "112c1cb8-4b9e-4d1a-a042-0bd031dc7d05",
  "endpoint_project_mode_id" : "112c1cb8-4b9e-4d1a-a042-0bd031dc7d05",
  "service_project_mode_id" : "112c1cb8-4b9e-4d1a-a042-0bd031dc7d05",
  "parent_component_config_service_project_mode_id" : "112c1cb8-4b9e-4d1a-a042-0bd031dc7d05",
  "is_audit" : true,
  "keys_with_order" : null
}