{
  "component_config_id" : "4947445b-9010-4080-845c-259a406c8782",
  "endpoint_config_json" : {
    "type" : "jsonb",
    "value" : "{\"crossRef\": [], \"services\": [], \"multistep\": [], \"operations\": []}",
    "null" : false
  },
  "input_config_json" : {
    "type" : "jsonb",
    "value" : "{\"crossRef\": [], \"services\": [], \"multistep\": [], \"operations\": []}",
    "null" : false
  },
  "output_config_json" : {
    "type" : "jsonb",
    "value" : "{\"crossRef\": [], \"services\": [], \"multistep\": [], \"operations\": [{\"transformer\": {\"id\": \"3027099f-b919-4f5c-ac52-167030a0e24b\", \"name\": \"ADVANCED_GET_ENVIRONMENT_PROPERTY\", \"type\": \"Advanced\", \"query\": null, \"inputs\": [{\"id\": \"a993f73d-ed31-4de0-9880-46382c349d97\", \"root\": false, \"type\": \"setValue\", \"cached\": false, \"target\": \"/ADVANCED_GET_ENVIRONMENT_PROPERTY_INPUT/key\", \"mapNull\": false, \"disabled\": false, \"extractXml\": false, \"extractJson\": false, \"targetValue\": \"AMPLIFY_APICENTRAL_BASE_URL\", \"mapEmptyString\": false, \"targetJavaType\": \"java.lang.String\", \"variableSubstitution\": false}], \"outputs\": [{\"id\": \"84d274b7-769a-4ee5-b3e9-55820f0c8f5e\", \"root\": false, \"type\": \"map\", \"cached\": false, \"source\": \"/ADVANCED_GET_ENVIRONMENT_PROPERTY_OUTPUT/value\", \"target\": \"/GetAPICentralBaseURLOutput/amplifyAPICentralBaseURL\", \"mapNull\": false, \"disabled\": false, \"extractXml\": false, \"extractJson\": false, \"targetOrder\": 1.0, \"mapEmptyString\": false, \"sourceJavaType\": \"java.lang.String\", \"targetJavaType\": \"java.lang.String\"}], \"tableId\": null, \"configId\": null, \"disabled\": false, \"serviceId\": null, \"expression\": null}}]}",
    "null" : false
  },
  "component_id" : "8ac5fe03-27a2-4e6a-a449-6a8893818223",
  "service_id" : "c69b031c-d206-4353-92fc-291734efffc1",
  "endpoint_id" : null,
  "parent_component_config_id" : null,
  "component_config_order" : 1.0,
  "action_id" : "06843b78-eab0-45da-afab-8c8277d7553f",
  "name" : "Get APICentral Base URL from env props",
  "description" : "",
  "override_endpoint" : false,
  "input_structure_json" : {
    "type" : "jsonb",
    "value" : "{\"maps\": [], \"mappedNodes\": [\"/ADVANCED_GET_ENVIRONMENT_PROPERTY_INPUT/key\", \"/ADVANCED_GET_ENVIRONMENT_PROPERTY_INPUT\", \"/ADVANCED_GET_ENVIRONMENT_PROPERTY_OUTPUT/value0\", \"/GetAPICentralBaseURLOutput/amplifyAPICentralBaseURLpipeOut\"]}",
    "null" : false
  },
  "output_structure_json" : {
    "type" : "jsonb",
    "value" : "{\"maps\": [], \"tracks\": {}, \"transformer\": [{\"inputs\": {\"/ADVANCED_GET_ENVIRONMENT_PROPERTY_INPUT/key\": [{\"type\": \"setValue\", \"target\": {\"path\": \"/ADVANCED_GET_ENVIRONMENT_PROPERTY_INPUT/key\", \"order\": \"\", \"title\": \"key\", \"dataElementType\": \"string\"}, \"values\": [{\"id\": \"546f10c6-3edb-41a5-a0b6-0a0f6f36730d\", \"key\": \"/ADVANCED_GET_ENVIRONMENT_PROPERTY_INPUT/key\", \"type\": \"string\", \"title\": \"key\", \"isLeaf\": true, \"secret\": false, \"children\": [], \"setValue\": null, \"uiElement\": \"AMPLIFY_APICENTRAL_BASE_URL\", \"isSetValue\": false, \"dataElementType\": \"string\"}], \"mapCondition\": {\"isConditionSet\": false, \"sourceTreeIndex\": [], \"targetTreeIndex\": [], \"mapConditionFormValue\": {}}, \"variableSubstitution\": false, \"overwritePipelineValue\": false}]}, \"outputs\": {\"/GetAPICentralBaseURLOutput/amplifyAPICentralBaseURL\": [{\"type\": \"map\", \"source\": {\"path\": \"/ADVANCED_GET_ENVIRONMENT_PROPERTY_OUTPUT/value\", \"title\": \"value\", \"dataElementType\": \"string\"}, \"target\": {\"path\": \"/GetAPICentralBaseURLOutput/amplifyAPICentralBaseURL\", \"order\": 1, \"title\": \"amplifyAPICentralBaseURL\", \"dataElementType\": \"string\"}, \"mapCondition\": {\"isConditionSet\": false, \"sourceTreeIndex\": [], \"targetTreeIndex\": [], \"mapConditionFormValue\": {}}}]}, \"functionInfo\": {\"id\": \"04238aa7-8aa1-4a2f-b581-ea49c658ad4c\", \"name\": \"GetEnvironmentProperty\", \"category\": {\"id\": \"abba5eaf-7353-4234-b15f-ef0841af9872\"}, \"internalName\": \"ADVANCED_GET_ENVIRONMENT_PROPERTY\"}}]}",
    "null" : false
  },
  "endpoint_structure_json" : {
    "type" : "jsonb",
    "value" : "{\"maps\": []}",
    "null" : false
  },
  "is_error" : false,
  "no_of_errors" : 0,
  "action_input_type" : null,
  "config_service_id" : null,
  "config_imap_id" : null,
  "config_b2b_document_type_id" : null,
  "config_document_id" : null,
  "add_variables" : {
    "type" : "jsonb",
    "value" : "[]",
    "null" : false
  },
  "drop_variables" : {
    "type" : "jsonb",
    "value" : "[]",
    "null" : false
  },
  "plug_input_structure" : null,
  "plug_output_structure" : null,
  "config_plug_id" : null,
  "override_plug" : false,
  "config_java_service_id" : null,
  "service_tag" : "V17",
  "endpoint_tag" : null,
  "config_service_tag" : "",
  "config_imap_tag" : "",
  "config_b2b_document_type_tag" : "",
  "active" : false,
  "parent_component_config_service_tag" : "V17",
  "service_project_id" : "27edbc36-f404-4005-832a-6f6f32f16f6e",
  "service_project_tag" : "V17",
  "config_service_project_id" : null,
  "config_service_project_tag" : "",
  "config_imap_project_id" : null,
  "config_imap_project_tag" : "",
  "config_b2b_document_type_project_id" : null,
  "config_b2b_document_type_project_tag" : "",
  "endpoint_project_id" : null,
  "endpoint_project_tag" : null,
  "config_plug_tag" : null,
  "config_plug_project_id" : null,
  "config_plug_project_tag" : null,
  "config_java_service_tag" : "",
  "config_java_service_project_id" : null,
  "config_java_service_project_tag" : "",
  "disabled" : false,
  "config" : null,
  "config_b2b_document_type_project_mode_id" : "112c1cb8-4b9e-4d1a-a042-0bd031dc7d05",
  "config_imap_project_mode_id" : "112c1cb8-4b9e-4d1a-a042-0bd031dc7d05",
  "config_java_service_project_mode_id" : "112c1cb8-4b9e-4d1a-a042-0bd031dc7d05",
  "config_plug_project_mode_id" : "112c1cb8-4b9e-4d1a-a042-0bd031dc7d05",
  "config_service_project_mode_id" : "112c1cb8-4b9e-4d1a-a042-0bd031dc7d05",
  "endpoint_project_mode_id" : "112c1cb8-4b9e-4d1a-a042-0bd031dc7d05",
  "service_project_mode_id" : "112c1cb8-4b9e-4d1a-a042-0bd031dc7d05",
  "parent_component_config_service_project_mode_id" : "112c1cb8-4b9e-4d1a-a042-0bd031dc7d05",
  "is_audit" : true,
  "keys_with_order" : null
}