{
  "document_type_id" : "e743a1cc-a995-4d98-88ac-f30c72745864",
  "name" : "CreateProductResourceResponseBody",
  "description" : null,
  "version" : null,
  "business_document_type_id" : null,
  "document_format_id" : "edc154a0-55fc-11e9-8647-d663bd873d93",
  "root_tag" : null,
  "structure" : {
    "type" : "jsonb",
    "value" : "[{\"key\": \"/group\", \"type\": \"string\", \"order\": 1.0, \"title\": \"group\", \"value\": {\"type\": \"string\", \"requiredFlag\": false}, \"isLeaf\": true, \"childrenSet\": false, \"hasChildren\": false, \"dataElementType\": \"string\", \"encryption_required\": false}, {\"key\": \"/apiVersion\", \"type\": \"string\", \"order\": 2.0, \"title\": \"apiVersion\", \"value\": {\"type\": \"string\", \"requiredFlag\": false}, \"isLeaf\": true, \"childrenSet\": false, \"hasChildren\": false, \"dataElementType\": \"string\", \"encryption_required\": false}, {\"key\": \"/kind\", \"type\": \"string\", \"order\": 3.0, \"title\": \"kind\", \"value\": {\"type\": \"string\", \"requiredFlag\": false}, \"isLeaf\": true, \"childrenSet\": false, \"hasChildren\": false, \"dataElementType\": \"string\", \"encryption_required\": false}, {\"key\": \"/name\", \"type\": \"string\", \"order\": 4.0, \"title\": \"name\", \"value\": {\"type\": \"string\", \"requiredFlag\": false}, \"isLeaf\": true, \"childrenSet\": false, \"hasChildren\": false, \"dataElementType\": \"string\", \"encryption_required\": false}, {\"key\": \"/title\", \"type\": \"string\", \"order\": 5.0, \"title\": \"title\", \"value\": {\"type\": \"string\", \"requiredFlag\": false}, \"isLeaf\": true, \"childrenSet\": false, \"hasChildren\": false, \"dataElementType\": \"string\", \"encryption_required\": false}, {\"key\": \"/metadata\", \"type\": \"object\", \"order\": 6.0, \"title\": \"metadata\", \"value\": {\"type\": \"object\", \"requiredFlag\": false}, \"isLeaf\": false, \"children\": [{\"key\": \"/metadata/id\", \"type\": \"string\", \"order\": 7.0, \"title\": \"id\", \"value\": {\"type\": \"string\", \"requiredFlag\": false}, \"isLeaf\": true, \"childrenSet\": false, \"hasChildren\": false, \"dataElementType\": \"string\", \"encryption_required\": false}, {\"key\": \"/metadata/audit\", \"type\": \"object\", \"order\": 8.0, \"title\": \"audit\", \"value\": {\"type\": \"object\", \"requiredFlag\": false}, \"isLeaf\": false, \"children\": [{\"key\": \"/metadata/audit/createTimestamp\", \"type\": \"string\", \"order\": 9.0, \"title\": \"createTimestamp\", \"value\": {\"type\": \"string\", \"requiredFlag\": false}, \"isLeaf\": true, \"childrenSet\": false, \"hasChildren\": false, \"dataElementType\": \"string\", \"encryption_required\": false}, {\"key\": \"/metadata/audit/createUserId\", \"type\": \"string\", \"order\": 10.0, \"title\": \"createUserId\", \"value\": {\"type\": \"string\", \"requiredFlag\": false}, \"isLeaf\": true, \"childrenSet\": false, \"hasChildren\": false, \"dataElementType\": \"string\", \"encryption_required\": false}, {\"key\": \"/metadata/audit/modifyTimestamp\", \"type\": \"string\", \"order\": 11.0, \"title\": \"modifyTimestamp\", \"value\": {\"type\": \"string\", \"requiredFlag\": false}, \"isLeaf\": true, \"childrenSet\": false, \"hasChildren\": false, \"dataElementType\": \"string\", \"encryption_required\": false}, {\"key\": \"/metadata/audit/modifyUserId\", \"type\": \"string\", \"order\": 12.0, \"title\": \"modifyUserId\", \"value\": {\"type\": \"string\", \"requiredFlag\": false}, \"isLeaf\": true, \"childrenSet\": false, \"hasChildren\": false, \"dataElementType\": \"string\", \"encryption_required\": false}], \"childrenSet\": false, \"hasChildren\": false, \"dataElementType\": \"document\", \"encryption_required\": false}, {\"key\": \"/metadata/scope\", \"type\": \"object\", \"order\": 13.0, \"title\": \"scope\", \"value\": {\"type\": \"object\", \"requiredFlag\": false}, \"isLeaf\": false, \"children\": [{\"key\": \"/metadata/scope/id\", \"type\": \"string\", \"order\": 14.0, \"title\": \"id\", \"value\": {\"type\": \"string\", \"requiredFlag\": false}, \"isLeaf\": true, \"childrenSet\": false, \"hasChildren\": false, \"dataElementType\": \"string\", \"encryption_required\": false}, {\"key\": \"/metadata/scope/kind\", \"type\": \"string\", \"order\": 15.0, \"title\": \"kind\", \"value\": {\"type\": \"string\", \"requiredFlag\": false}, \"isLeaf\": true, \"childrenSet\": false, \"hasChildren\": false, \"dataElementType\": \"string\", \"encryption_required\": false}, {\"key\": \"/metadata/scope/name\", \"type\": \"string\", \"order\": 16.0, \"title\": \"name\", \"value\": {\"type\": \"string\", \"requiredFlag\": false}, \"isLeaf\": true, \"childrenSet\": false, \"hasChildren\": false, \"dataElementType\": \"string\", \"encryption_required\": false}, {\"key\": \"/metadata/scope/title\", \"type\": \"string\", \"order\": 17.0, \"title\": \"title\", \"value\": {\"type\": \"string\", \"requiredFlag\": false}, \"isLeaf\": true, \"childrenSet\": false, \"hasChildren\": false, \"dataElementType\": \"string\", \"encryption_required\": false}, {\"key\": \"/metadata/scope/selfLink\", \"type\": \"string\", \"order\": 18.0, \"title\": \"selfLink\", \"value\": {\"type\": \"string\", \"requiredFlag\": false}, \"isLeaf\": true, \"childrenSet\": false, \"hasChildren\": false, \"dataElementType\": \"string\", \"encryption_required\": false}, {\"key\": \"/metadata/scope/owner\", \"type\": \"object\", \"order\": 19.0, \"title\": \"owner\", \"value\": {\"type\": \"object\", \"requiredFlag\": false}, \"isLeaf\": false, \"children\": [{\"key\": \"/metadata/scope/owner/type\", \"type\": \"string\", \"order\": 20.0, \"title\": \"type\", \"value\": {\"type\": \"string\", \"requiredFlag\": false}, \"isLeaf\": true, \"childrenSet\": false, \"hasChildren\": false, \"dataElementType\": \"string\", \"encryption_required\": false}, {\"key\": \"/metadata/scope/owner/id\", \"type\": \"string\", \"order\": 21.0, \"title\": \"id\", \"value\": {\"type\": \"string\", \"requiredFlag\": false}, \"isLeaf\": true, \"childrenSet\": false, \"hasChildren\": false, \"dataElementType\": \"string\", \"encryption_required\": false}], \"childrenSet\": false, \"hasChildren\": false, \"dataElementType\": \"document\", \"encryption_required\": false}], \"childrenSet\": false, \"hasChildren\": false, \"dataElementType\": \"document\", \"encryption_required\": false}, {\"key\": \"/metadata/acl[]\", \"type\": \"array\", \"order\": 22.0, \"title\": \"acl\", \"value\": {\"type\": \"array\", \"requiredFlag\": false}, \"isLeaf\": false, \"childrenSet\": false, \"hasChildren\": false, \"dataElementType\": \"objectArray\", \"encryption_required\": false}, {\"key\": \"/metadata/accessRights\", \"type\": \"object\", \"order\": 23.0, \"title\": \"accessRights\", \"value\": {\"type\": \"object\", \"requiredFlag\": false}, \"isLeaf\": false, \"children\": [{\"key\": \"/metadata/accessRights/canChangeOwner\", \"type\": \"boolean\", \"order\": 24.0, \"title\": \"canChangeOwner\", \"value\": {\"type\": \"boolean\", \"requiredFlag\": false}, \"isLeaf\": true, \"childrenSet\": false, \"hasChildren\": false, \"dataElementType\": \"boolean\", \"encryption_required\": false}, {\"key\": \"/metadata/accessRights/canDelete\", \"type\": \"boolean\", \"order\": 25.0, \"title\": \"canDelete\", \"value\": {\"type\": \"boolean\", \"requiredFlag\": false}, \"isLeaf\": true, \"childrenSet\": false, \"hasChildren\": false, \"dataElementType\": \"boolean\", \"encryption_required\": false}, {\"key\": \"/metadata/accessRights/canWrite\", \"type\": \"boolean\", \"order\": 26.0, \"title\": \"canWrite\", \"value\": {\"type\": \"boolean\", \"requiredFlag\": false}, \"isLeaf\": true, \"childrenSet\": false, \"hasChildren\": false, \"dataElementType\": \"boolean\", \"encryption_required\": false}, {\"key\": \"/metadata/accessRights/canRead\", \"type\": \"boolean\", \"order\": 27.0, \"title\": \"canRead\", \"value\": {\"type\": \"boolean\", \"requiredFlag\": false}, \"isLeaf\": true, \"childrenSet\": false, \"hasChildren\": false, \"dataElementType\": \"boolean\", \"encryption_required\": false}], \"childrenSet\": false, \"hasChildren\": false, \"dataElementType\": \"document\", \"encryption_required\": false}, {\"key\": \"/metadata/resourceVersion\", \"type\": \"string\", \"order\": 28.0, \"title\": \"resourceVersion\", \"value\": {\"type\": \"string\", \"requiredFlag\": false}, \"isLeaf\": true, \"childrenSet\": false, \"hasChildren\": false, \"dataElementType\": \"string\", \"encryption_required\": false}, {\"key\": \"/metadata/references[]\", \"type\": \"array\", \"order\": 29.0, \"title\": \"references\", \"value\": {\"type\": \"array\", \"requiredFlag\": false}, \"isLeaf\": false, \"childrenSet\": false, \"hasChildren\": false, \"dataElementType\": \"objectArray\", \"encryption_required\": false}, {\"key\": \"/metadata/selfLink\", \"type\": \"string\", \"order\": 30.0, \"title\": \"selfLink\", \"value\": {\"type\": \"string\", \"requiredFlag\": false}, \"isLeaf\": true, \"childrenSet\": false, \"hasChildren\": false, \"dataElementType\": \"string\", \"encryption_required\": false}], \"childrenSet\": false, \"hasChildren\": false, \"dataElementType\": \"document\", \"encryption_required\": false}, {\"key\": \"/attributes\", \"type\": \"object\", \"order\": 31.0, \"title\": \"attributes\", \"value\": {\"type\": \"object\", \"requiredFlag\": false}, \"isLeaf\": false, \"childrenSet\": false, \"hasChildren\": false, \"dataElementType\": \"object\", \"encryption_required\": false}, {\"key\": \"/finalizers[]\", \"type\": \"array\", \"order\": 32.0, \"title\": \"finalizers\", \"value\": {\"type\": \"array\", \"requiredFlag\": false}, \"isLeaf\": false, \"childrenSet\": false, \"hasChildren\": false, \"dataElementType\": \"objectArray\", \"encryption_required\": false}, {\"key\": \"/tags[]\", \"type\": \"array\", \"order\": 33.0, \"title\": \"tags\", \"value\": {\"type\": \"array\", \"requiredFlag\": false}, \"isLeaf\": false, \"childrenSet\": false, \"hasChildren\": false, \"dataElementType\": \"objectArray\", \"encryption_required\": false}, {\"key\": \"/spec\", \"type\": \"object\", \"order\": 34.0, \"title\": \"spec\", \"value\": {\"type\": \"object\", \"requiredFlag\": false}, \"isLeaf\": false, \"children\": [{\"key\": \"/spec/description\", \"type\": \"string\", \"order\": 35.0, \"title\": \"description\", \"value\": {\"type\": \"string\", \"requiredFlag\": false}, \"isLeaf\": true, \"childrenSet\": false, \"hasChildren\": false, \"dataElementType\": \"string\", \"encryption_required\": false}, {\"key\": \"/spec/version\", \"type\": \"string\", \"order\": 36.0, \"title\": \"version\", \"value\": {\"type\": \"string\", \"requiredFlag\": false}, \"isLeaf\": true, \"childrenSet\": false, \"hasChildren\": false, \"dataElementType\": \"string\", \"encryption_required\": false}, {\"key\": \"/spec/fileType\", \"type\": \"string\", \"order\": 37.0, \"title\": \"fileType\", \"value\": {\"type\": \"string\", \"requiredFlag\": false}, \"isLeaf\": true, \"childrenSet\": false, \"hasChildren\": false, \"dataElementType\": \"string\", \"encryption_required\": false}, {\"key\": \"/spec/contentType\", \"type\": \"string\", \"order\": 38.0, \"title\": \"contentType\", \"value\": {\"type\": \"string\", \"requiredFlag\": false}, \"isLeaf\": true, \"childrenSet\": false, \"hasChildren\": false, \"dataElementType\": \"string\", \"encryption_required\": false}, {\"key\": \"/spec/data\", \"type\": \"object\", \"order\": 39.0, \"title\": \"data\", \"value\": {\"type\": \"object\", \"requiredFlag\": false}, \"isLeaf\": false, \"children\": [{\"key\": \"/spec/data/type\", \"type\": \"string\", \"order\": 40.0, \"title\": \"type\", \"value\": {\"type\": \"string\", \"requiredFlag\": false}, \"isLeaf\": true, \"childrenSet\": false, \"hasChildren\": false, \"dataElementType\": \"string\", \"encryption_required\": false}, {\"key\": \"/spec/data/content\", \"type\": \"string\", \"order\": 41.0, \"title\": \"content\", \"value\": {\"type\": \"string\", \"requiredFlag\": false}, \"isLeaf\": true, \"childrenSet\": false, \"hasChildren\": false, \"dataElementType\": \"string\", \"encryption_required\": false}], \"childrenSet\": false, \"hasChildren\": false, \"dataElementType\": \"document\", \"encryption_required\": false}], \"childrenSet\": false, \"hasChildren\": false, \"dataElementType\": \"document\", \"encryption_required\": false}]",
    "null" : false
  },
  "key_fields" : null,
  "schema" : {
    "type" : "json",
    "value" : "{\"$id\":\"CreateProductResourceResponseBody\",\"$schema\":\"http://json-schema.org/draft-07/schema#\",\"type\":\"object\",\"properties\":{\"group\":{\"type\":\"string\",\"title\":\"group\",\"default\":\"\",\"examples\":[\"catalog\"],\"properties\":{},\"pattern\":\"^(.*)$\"},\"apiVersion\":{\"type\":\"string\",\"title\":\"apiVersion\",\"default\":\"\",\"examples\":[\"v1alpha1\"],\"properties\":{},\"pattern\":\"^(.*)$\"},\"kind\":{\"type\":\"string\",\"title\":\"kind\",\"default\":\"\",\"examples\":[\"Resource\"],\"properties\":{},\"pattern\":\"^(.*)$\"},\"name\":{\"type\":\"string\",\"title\":\"name\",\"default\":\"\",\"examples\":[\"trans-doc-res\"],\"properties\":{},\"pattern\":\"^(.*)$\"},\"title\":{\"type\":\"string\",\"title\":\"title\",\"default\":\"\",\"examples\":[\"Translate doc resource\"],\"properties\":{},\"pattern\":\"^(.*)$\"},\"metadata\":{\"type\":\"object\",\"title\":\"metadata\",\"properties\":{\"id\":{\"type\":\"string\",\"title\":\"id\",\"default\":\"\",\"examples\":[\"8a2e96aa9ab546f4019ac075298a294e\"],\"properties\":{},\"pattern\":\"^(.*)$\"},\"audit\":{\"type\":\"object\",\"title\":\"audit\",\"properties\":{\"createTimestamp\":{\"type\":\"string\",\"title\":\"createTimestamp\",\"default\":\"\",\"examples\":[\"2025-11-26T13:58:15.178+0000\"],\"properties\":{},\"pattern\":\"^(.*)$\"},\"createUserId\":{\"type\":\"string\",\"title\":\"createUserId\",\"default\":\"\",\"examples\":[\"service-account-ddb8019f-aa75-447a-939b-4b426ac89603\"],\"properties\":{},\"pattern\":\"^(.*)$\"},\"modifyTimestamp\":{\"type\":\"string\",\"title\":\"modifyTimestamp\",\"default\":\"\",\"examples\":[\"2025-11-26T13:58:15.178+0000\"],\"properties\":{},\"pattern\":\"^(.*)$\"},\"modifyUserId\":{\"type\":\"string\",\"title\":\"modifyUserId\",\"default\":\"\",\"examples\":[\"service-account-ddb8019f-aa75-447a-939b-4b426ac89603\"],\"properties\":{},\"pattern\":\"^(.*)$\"}}},\"scope\":{\"type\":\"object\",\"title\":\"scope\",\"properties\":{\"id\":{\"type\":\"string\",\"title\":\"id\",\"default\":\"\",\"examples\":[\"8a2e96aa9ab546f4019abb4d6a9c08c7\"],\"properties\":{},\"pattern\":\"^(.*)$\"},\"kind\":{\"type\":\"string\",\"title\":\"kind\",\"default\":\"\",\"examples\":[\"Product\"],\"properties\":{},\"pattern\":\"^(.*)$\"},\"name\":{\"type\":\"string\",\"title\":\"name\",\"default\":\"\",\"examples\":[\"translate\"],\"properties\":{},\"pattern\":\"^(.*)$\"},\"title\":{\"type\":\"string\",\"title\":\"title\",\"default\":\"\",\"examples\":[\"Translate\"],\"properties\":{},\"pattern\":\"^(.*)$\"},\"selfLink\":{\"type\":\"string\",\"title\":\"selfLink\",\"default\":\"\",\"examples\":[\"/catalog/v1/products/translate\"],\"properties\":{},\"pattern\":\"^(.*)$\"},\"owner\":{\"type\":\"object\",\"title\":\"owner\",\"properties\":{\"type\":{\"type\":\"string\",\"title\":\"type\",\"default\":\"\",\"examples\":[\"team\"],\"properties\":{},\"pattern\":\"^(.*)$\"},\"id\":{\"type\":\"string\",\"title\":\"id\",\"default\":\"\",\"examples\":[\"e4ec6c1a69fd0b8e016a22c82fc9170c\"],\"properties\":{},\"pattern\":\"^(.*)$\"}}}}},\"acl\":{\"type\":\"array\",\"properties\":{},\"items\":{\"type\":\"object\",\"properties\":{}}},\"accessRights\":{\"type\":\"object\",\"title\":\"accessRights\",\"properties\":{\"canChangeOwner\":{\"type\":\"boolean\",\"title\":\"canChangeOwner\",\"default\":false,\"examples\":[false,true],\"properties\":{}},\"canDelete\":{\"type\":\"boolean\",\"title\":\"canDelete\",\"default\":false,\"examples\":[false,true],\"properties\":{}},\"canWrite\":{\"type\":\"boolean\",\"title\":\"canWrite\",\"default\":false,\"examples\":[false,true],\"properties\":{}},\"canRead\":{\"type\":\"boolean\",\"title\":\"canRead\",\"default\":false,\"examples\":[false,true],\"properties\":{}}}},\"resourceVersion\":{\"type\":\"string\",\"title\":\"resourceVersion\",\"default\":\"\",\"examples\":[\"0\"],\"properties\":{},\"pattern\":\"^(.*)$\"},\"references\":{\"type\":\"array\",\"properties\":{},\"items\":{\"type\":\"object\",\"properties\":{}}},\"selfLink\":{\"type\":\"string\",\"title\":\"selfLink\",\"default\":\"\",\"examples\":[\"/catalog/v1/products/translate/resources/trans-doc-res\"],\"properties\":{},\"pattern\":\"^(.*)$\"}}},\"attributes\":{\"type\":\"object\",\"properties\":{}},\"finalizers\":{\"type\":\"array\",\"properties\":{},\"items\":{\"type\":\"object\",\"properties\":{}}},\"tags\":{\"type\":\"array\",\"properties\":{},\"items\":{\"type\":\"object\",\"properties\":{}}},\"spec\":{\"type\":\"object\",\"title\":\"spec\",\"properties\":{\"description\":{\"type\":\"string\",\"title\":\"description\",\"default\":\"\",\"examples\":[\"Overview\"],\"properties\":{},\"pattern\":\"^(.*)$\"},\"version\":{\"type\":\"string\",\"title\":\"version\",\"default\":\"\",\"examples\":[\"1.0.1\"],\"properties\":{},\"pattern\":\"^(.*)$\"},\"fileType\":{\"type\":\"string\",\"title\":\"fileType\",\"default\":\"\",\"examples\":[\"markdown\"],\"properties\":{},\"pattern\":\"^(.*)$\"},\"contentType\":{\"type\":\"string\",\"title\":\"contentType\",\"default\":\"\",\"examples\":[\"text/markdown\"],\"properties\":{},\"pattern\":\"^(.*)$\"},\"data\":{\"type\":\"object\",\"title\":\"data\",\"properties\":{\"type\":{\"type\":\"string\",\"title\":\"type\",\"default\":\"\",\"examples\":[\"text\"],\"properties\":{},\"pattern\":\"^(.*)$\"},\"content\":{\"type\":\"string\",\"title\":\"content\",\"default\":\"\",\"examples\":[\"# Translate\\n\\n## Overview\\n\\nThe Translate product provides a powerful language translation API that enables seamless conversion of text content from one language to another. With support for a wide range of languages, this API is ideal for applications requiring multilingual capabilities.\\n\\n## Value Proposition\\n\\nBreaking down language barriers is essential in today's global marketplace. The Translate API empowers developers to build applications that communicate effectively across cultures and regions, enabling businesses to expand their reach and improve user experiences for international audiences.\\n\\n## Key Features\\n\\n- **Text Translation**: Convert text content from any supported source language to a target language\\n- **Language Discovery**: Retrieve a complete list of supported languages with their codes and names\\n- **Translation Settings**: Response includes applied settings for brevity, formality, and profanity handling\\n\\n## Included API\\n\\n### Translate API\\n\\nThe Translate API provides two endpoints for language translation services.\\n\\n#### Translate Text\\n\\nTranslates input text from a source language to a target language.\\n\\n**Endpoint**: `GET /translatetext`\\n\\n**Parameters**:\\n\\n| Parameter | Type | Required | Description |\\n|-----------|------|----------|-------------|\\n| `text` | string | Yes | The text content to translate |\\n| `sourcelanguage` | string | Yes | Language code of the source text |\\n| `targetlanguage` | string | Yes | Language code for the translation output |\\n\\n**Response**:\\n\\n| Field | Type | Description |\\n|-------|------|-------------|\\n| `TranslatedText` | string | The translated text output |\\n| `SourceLanguageCode` | string | The source language code used |\\n| `TargetLanguageCode` | string | The target language code used |\\n| `AppliedSettings` | object | Translation settings applied (Brevity, Formality, Profanity) |\\n\\n#### List Languages\\n\\nReturns all supported languages available for translation.\\n\\n**Endpoint**: `GET /listlanguages`\\n\\n**Response**:\\n\\n| Field | Type | Description |\\n|-------|------|-------------|\\n| `Languages` | array | List of supported languages |\\n| `Languages[].LanguageCode` | string | The language code (e.g., \\\"en\\\", \\\"es\\\", \\\"fr\\\") |\\n| `Languages[].LanguageName` | string | The human-readable language name |\\n\\n## Use Cases\\n\\n### Global E-Commerce\\nEnable product descriptions, reviews, and customer communications in multiple languages to serve international customers without manual translation overhead.\\n\\n### Customer Support\\nAutomatically translate support tickets and chat messages to help agents communicate with customers regardless of language differences.\\n\\n### Content Localization\\nTranslate websi\"],\"properties\":{},\"pattern\":\"^(.*)$\"}}}}}}}",
    "null" : false
  },
  "source_schema" : "{\n    \"group\": \"catalog\",\n    \"apiVersion\": \"v1alpha1\",\n    \"kind\": \"Resource\",\n    \"name\": \"trans-doc-res\",\n    \"title\": \"Translate doc resource\",\n    \"metadata\": {\n        \"id\": \"8a2e96aa9ab546f4019ac075298a294e\",\n        \"audit\": {\n            \"createTimestamp\": \"2025-11-26T13:58:15.178+0000\",\n            \"createUserId\": \"service-account-ddb8019f-aa75-447a-939b-4b426ac89603\",\n            \"modifyTimestamp\": \"2025-11-26T13:58:15.178+0000\",\n            \"modifyUserId\": \"service-account-ddb8019f-aa75-447a-939b-4b426ac89603\"\n        },\n        \"scope\": {\n            \"id\": \"8a2e96aa9ab546f4019abb4d6a9c08c7\",\n            \"kind\": \"Product\",\n            \"name\": \"translate\",\n            \"title\": \"Translate\",\n            \"selfLink\": \"/catalog/v1/products/translate\",\n            \"owner\": {\n                \"type\": \"team\",\n                \"id\": \"e4ec6c1a69fd0b8e016a22c82fc9170c\"\n            }\n        },\n        \"acl\": [],\n        \"accessRights\": {\n            \"canChangeOwner\": true,\n            \"canDelete\": true,\n            \"canWrite\": true,\n            \"canRead\": true\n        },\n        \"resourceVersion\": \"0\",\n        \"references\": [],\n        \"selfLink\": \"/catalog/v1/products/translate/resources/trans-doc-res\"\n    },\n    \"attributes\": {},\n    \"finalizers\": [],\n    \"tags\": [],\n    \"spec\": {\n        \"description\": \"Overview\",\n        \"version\": \"1.0.1\",\n        \"fileType\": \"markdown\",\n        \"contentType\": \"text/markdown\",\n        \"data\": {\n            \"type\": \"text\",\n            \"content\": \"# Translate\\n\\n## Overview\\n\\nThe Translate product provides a powerful language translation API that enables seamless conversion of text content from one language to another. With support for a wide range of languages, this API is ideal for applications requiring multilingual capabilities.\\n\\n## Value Proposition\\n\\nBreaking down language barriers is essential in today's global marketplace. The Translate API empowers developers to build applications that communicate effectively across cultures and regions, enabling businesses to expand their reach and improve user experiences for international audiences.\\n\\n## Key Features\\n\\n- **Text Translation**: Convert text content from any supported source language to a target language\\n- **Language Discovery**: Retrieve a complete list of supported languages with their codes and names\\n- **Translation Settings**: Response includes applied settings for brevity, formality, and profanity handling\\n\\n## Included API\\n\\n### Translate API\\n\\nThe Translate API provides two endpoints for language translation services.\\n\\n#### Translate Text\\n\\nTranslates input text from a source language to a target language.\\n\\n**Endpoint**: `GET /translatetext`\\n\\n**Parameters**:\\n\\n| Parameter | Type | Required | Description |\\n|-----------|------|----------|-------------|\\n| `text` | string | Yes | The text content to translate |\\n| `sourcelanguage` | string | Yes | Language code of the source text |\\n| `targetlanguage` | string | Yes | Language code for the translation output |\\n\\n**Response**:\\n\\n| Field | Type | Description |\\n|-------|------|-------------|\\n| `TranslatedText` | string | The translated text output |\\n| `SourceLanguageCode` | string | The source language code used |\\n| `TargetLanguageCode` | string | The target language code used |\\n| `AppliedSettings` | object | Translation settings applied (Brevity, Formality, Profanity) |\\n\\n#### List Languages\\n\\nReturns all supported languages available for translation.\\n\\n**Endpoint**: `GET /listlanguages`\\n\\n**Response**:\\n\\n| Field | Type | Description |\\n|-------|------|-------------|\\n| `Languages` | array | List of supported languages |\\n| `Languages[].LanguageCode` | string | The language code (e.g., \\\"en\\\", \\\"es\\\", \\\"fr\\\") |\\n| `Languages[].LanguageName` | string | The human-readable language name |\\n\\n## Use Cases\\n\\n### Global E-Commerce\\nEnable product descriptions, reviews, and customer communications in multiple languages to serve international customers without manual translation overhead.\\n\\n### Customer Support\\nAutomatically translate support tickets and chat messages to help agents communicate with customers regardless of language differences.\\n\\n### Content Localization\\nTranslate websi\"\n        }\n    }\n}",
  "type" : "custom",
  "doc_type" : null,
  "source_type" : "jsonsample",
  "ignore_missing_schemas" : false,
  "has_ref_schemas" : null,
  "flat_file_config" : null,
  "active" : false,
  "is_changed" : false,
  "tag" : "V16",
  "comment" : "Finished refactoring tools: UpdateAmplifyMarketplaceProductDocumentation, UpdateAmplifyMarketplaceProductIcon",
  "base_tag" : "V15"
}