{
  "document_type_id" : "e9538506-9c2d-43b3-afbc-06864edfafa7",
  "name" : "CreateProductDocumentResponseBody",
  "description" : null,
  "version" : null,
  "business_document_type_id" : null,
  "document_format_id" : "edc154a0-55fc-11e9-8647-d663bd873d93",
  "root_tag" : null,
  "structure" : {
    "type" : "jsonb",
    "value" : "[{\"key\": \"/group\", \"type\": \"string\", \"order\": 1.0, \"title\": \"group\", \"value\": {\"type\": \"string\", \"requiredFlag\": false}, \"isLeaf\": true, \"childrenSet\": false, \"hasChildren\": false, \"dataElementType\": \"string\", \"encryption_required\": false}, {\"key\": \"/apiVersion\", \"type\": \"string\", \"order\": 2.0, \"title\": \"apiVersion\", \"value\": {\"type\": \"string\", \"requiredFlag\": false}, \"isLeaf\": true, \"childrenSet\": false, \"hasChildren\": false, \"dataElementType\": \"string\", \"encryption_required\": false}, {\"key\": \"/kind\", \"type\": \"string\", \"order\": 3.0, \"title\": \"kind\", \"value\": {\"type\": \"string\", \"requiredFlag\": false}, \"isLeaf\": true, \"childrenSet\": false, \"hasChildren\": false, \"dataElementType\": \"string\", \"encryption_required\": false}, {\"key\": \"/name\", \"type\": \"string\", \"order\": 4.0, \"title\": \"name\", \"value\": {\"type\": \"string\", \"requiredFlag\": false}, \"isLeaf\": true, \"childrenSet\": false, \"hasChildren\": false, \"dataElementType\": \"string\", \"encryption_required\": false}, {\"key\": \"/title\", \"type\": \"string\", \"order\": 5.0, \"title\": \"title\", \"value\": {\"type\": \"string\", \"requiredFlag\": false}, \"isLeaf\": true, \"childrenSet\": false, \"hasChildren\": false, \"dataElementType\": \"string\", \"encryption_required\": false}, {\"key\": \"/metadata\", \"type\": \"object\", \"order\": 6.0, \"title\": \"metadata\", \"value\": {\"type\": \"object\", \"requiredFlag\": false}, \"isLeaf\": false, \"children\": [{\"key\": \"/metadata/id\", \"type\": \"string\", \"order\": 7.0, \"title\": \"id\", \"value\": {\"type\": \"string\", \"requiredFlag\": false}, \"isLeaf\": true, \"childrenSet\": false, \"hasChildren\": false, \"dataElementType\": \"string\", \"encryption_required\": false}, {\"key\": \"/metadata/audit\", \"type\": \"object\", \"order\": 8.0, \"title\": \"audit\", \"value\": {\"type\": \"object\", \"requiredFlag\": false}, \"isLeaf\": false, \"children\": [{\"key\": \"/metadata/audit/createTimestamp\", \"type\": \"string\", \"order\": 9.0, \"title\": \"createTimestamp\", \"value\": {\"type\": \"string\", \"requiredFlag\": false}, \"isLeaf\": true, \"childrenSet\": false, \"hasChildren\": false, \"dataElementType\": \"string\", \"encryption_required\": false}, {\"key\": \"/metadata/audit/createUserId\", \"type\": \"string\", \"order\": 10.0, \"title\": \"createUserId\", \"value\": {\"type\": \"string\", \"requiredFlag\": false}, \"isLeaf\": true, \"childrenSet\": false, \"hasChildren\": false, \"dataElementType\": \"string\", \"encryption_required\": false}, {\"key\": \"/metadata/audit/modifyTimestamp\", \"type\": \"string\", \"order\": 11.0, \"title\": \"modifyTimestamp\", \"value\": {\"type\": \"string\", \"requiredFlag\": false}, \"isLeaf\": true, \"childrenSet\": false, \"hasChildren\": false, \"dataElementType\": \"string\", \"encryption_required\": false}, {\"key\": \"/metadata/audit/modifyUserId\", \"type\": \"string\", \"order\": 12.0, \"title\": \"modifyUserId\", \"value\": {\"type\": \"string\", \"requiredFlag\": false}, \"isLeaf\": true, \"childrenSet\": false, \"hasChildren\": false, \"dataElementType\": \"string\", \"encryption_required\": false}], \"childrenSet\": false, \"hasChildren\": false, \"dataElementType\": \"document\", \"encryption_required\": false}, {\"key\": \"/metadata/scope\", \"type\": \"object\", \"order\": 13.0, \"title\": \"scope\", \"value\": {\"type\": \"object\", \"requiredFlag\": false}, \"isLeaf\": false, \"children\": [{\"key\": \"/metadata/scope/id\", \"type\": \"string\", \"order\": 14.0, \"title\": \"id\", \"value\": {\"type\": \"string\", \"requiredFlag\": false}, \"isLeaf\": true, \"childrenSet\": false, \"hasChildren\": false, \"dataElementType\": \"string\", \"encryption_required\": false}, {\"key\": \"/metadata/scope/kind\", \"type\": \"string\", \"order\": 15.0, \"title\": \"kind\", \"value\": {\"type\": \"string\", \"requiredFlag\": false}, \"isLeaf\": true, \"childrenSet\": false, \"hasChildren\": false, \"dataElementType\": \"string\", \"encryption_required\": false}, {\"key\": \"/metadata/scope/name\", \"type\": \"string\", \"order\": 16.0, \"title\": \"name\", \"value\": {\"type\": \"string\", \"requiredFlag\": false}, \"isLeaf\": true, \"childrenSet\": false, \"hasChildren\": false, \"dataElementType\": \"string\", \"encryption_required\": false}, {\"key\": \"/metadata/scope/title\", \"type\": \"string\", \"order\": 17.0, \"title\": \"title\", \"value\": {\"type\": \"string\", \"requiredFlag\": false}, \"isLeaf\": true, \"childrenSet\": false, \"hasChildren\": false, \"dataElementType\": \"string\", \"encryption_required\": false}, {\"key\": \"/metadata/scope/selfLink\", \"type\": \"string\", \"order\": 18.0, \"title\": \"selfLink\", \"value\": {\"type\": \"string\", \"requiredFlag\": false}, \"isLeaf\": true, \"childrenSet\": false, \"hasChildren\": false, \"dataElementType\": \"string\", \"encryption_required\": false}, {\"key\": \"/metadata/scope/owner\", \"type\": \"object\", \"order\": 19.0, \"title\": \"owner\", \"value\": {\"type\": \"object\", \"requiredFlag\": false}, \"isLeaf\": false, \"children\": [{\"key\": \"/metadata/scope/owner/type\", \"type\": \"string\", \"order\": 20.0, \"title\": \"type\", \"value\": {\"type\": \"string\", \"requiredFlag\": false}, \"isLeaf\": true, \"childrenSet\": false, \"hasChildren\": false, \"dataElementType\": \"string\", \"encryption_required\": false}, {\"key\": \"/metadata/scope/owner/id\", \"type\": \"string\", \"order\": 21.0, \"title\": \"id\", \"value\": {\"type\": \"string\", \"requiredFlag\": false}, \"isLeaf\": true, \"childrenSet\": false, \"hasChildren\": false, \"dataElementType\": \"string\", \"encryption_required\": false}], \"childrenSet\": false, \"hasChildren\": false, \"dataElementType\": \"document\", \"encryption_required\": false}], \"childrenSet\": false, \"hasChildren\": false, \"dataElementType\": \"document\", \"encryption_required\": false}, {\"key\": \"/metadata/acl[]\", \"type\": \"array\", \"order\": 22.0, \"title\": \"acl\", \"value\": {\"type\": \"array\", \"requiredFlag\": false}, \"isLeaf\": false, \"childrenSet\": false, \"hasChildren\": false, \"dataElementType\": \"objectArray\", \"encryption_required\": false}, {\"key\": \"/metadata/accessRights\", \"type\": \"object\", \"order\": 23.0, \"title\": \"accessRights\", \"value\": {\"type\": \"object\", \"requiredFlag\": false}, \"isLeaf\": false, \"children\": [{\"key\": \"/metadata/accessRights/canChangeOwner\", \"type\": \"boolean\", \"order\": 24.0, \"title\": \"canChangeOwner\", \"value\": {\"type\": \"boolean\", \"requiredFlag\": false}, \"isLeaf\": true, \"childrenSet\": false, \"hasChildren\": false, \"dataElementType\": \"boolean\", \"encryption_required\": false}, {\"key\": \"/metadata/accessRights/canDelete\", \"type\": \"boolean\", \"order\": 25.0, \"title\": \"canDelete\", \"value\": {\"type\": \"boolean\", \"requiredFlag\": false}, \"isLeaf\": true, \"childrenSet\": false, \"hasChildren\": false, \"dataElementType\": \"boolean\", \"encryption_required\": false}, {\"key\": \"/metadata/accessRights/canWrite\", \"type\": \"boolean\", \"order\": 26.0, \"title\": \"canWrite\", \"value\": {\"type\": \"boolean\", \"requiredFlag\": false}, \"isLeaf\": true, \"childrenSet\": false, \"hasChildren\": false, \"dataElementType\": \"boolean\", \"encryption_required\": false}, {\"key\": \"/metadata/accessRights/canRead\", \"type\": \"boolean\", \"order\": 27.0, \"title\": \"canRead\", \"value\": {\"type\": \"boolean\", \"requiredFlag\": false}, \"isLeaf\": true, \"childrenSet\": false, \"hasChildren\": false, \"dataElementType\": \"boolean\", \"encryption_required\": false}], \"childrenSet\": false, \"hasChildren\": false, \"dataElementType\": \"document\", \"encryption_required\": false}, {\"key\": \"/metadata/resourceVersion\", \"type\": \"string\", \"order\": 28.0, \"title\": \"resourceVersion\", \"value\": {\"type\": \"string\", \"requiredFlag\": false}, \"isLeaf\": true, \"childrenSet\": false, \"hasChildren\": false, \"dataElementType\": \"string\", \"encryption_required\": false}, {\"key\": \"/metadata/references[]\", \"type\": \"array\", \"order\": 29.0, \"title\": \"references\", \"value\": {\"type\": \"array\", \"requiredFlag\": false}, \"isLeaf\": false, \"children\": [{\"key\": \"/metadata/references[]/id\", \"type\": \"string\", \"order\": 30.0, \"title\": \"id\", \"value\": {\"type\": \"string\", \"requiredFlag\": false}, \"isLeaf\": true, \"childrenSet\": false, \"hasChildren\": false, \"dataElementType\": \"string\", \"encryption_required\": false}, {\"key\": \"/metadata/references[]/kind\", \"type\": \"string\", \"order\": 31.0, \"title\": \"kind\", \"value\": {\"type\": \"string\", \"requiredFlag\": false}, \"isLeaf\": true, \"childrenSet\": false, \"hasChildren\": false, \"dataElementType\": \"string\", \"encryption_required\": false}, {\"key\": \"/metadata/references[]/name\", \"type\": \"string\", \"order\": 32.0, \"title\": \"name\", \"value\": {\"type\": \"string\", \"requiredFlag\": false}, \"isLeaf\": true, \"childrenSet\": false, \"hasChildren\": false, \"dataElementType\": \"string\", \"encryption_required\": false}, {\"key\": \"/metadata/references[]/scopeKind\", \"type\": \"string\", \"order\": 33.0, \"title\": \"scopeKind\", \"value\": {\"type\": \"string\", \"requiredFlag\": false}, \"isLeaf\": true, \"childrenSet\": false, \"hasChildren\": false, \"dataElementType\": \"string\", \"encryption_required\": false}, {\"key\": \"/metadata/references[]/scopeName\", \"type\": \"string\", \"order\": 34.0, \"title\": \"scopeName\", \"value\": {\"type\": \"string\", \"requiredFlag\": false}, \"isLeaf\": true, \"childrenSet\": false, \"hasChildren\": false, \"dataElementType\": \"string\", \"encryption_required\": false}, {\"key\": \"/metadata/references[]/selfLink\", \"type\": \"string\", \"order\": 35.0, \"title\": \"selfLink\", \"value\": {\"type\": \"string\", \"requiredFlag\": false}, \"isLeaf\": true, \"childrenSet\": false, \"hasChildren\": false, \"dataElementType\": \"string\", \"encryption_required\": false}, {\"key\": \"/metadata/references[]/type\", \"type\": \"string\", \"order\": 36.0, \"title\": \"type\", \"value\": {\"type\": \"string\", \"requiredFlag\": false}, \"isLeaf\": true, \"childrenSet\": false, \"hasChildren\": false, \"dataElementType\": \"string\", \"encryption_required\": false}, {\"key\": \"/metadata/references[]/group\", \"type\": \"string\", \"order\": 37.0, \"title\": \"group\", \"value\": {\"type\": \"string\", \"requiredFlag\": false}, \"isLeaf\": true, \"childrenSet\": false, \"hasChildren\": false, \"dataElementType\": \"string\", \"encryption_required\": false}], \"childrenSet\": false, \"hasChildren\": false, \"dataElementType\": \"documentArray\", \"encryption_required\": false}, {\"key\": \"/metadata/selfLink\", \"type\": \"string\", \"order\": 38.0, \"title\": \"selfLink\", \"value\": {\"type\": \"string\", \"requiredFlag\": false}, \"isLeaf\": true, \"childrenSet\": false, \"hasChildren\": false, \"dataElementType\": \"string\", \"encryption_required\": false}], \"childrenSet\": false, \"hasChildren\": false, \"dataElementType\": \"document\", \"encryption_required\": false}, {\"key\": \"/attributes\", \"type\": \"object\", \"order\": 39.0, \"title\": \"attributes\", \"value\": {\"type\": \"object\", \"requiredFlag\": false}, \"isLeaf\": false, \"childrenSet\": false, \"hasChildren\": false, \"dataElementType\": \"object\", \"encryption_required\": false}, {\"key\": \"/finalizers[]\", \"type\": \"array\", \"order\": 40.0, \"title\": \"finalizers\", \"value\": {\"type\": \"array\", \"requiredFlag\": false}, \"isLeaf\": false, \"childrenSet\": false, \"hasChildren\": false, \"dataElementType\": \"objectArray\", \"encryption_required\": false}, {\"key\": \"/tags[]\", \"type\": \"array\", \"order\": 41.0, \"title\": \"tags\", \"value\": {\"type\": \"array\", \"requiredFlag\": false}, \"isLeaf\": false, \"childrenSet\": false, \"hasChildren\": false, \"dataElementType\": \"objectArray\", \"encryption_required\": false}, {\"key\": \"/spec\", \"type\": \"object\", \"order\": 42.0, \"title\": \"spec\", \"value\": {\"type\": \"object\", \"requiredFlag\": false}, \"isLeaf\": false, \"children\": [{\"key\": \"/spec/sections[]\", \"type\": \"array\", \"order\": 43.0, \"title\": \"sections\", \"value\": {\"type\": \"array\", \"requiredFlag\": false}, \"isLeaf\": false, \"children\": [{\"key\": \"/spec/sections[]/title\", \"type\": \"string\", \"order\": 44.0, \"title\": \"title\", \"value\": {\"type\": \"string\", \"requiredFlag\": false}, \"isLeaf\": true, \"childrenSet\": false, \"hasChildren\": false, \"dataElementType\": \"string\", \"encryption_required\": false}, {\"key\": \"/spec/sections[]/articles[]\", \"type\": \"array\", \"order\": 45.0, \"title\": \"articles\", \"value\": {\"type\": \"array\", \"requiredFlag\": false}, \"isLeaf\": false, \"children\": [{\"key\": \"/spec/sections[]/articles[]/kind\", \"type\": \"string\", \"order\": 46.0, \"title\": \"kind\", \"value\": {\"type\": \"string\", \"requiredFlag\": false}, \"isLeaf\": true, \"childrenSet\": false, \"hasChildren\": false, \"dataElementType\": \"string\", \"encryption_required\": false}, {\"key\": \"/spec/sections[]/articles[]/name\", \"type\": \"string\", \"order\": 47.0, \"title\": \"name\", \"value\": {\"type\": \"string\", \"requiredFlag\": false}, \"isLeaf\": true, \"childrenSet\": false, \"hasChildren\": false, \"dataElementType\": \"string\", \"encryption_required\": false}, {\"key\": \"/spec/sections[]/articles[]/title\", \"type\": \"string\", \"order\": 48.0, \"title\": \"title\", \"value\": {\"type\": \"string\", \"requiredFlag\": false}, \"isLeaf\": true, \"childrenSet\": false, \"hasChildren\": false, \"dataElementType\": \"string\", \"encryption_required\": false}], \"childrenSet\": false, \"hasChildren\": false, \"dataElementType\": \"documentArray\", \"encryption_required\": false}], \"childrenSet\": false, \"hasChildren\": false, \"dataElementType\": \"documentArray\", \"encryption_required\": false}], \"childrenSet\": false, \"hasChildren\": false, \"dataElementType\": \"document\", \"encryption_required\": false}]",
    "null" : false
  },
  "key_fields" : null,
  "schema" : {
    "type" : "json",
    "value" : "{\"$id\":\"CreateProductDocumentResponseBody\",\"$schema\":\"http://json-schema.org/draft-07/schema#\",\"type\":\"object\",\"properties\":{\"group\":{\"type\":\"string\",\"title\":\"group\",\"default\":\"\",\"examples\":[\"catalog\"],\"properties\":{},\"pattern\":\"^(.*)$\"},\"apiVersion\":{\"type\":\"string\",\"title\":\"apiVersion\",\"default\":\"\",\"examples\":[\"v1alpha1\"],\"properties\":{},\"pattern\":\"^(.*)$\"},\"kind\":{\"type\":\"string\",\"title\":\"kind\",\"default\":\"\",\"examples\":[\"Document\"],\"properties\":{},\"pattern\":\"^(.*)$\"},\"name\":{\"type\":\"string\",\"title\":\"name\",\"default\":\"\",\"examples\":[\"trans-doc-res-document\"],\"properties\":{},\"pattern\":\"^(.*)$\"},\"title\":{\"type\":\"string\",\"title\":\"title\",\"default\":\"\",\"examples\":[\"Translate doc resource document\"],\"properties\":{},\"pattern\":\"^(.*)$\"},\"metadata\":{\"type\":\"object\",\"title\":\"metadata\",\"properties\":{\"id\":{\"type\":\"string\",\"title\":\"id\",\"default\":\"\",\"examples\":[\"8a2e85dc9ab54593019ac0755a5c0c1b\"],\"properties\":{},\"pattern\":\"^(.*)$\"},\"audit\":{\"type\":\"object\",\"title\":\"audit\",\"properties\":{\"createTimestamp\":{\"type\":\"string\",\"title\":\"createTimestamp\",\"default\":\"\",\"examples\":[\"2025-11-26T13:58:27.676+0000\"],\"properties\":{},\"pattern\":\"^(.*)$\"},\"createUserId\":{\"type\":\"string\",\"title\":\"createUserId\",\"default\":\"\",\"examples\":[\"service-account-ddb8019f-aa75-447a-939b-4b426ac89603\"],\"properties\":{},\"pattern\":\"^(.*)$\"},\"modifyTimestamp\":{\"type\":\"string\",\"title\":\"modifyTimestamp\",\"default\":\"\",\"examples\":[\"2025-11-26T13:58:27.676+0000\"],\"properties\":{},\"pattern\":\"^(.*)$\"},\"modifyUserId\":{\"type\":\"string\",\"title\":\"modifyUserId\",\"default\":\"\",\"examples\":[\"service-account-ddb8019f-aa75-447a-939b-4b426ac89603\"],\"properties\":{},\"pattern\":\"^(.*)$\"}}},\"scope\":{\"type\":\"object\",\"title\":\"scope\",\"properties\":{\"id\":{\"type\":\"string\",\"title\":\"id\",\"default\":\"\",\"examples\":[\"8a2e96aa9ab546f4019abb4d6a9c08c7\"],\"properties\":{},\"pattern\":\"^(.*)$\"},\"kind\":{\"type\":\"string\",\"title\":\"kind\",\"default\":\"\",\"examples\":[\"Product\"],\"properties\":{},\"pattern\":\"^(.*)$\"},\"name\":{\"type\":\"string\",\"title\":\"name\",\"default\":\"\",\"examples\":[\"translate\"],\"properties\":{},\"pattern\":\"^(.*)$\"},\"title\":{\"type\":\"string\",\"title\":\"title\",\"default\":\"\",\"examples\":[\"Translate\"],\"properties\":{},\"pattern\":\"^(.*)$\"},\"selfLink\":{\"type\":\"string\",\"title\":\"selfLink\",\"default\":\"\",\"examples\":[\"/catalog/v1/products/translate\"],\"properties\":{},\"pattern\":\"^(.*)$\"},\"owner\":{\"type\":\"object\",\"title\":\"owner\",\"properties\":{\"type\":{\"type\":\"string\",\"title\":\"type\",\"default\":\"\",\"examples\":[\"team\"],\"properties\":{},\"pattern\":\"^(.*)$\"},\"id\":{\"type\":\"string\",\"title\":\"id\",\"default\":\"\",\"examples\":[\"e4ec6c1a69fd0b8e016a22c82fc9170c\"],\"properties\":{},\"pattern\":\"^(.*)$\"}}}}},\"acl\":{\"type\":\"array\",\"properties\":{},\"items\":{\"type\":\"object\",\"properties\":{}}},\"accessRights\":{\"type\":\"object\",\"title\":\"accessRights\",\"properties\":{\"canChangeOwner\":{\"type\":\"boolean\",\"title\":\"canChangeOwner\",\"default\":false,\"examples\":[false,true],\"properties\":{}},\"canDelete\":{\"type\":\"boolean\",\"title\":\"canDelete\",\"default\":false,\"examples\":[false,true],\"properties\":{}},\"canWrite\":{\"type\":\"boolean\",\"title\":\"canWrite\",\"default\":false,\"examples\":[false,true],\"properties\":{}},\"canRead\":{\"type\":\"boolean\",\"title\":\"canRead\",\"default\":false,\"examples\":[false,true],\"properties\":{}}}},\"resourceVersion\":{\"type\":\"string\",\"title\":\"resourceVersion\",\"default\":\"\",\"examples\":[\"0\"],\"properties\":{},\"pattern\":\"^(.*)$\"},\"references\":{\"type\":\"array\",\"title\":\"references\",\"properties\":{},\"items\":{\"type\":\"object\",\"properties\":{\"id\":{\"type\":\"string\",\"title\":\"id\",\"default\":\"\",\"examples\":[\"8a2e96aa9ab546f4019ac075298a294e\"],\"properties\":{},\"pattern\":\"^(.*)$\"},\"kind\":{\"type\":\"string\",\"title\":\"kind\",\"default\":\"\",\"examples\":[\"Resource\"],\"properties\":{},\"pattern\":\"^(.*)$\"},\"name\":{\"type\":\"string\",\"title\":\"name\",\"default\":\"\",\"examples\":[\"trans-doc-res\"],\"properties\":{},\"pattern\":\"^(.*)$\"},\"scopeKind\":{\"type\":\"string\",\"title\":\"scopeKind\",\"default\":\"\",\"examples\":[\"Product\"],\"properties\":{},\"pattern\":\"^(.*)$\"},\"scopeName\":{\"type\":\"string\",\"title\":\"scopeName\",\"default\":\"\",\"examples\":[\"translate\"],\"properties\":{},\"pattern\":\"^(.*)$\"},\"selfLink\":{\"type\":\"string\",\"title\":\"selfLink\",\"default\":\"\",\"examples\":[\"/catalog/v1/products/translate/resources/trans-doc-res\"],\"properties\":{},\"pattern\":\"^(.*)$\"},\"type\":{\"type\":\"string\",\"title\":\"type\",\"default\":\"\",\"examples\":[\"soft\"],\"properties\":{},\"pattern\":\"^(.*)$\"},\"group\":{\"type\":\"string\",\"title\":\"group\",\"default\":\"\",\"examples\":[\"catalog\"],\"properties\":{},\"pattern\":\"^(.*)$\"}}}},\"selfLink\":{\"type\":\"string\",\"title\":\"selfLink\",\"default\":\"\",\"examples\":[\"/catalog/v1/products/translate/documents/trans-doc-res-document\"],\"properties\":{},\"pattern\":\"^(.*)$\"}}},\"attributes\":{\"type\":\"object\",\"properties\":{}},\"finalizers\":{\"type\":\"array\",\"properties\":{},\"items\":{\"type\":\"object\",\"properties\":{}}},\"tags\":{\"type\":\"array\",\"properties\":{},\"items\":{\"type\":\"object\",\"properties\":{}}},\"spec\":{\"type\":\"object\",\"title\":\"spec\",\"properties\":{\"sections\":{\"type\":\"array\",\"title\":\"sections\",\"properties\":{},\"items\":{\"type\":\"object\",\"properties\":{\"title\":{\"type\":\"string\",\"title\":\"title\",\"default\":\"\",\"examples\":[\"Overview\"],\"properties\":{},\"pattern\":\"^(.*)$\"},\"articles\":{\"type\":\"array\",\"title\":\"articles\",\"properties\":{},\"items\":{\"type\":\"object\",\"properties\":{\"kind\":{\"type\":\"string\",\"title\":\"kind\",\"default\":\"\",\"examples\":[\"Resource\"],\"properties\":{},\"pattern\":\"^(.*)$\"},\"name\":{\"type\":\"string\",\"title\":\"name\",\"default\":\"\",\"examples\":[\"trans-doc-res\"],\"properties\":{},\"pattern\":\"^(.*)$\"},\"title\":{\"type\":\"string\",\"title\":\"title\",\"default\":\"\",\"examples\":[\"Translate doc resource\"],\"properties\":{},\"pattern\":\"^(.*)$\"}}}}}}}}}}}",
    "null" : false
  },
  "source_schema" : "{\n    \"group\": \"catalog\",\n    \"apiVersion\": \"v1alpha1\",\n    \"kind\": \"Document\",\n    \"name\": \"trans-doc-res-document\",\n    \"title\": \"Translate doc resource document\",\n    \"metadata\": {\n        \"id\": \"8a2e85dc9ab54593019ac0755a5c0c1b\",\n        \"audit\": {\n            \"createTimestamp\": \"2025-11-26T13:58:27.676+0000\",\n            \"createUserId\": \"service-account-ddb8019f-aa75-447a-939b-4b426ac89603\",\n            \"modifyTimestamp\": \"2025-11-26T13:58:27.676+0000\",\n            \"modifyUserId\": \"service-account-ddb8019f-aa75-447a-939b-4b426ac89603\"\n        },\n        \"scope\": {\n            \"id\": \"8a2e96aa9ab546f4019abb4d6a9c08c7\",\n            \"kind\": \"Product\",\n            \"name\": \"translate\",\n            \"title\": \"Translate\",\n            \"selfLink\": \"/catalog/v1/products/translate\",\n            \"owner\": {\n                \"type\": \"team\",\n                \"id\": \"e4ec6c1a69fd0b8e016a22c82fc9170c\"\n            }\n        },\n        \"acl\": [],\n        \"accessRights\": {\n            \"canChangeOwner\": true,\n            \"canDelete\": true,\n            \"canWrite\": true,\n            \"canRead\": true\n        },\n        \"resourceVersion\": \"0\",\n        \"references\": [\n            {\n                \"id\": \"8a2e96aa9ab546f4019ac075298a294e\",\n                \"kind\": \"Resource\",\n                \"name\": \"trans-doc-res\",\n                \"scopeKind\": \"Product\",\n                \"scopeName\": \"translate\",\n                \"selfLink\": \"/catalog/v1/products/translate/resources/trans-doc-res\",\n                \"type\": \"soft\",\n                \"group\": \"catalog\"\n            }\n        ],\n        \"selfLink\": \"/catalog/v1/products/translate/documents/trans-doc-res-document\"\n    },\n    \"attributes\": {},\n    \"finalizers\": [],\n    \"tags\": [],\n    \"spec\": {\n        \"sections\": [\n            {\n                \"title\": \"Overview\",\n                \"articles\": [\n                    {\n                        \"kind\": \"Resource\",\n                        \"name\": \"trans-doc-res\",\n                        \"title\": \"Translate doc resource\"\n                    }\n                ]\n            }\n        ]\n    }\n}",
  "type" : "custom",
  "doc_type" : null,
  "source_type" : "jsonsample",
  "ignore_missing_schemas" : false,
  "has_ref_schemas" : null,
  "flat_file_config" : null,
  "active" : false,
  "is_changed" : false,
  "tag" : "V16",
  "comment" : "Finished refactoring tools: UpdateAmplifyMarketplaceProductDocumentation, UpdateAmplifyMarketplaceProductIcon",
  "base_tag" : "V15"
}