{
  "component_config_id" : "177a4658-5469-4749-8dc7-52d79b1c9fc5",
  "endpoint_config_json" : null,
  "input_config_json" : null,
  "output_config_json" : null,
  "component_id" : "918eddb0-08db-11e9-b568-0800200c9a66",
  "service_id" : "36f11b10-9911-4e5f-883a-acefd157e343",
  "endpoint_id" : null,
  "parent_component_config_id" : "b0dcc73d-d3e8-486d-98c7-3a80d0c1069a",
  "component_config_order" : 1.0,
  "action_id" : null,
  "name" : null,
  "description" : null,
  "override_endpoint" : false,
  "input_structure_json" : null,
  "output_structure_json" : null,
  "endpoint_structure_json" : null,
  "is_error" : false,
  "no_of_errors" : null,
  "action_input_type" : null,
  "config_service_id" : null,
  "config_imap_id" : null,
  "config_b2b_document_type_id" : null,
  "config_document_id" : null,
  "add_variables" : null,
  "drop_variables" : null,
  "plug_input_structure" : null,
  "plug_output_structure" : null,
  "config_plug_id" : null,
  "override_plug" : false,
  "config_java_service_id" : null,
  "service_tag" : "V26",
  "endpoint_tag" : null,
  "config_service_tag" : null,
  "config_imap_tag" : null,
  "config_b2b_document_type_tag" : null,
  "active" : false,
  "parent_component_config_service_tag" : "V26",
  "service_project_id" : "27edbc36-f404-4005-832a-6f6f32f16f6e",
  "service_project_tag" : "V26",
  "config_service_project_id" : null,
  "config_service_project_tag" : null,
  "config_imap_project_id" : null,
  "config_imap_project_tag" : null,
  "config_b2b_document_type_project_id" : null,
  "config_b2b_document_type_project_tag" : null,
  "endpoint_project_id" : null,
  "endpoint_project_tag" : null,
  "config_plug_tag" : null,
  "config_plug_project_id" : null,
  "config_plug_project_tag" : null,
  "config_java_service_tag" : null,
  "config_java_service_project_id" : null,
  "config_java_service_project_tag" : null,
  "disabled" : false,
  "config" : null,
  "config_b2b_document_type_project_mode_id" : "112c1cb8-4b9e-4d1a-a042-0bd031dc7d05",
  "config_imap_project_mode_id" : "112c1cb8-4b9e-4d1a-a042-0bd031dc7d05",
  "config_java_service_project_mode_id" : "112c1cb8-4b9e-4d1a-a042-0bd031dc7d05",
  "config_plug_project_mode_id" : "112c1cb8-4b9e-4d1a-a042-0bd031dc7d05",
  "config_service_project_mode_id" : "112c1cb8-4b9e-4d1a-a042-0bd031dc7d05",
  "endpoint_project_mode_id" : "112c1cb8-4b9e-4d1a-a042-0bd031dc7d05",
  "service_project_mode_id" : "112c1cb8-4b9e-4d1a-a042-0bd031dc7d05",
  "parent_component_config_service_project_mode_id" : "112c1cb8-4b9e-4d1a-a042-0bd031dc7d05",
  "is_audit" : true,
  "keys_with_order" : null
}