{
  "component_config_id" : "5b0db240-78f2-4cfe-9581-e1e41ff224c8",
  "endpoint_config_json" : null,
  "input_config_json" : null,
  "output_config_json" : null,
  "component_id" : "f47ac10b-58cc-4372-a567-0e02b2c3d479",
  "service_id" : "6cbf5512-e425-47c4-849b-f87bf0c90c27",
  "endpoint_id" : null,
  "parent_component_config_id" : null,
  "component_config_order" : 1.0,
  "action_id" : "e3c1f8a2-7b4d-4e6a-9f2c-1a5b3d2c4e6f",
  "name" : null,
  "description" : null,
  "override_endpoint" : false,
  "input_structure_json" : null,
  "output_structure_json" : null,
  "endpoint_structure_json" : null,
  "is_error" : false,
  "no_of_errors" : null,
  "action_input_type" : null,
  "config_service_id" : null,
  "config_imap_id" : null,
  "config_b2b_document_type_id" : null,
  "config_document_id" : null,
  "add_variables" : null,
  "drop_variables" : null,
  "plug_input_structure" : null,
  "plug_output_structure" : {
    "type" : "jsonb",
    "value" : "[{\"key\": \"/UpdateAmplifyMarketplaceProductIconMCPServerRequest\", \"type\": \"object\", \"order\": 1.0, \"title\": \"UpdateAmplifyMarketplaceProductIconMCPServerRequest\", \"value\": {\"type\": \"object\"}, \"children\": [{\"id\": \"5b0db240-78f2-4cfe-9581-e1e41ff224c8\", \"key\": \"/UpdateAmplifyMarketplaceProductIconMCPServerRequest/body\", \"type\": \"object\", \"title\": \"body\", \"isLeaf\": false, \"children\": [{\"id\": \"5b0db240-78f2-4cfe-9581-e1e41ff224c8\", \"key\": \"/UpdateAmplifyMarketplaceProductIconMCPServerRequest/body/productName\", \"type\": \"string\", \"title\": \"productName\", \"isLeaf\": true, \"entityType\": \"componentConfig\", \"childrenSet\": false, \"hasChildren\": false, \"dataElementType\": \"string\", \"encryption_required\": false}, {\"id\": \"5b0db240-78f2-4cfe-9581-e1e41ff224c8\", \"key\": \"/UpdateAmplifyMarketplaceProductIconMCPServerRequest/body/iconPrompt\", \"type\": \"string\", \"title\": \"iconPrompt\", \"isLeaf\": true, \"entityType\": \"componentConfig\", \"childrenSet\": false, \"hasChildren\": false, \"dataElementType\": \"string\", \"encryption_required\": false}], \"entityType\": \"componentConfig\", \"childrenSet\": false, \"hasChildren\": true, \"dataElementType\": \"document\", \"encryption_required\": false}], \"entityType\": \"componentConfig\", \"childrenSet\": false, \"hasChildren\": false, \"dataElementType\": \"document\", \"encryption_required\": false}, {\"key\": \"/UpdateAmplifyMarketplaceProductIconMCPServerResponse\", \"type\": \"object\", \"order\": 1.0, \"title\": \"UpdateAmplifyMarketplaceProductIconMCPServerResponse\", \"value\": {\"type\": \"object\"}, \"children\": [{\"key\": \"/UpdateAmplifyMarketplaceProductIconMCPServerResponse/TextContent\", \"type\": \"object\", \"order\": 1.0, \"title\": \"TextContent\", \"value\": {\"type\": \"object\"}, \"children\": [{\"id\": \"5b0db240-78f2-4cfe-9581-e1e41ff224c8\", \"key\": \"/UpdateAmplifyMarketplaceProductIconMCPServerResponse/TextContent/result\", \"type\": \"object\", \"order\": 1.0, \"title\": \"result\", \"value\": {\"type\": \"object\", \"requiredFlag\": true}, \"isLeaf\": false, \"children\": [{\"id\": \"5b0db240-78f2-4cfe-9581-e1e41ff224c8\", \"key\": \"/UpdateAmplifyMarketplaceProductIconMCPServerResponse/TextContent/result/_meta\", \"type\": \"object\", \"order\": 2.0, \"title\": \"_meta\", \"value\": {\"type\": \"object\", \"requiredFlag\": false}, \"isLeaf\": false, \"entityType\": \"componentConfig\", \"childrenSet\": false, \"hasChildren\": false, \"dataElementType\": \"object\", \"encryption_required\": false}, {\"id\": \"5b0db240-78f2-4cfe-9581-e1e41ff224c8\", \"key\": \"/UpdateAmplifyMarketplaceProductIconMCPServerResponse/TextContent/result/content[]\", \"type\": \"array\", \"order\": 3.0, \"title\": \"content\", \"value\": {\"type\": \"array\", \"requiredFlag\": true}, \"isLeaf\": false, \"children\": [{\"id\": \"5b0db240-78f2-4cfe-9581-e1e41ff224c8\", \"key\": \"/UpdateAmplifyMarketplaceProductIconMCPServerResponse/TextContent/result/content[]/annotations\", \"type\": \"object\", \"order\": 4.0, \"title\": \"annotations\", \"value\": {\"type\": \"object\", \"requiredFlag\": false}, \"isLeaf\": false, \"entityType\": \"componentConfig\", \"childrenSet\": false, \"hasChildren\": false, \"dataElementType\": \"object\", \"encryption_required\": false}, {\"id\": \"5b0db240-78f2-4cfe-9581-e1e41ff224c8\", \"key\": \"/UpdateAmplifyMarketplaceProductIconMCPServerResponse/TextContent/result/content[]/text\", \"type\": \"string\", \"order\": 5.0, \"title\": \"text\", \"value\": {\"type\": \"string\", \"description\": \"The text content of the message.\", \"requiredFlag\": true}, \"isLeaf\": true, \"entityType\": \"componentConfig\", \"childrenSet\": false, \"hasChildren\": false, \"dataElementType\": \"string\", \"encryption_required\": false}], \"entityType\": \"componentConfig\", \"childrenSet\": false, \"hasChildren\": false, \"dataElementType\": \"documentArray\", \"encryption_required\": false}], \"entityType\": \"componentConfig\", \"childrenSet\": false, \"hasChildren\": false, \"dataElementType\": \"document\", \"encryption_required\": false}, {\"id\": \"5b0db240-78f2-4cfe-9581-e1e41ff224c8\", \"key\": \"/UpdateAmplifyMarketplaceProductIconMCPServerResponse/TextContent/responseHeaders\", \"type\": \"object\", \"order\": 6.0, \"title\": \"responseHeaders\", \"value\": {\"type\": \"object\", \"requiredFlag\": false}, \"isLeaf\": false, \"children\": [{\"id\": \"5b0db240-78f2-4cfe-9581-e1e41ff224c8\", \"key\": \"/UpdateAmplifyMarketplaceProductIconMCPServerResponse/TextContent/responseHeaders/Transfer-Encoding\", \"type\": \"string\", \"order\": 7.0, \"title\": \"Transfer-Encoding\", \"value\": {\"type\": \"string\", \"requiredFlag\": false}, \"isLeaf\": true, \"entityType\": \"componentConfig\", \"childrenSet\": false, \"hasChildren\": false, \"dataElementType\": \"string\", \"encryption_required\": false}, {\"id\": \"5b0db240-78f2-4cfe-9581-e1e41ff224c8\", \"key\": \"/UpdateAmplifyMarketplaceProductIconMCPServerResponse/TextContent/responseHeaders/Retry-After\", \"type\": \"string\", \"order\": 8.0, \"title\": \"Retry-After\", \"value\": {\"type\": \"string\", \"requiredFlag\": false}, \"isLeaf\": true, \"entityType\": \"componentConfig\", \"childrenSet\": false, \"hasChildren\": false, \"dataElementType\": \"string\", \"encryption_required\": false}, {\"id\": \"5b0db240-78f2-4cfe-9581-e1e41ff224c8\", \"key\": \"/UpdateAmplifyMarketplaceProductIconMCPServerResponse/TextContent/responseHeaders/Access-Control-Allow-Origin\", \"type\": \"string\", \"order\": 9.0, \"title\": \"Access-Control-Allow-Origin\", \"value\": {\"type\": \"string\", \"requiredFlag\": false}, \"isLeaf\": true, \"entityType\": \"componentConfig\", \"childrenSet\": false, \"hasChildren\": false, \"dataElementType\": \"string\", \"encryption_required\": false}, {\"id\": \"5b0db240-78f2-4cfe-9581-e1e41ff224c8\", \"key\": \"/UpdateAmplifyMarketplaceProductIconMCPServerResponse/TextContent/responseHeaders/ETag\", \"type\": \"string\", \"order\": 10.0, \"title\": \"ETag\", \"value\": {\"type\": \"string\", \"requiredFlag\": false}, \"isLeaf\": true, \"entityType\": \"componentConfig\", \"childrenSet\": false, \"hasChildren\": false, \"dataElementType\": \"string\", \"encryption_required\": false}, {\"id\": \"5b0db240-78f2-4cfe-9581-e1e41ff224c8\", \"key\": \"/UpdateAmplifyMarketplaceProductIconMCPServerResponse/TextContent/responseHeaders/Content-Encoding\", \"type\": \"string\", \"order\": 11.0, \"title\": \"Content-Encoding\", \"value\": {\"type\": \"string\", \"requiredFlag\": false}, \"isLeaf\": true, \"entityType\": \"componentConfig\", \"childrenSet\": false, \"hasChildren\": false, \"dataElementType\": \"string\", \"encryption_required\": false}, {\"id\": \"5b0db240-78f2-4cfe-9581-e1e41ff224c8\", \"key\": \"/UpdateAmplifyMarketplaceProductIconMCPServerResponse/TextContent/responseHeaders/Set-Cookie\", \"type\": \"string\", \"order\": 12.0, \"title\": \"Set-Cookie\", \"value\": {\"type\": \"string\", \"requiredFlag\": false}, \"isLeaf\": true, \"entityType\": \"componentConfig\", \"childrenSet\": false, \"hasChildren\": false, \"dataElementType\": \"string\", \"encryption_required\": false}, {\"id\": \"5b0db240-78f2-4cfe-9581-e1e41ff224c8\", \"key\": \"/UpdateAmplifyMarketplaceProductIconMCPServerResponse/TextContent/responseHeaders/Expires\", \"type\": \"string\", \"order\": 13.0, \"title\": \"Expires\", \"value\": {\"type\": \"string\", \"requiredFlag\": false}, \"isLeaf\": true, \"entityType\": \"componentConfig\", \"childrenSet\": false, \"hasChildren\": false, \"dataElementType\": \"string\", \"encryption_required\": false}, {\"id\": \"5b0db240-78f2-4cfe-9581-e1e41ff224c8\", \"key\": \"/UpdateAmplifyMarketplaceProductIconMCPServerResponse/TextContent/responseHeaders/Last-Modified\", \"type\": \"string\", \"order\": 14.0, \"title\": \"Last-Modified\", \"value\": {\"type\": \"string\", \"requiredFlag\": false}, \"isLeaf\": true, \"entityType\": \"componentConfig\", \"childrenSet\": false, \"hasChildren\": false, \"dataElementType\": \"string\", \"encryption_required\": false}, {\"id\": \"5b0db240-78f2-4cfe-9581-e1e41ff224c8\", \"key\": \"/UpdateAmplifyMarketplaceProductIconMCPServerResponse/TextContent/responseHeaders/Content-Language\", \"type\": \"string\", \"order\": 15.0, \"title\": \"Content-Language\", \"value\": {\"type\": \"string\", \"requiredFlag\": false}, \"isLeaf\": true, \"entityType\": \"componentConfig\", \"childrenSet\": false, \"hasChildren\": false, \"dataElementType\": \"string\", \"encryption_required\": false}, {\"id\": \"5b0db240-78f2-4cfe-9581-e1e41ff224c8\", \"key\": \"/UpdateAmplifyMarketplaceProductIconMCPServerResponse/TextContent/responseHeaders/Allow\", \"type\": \"string\", \"order\": 16.0, \"title\": \"Allow\", \"value\": {\"type\": \"string\", \"requiredFlag\": false}, \"isLeaf\": true, \"entityType\": \"componentConfig\", \"childrenSet\": false, \"hasChildren\": false, \"dataElementType\": \"string\", \"encryption_required\": false}, {\"id\": \"5b0db240-78f2-4cfe-9581-e1e41ff224c8\", \"key\": \"/UpdateAmplifyMarketplaceProductIconMCPServerResponse/TextContent/responseHeaders/Content-Type\", \"type\": \"string\", \"order\": 17.0, \"title\": \"Content-Type\", \"value\": {\"type\": \"string\", \"requiredFlag\": false}, \"isLeaf\": true, \"entityType\": \"componentConfig\", \"childrenSet\": false, \"hasChildren\": false, \"dataElementType\": \"string\", \"encryption_required\": false}, {\"id\": \"5b0db240-78f2-4cfe-9581-e1e41ff224c8\", \"key\": \"/UpdateAmplifyMarketplaceProductIconMCPServerResponse/TextContent/responseHeaders/Location\", \"type\": \"string\", \"order\": 18.0, \"title\": \"Location\", \"value\": {\"type\": \"string\", \"requiredFlag\": false}, \"isLeaf\": true, \"entityType\": \"componentConfig\", \"childrenSet\": false, \"hasChildren\": false, \"dataElementType\": \"string\", \"encryption_required\": false}], \"entityType\": \"componentConfig\", \"childrenSet\": false, \"hasChildren\": false, \"dataElementType\": \"document\", \"encryption_required\": false}], \"entityType\": \"componentConfig\", \"childrenSet\": false, \"hasChildren\": false, \"dataElementType\": \"document\", \"encryption_required\": false}, {\"key\": \"/UpdateAmplifyMarketplaceProductIconMCPServerResponse/ErrorContent\", \"type\": \"object\", \"order\": 1.0, \"title\": \"ErrorContent\", \"value\": {\"type\": \"object\"}, \"children\": [{\"id\": \"5b0db240-78f2-4cfe-9581-e1e41ff224c8\", \"key\": \"/UpdateAmplifyMarketplaceProductIconMCPServerResponse/ErrorContent/result\", \"type\": \"object\", \"order\": 1.0, \"title\": \"result\", \"value\": {\"type\": \"object\", \"requiredFlag\": true}, \"isLeaf\": false, \"children\": [{\"id\": \"5b0db240-78f2-4cfe-9581-e1e41ff224c8\", \"key\": \"/UpdateAmplifyMarketplaceProductIconMCPServerResponse/ErrorContent/result/code\", \"type\": \"number\", \"order\": 2.0, \"title\": \"code\", \"value\": {\"type\": \"number\", \"description\": \"A code representing the error type.\", \"requiredFlag\": true}, \"isLeaf\": true, \"entityType\": \"componentConfig\", \"childrenSet\": false, \"hasChildren\": false, \"dataElementType\": \"number\", \"encryption_required\": false}, {\"id\": \"5b0db240-78f2-4cfe-9581-e1e41ff224c8\", \"key\": \"/UpdateAmplifyMarketplaceProductIconMCPServerResponse/ErrorContent/result/message\", \"type\": \"string\", \"order\": 3.0, \"title\": \"message\", \"value\": {\"type\": \"string\", \"description\": \"A short description of the error.\", \"requiredFlag\": true}, \"isLeaf\": true, \"entityType\": \"componentConfig\", \"childrenSet\": false, \"hasChildren\": false, \"dataElementType\": \"string\", \"encryption_required\": false}], \"entityType\": \"componentConfig\", \"childrenSet\": false, \"hasChildren\": false, \"dataElementType\": \"document\", \"encryption_required\": false}, {\"id\": \"5b0db240-78f2-4cfe-9581-e1e41ff224c8\", \"key\": \"/UpdateAmplifyMarketplaceProductIconMCPServerResponse/ErrorContent/responseHeaders\", \"type\": \"object\", \"order\": 4.0, \"title\": \"responseHeaders\", \"value\": {\"type\": \"object\", \"requiredFlag\": false}, \"isLeaf\": false, \"children\": [{\"id\": \"5b0db240-78f2-4cfe-9581-e1e41ff224c8\", \"key\": \"/UpdateAmplifyMarketplaceProductIconMCPServerResponse/ErrorContent/responseHeaders/Transfer-Encoding\", \"type\": \"string\", \"order\": 5.0, \"title\": \"Transfer-Encoding\", \"value\": {\"type\": \"string\", \"requiredFlag\": false}, \"isLeaf\": true, \"entityType\": \"componentConfig\", \"childrenSet\": false, \"hasChildren\": false, \"dataElementType\": \"string\", \"encryption_required\": false}, {\"id\": \"5b0db240-78f2-4cfe-9581-e1e41ff224c8\", \"key\": \"/UpdateAmplifyMarketplaceProductIconMCPServerResponse/ErrorContent/responseHeaders/Retry-After\", \"type\": \"string\", \"order\": 6.0, \"title\": \"Retry-After\", \"value\": {\"type\": \"string\", \"requiredFlag\": false}, \"isLeaf\": true, \"entityType\": \"componentConfig\", \"childrenSet\": false, \"hasChildren\": false, \"dataElementType\": \"string\", \"encryption_required\": false}, {\"id\": \"5b0db240-78f2-4cfe-9581-e1e41ff224c8\", \"key\": \"/UpdateAmplifyMarketplaceProductIconMCPServerResponse/ErrorContent/responseHeaders/Access-Control-Allow-Origin\", \"type\": \"string\", \"order\": 7.0, \"title\": \"Access-Control-Allow-Origin\", \"value\": {\"type\": \"string\", \"requiredFlag\": false}, \"isLeaf\": true, \"entityType\": \"componentConfig\", \"childrenSet\": false, \"hasChildren\": false, \"dataElementType\": \"string\", \"encryption_required\": false}, {\"id\": \"5b0db240-78f2-4cfe-9581-e1e41ff224c8\", \"key\": \"/UpdateAmplifyMarketplaceProductIconMCPServerResponse/ErrorContent/responseHeaders/ETag\", \"type\": \"string\", \"order\": 8.0, \"title\": \"ETag\", \"value\": {\"type\": \"string\", \"requiredFlag\": false}, \"isLeaf\": true, \"entityType\": \"componentConfig\", \"childrenSet\": false, \"hasChildren\": false, \"dataElementType\": \"string\", \"encryption_required\": false}, {\"id\": \"5b0db240-78f2-4cfe-9581-e1e41ff224c8\", \"key\": \"/UpdateAmplifyMarketplaceProductIconMCPServerResponse/ErrorContent/responseHeaders/Content-Encoding\", \"type\": \"string\", \"order\": 9.0, \"title\": \"Content-Encoding\", \"value\": {\"type\": \"string\", \"requiredFlag\": false}, \"isLeaf\": true, \"entityType\": \"componentConfig\", \"childrenSet\": false, \"hasChildren\": false, \"dataElementType\": \"string\", \"encryption_required\": false}, {\"id\": \"5b0db240-78f2-4cfe-9581-e1e41ff224c8\", \"key\": \"/UpdateAmplifyMarketplaceProductIconMCPServerResponse/ErrorContent/responseHeaders/Set-Cookie\", \"type\": \"string\", \"order\": 10.0, \"title\": \"Set-Cookie\", \"value\": {\"type\": \"string\", \"requiredFlag\": false}, \"isLeaf\": true, \"entityType\": \"componentConfig\", \"childrenSet\": false, \"hasChildren\": false, \"dataElementType\": \"string\", \"encryption_required\": false}, {\"id\": \"5b0db240-78f2-4cfe-9581-e1e41ff224c8\", \"key\": \"/UpdateAmplifyMarketplaceProductIconMCPServerResponse/ErrorContent/responseHeaders/Expires\", \"type\": \"string\", \"order\": 11.0, \"title\": \"Expires\", \"value\": {\"type\": \"string\", \"requiredFlag\": false}, \"isLeaf\": true, \"entityType\": \"componentConfig\", \"childrenSet\": false, \"hasChildren\": false, \"dataElementType\": \"string\", \"encryption_required\": false}, {\"id\": \"5b0db240-78f2-4cfe-9581-e1e41ff224c8\", \"key\": \"/UpdateAmplifyMarketplaceProductIconMCPServerResponse/ErrorContent/responseHeaders/Last-Modified\", \"type\": \"string\", \"order\": 12.0, \"title\": \"Last-Modified\", \"value\": {\"type\": \"string\", \"requiredFlag\": false}, \"isLeaf\": true, \"entityType\": \"componentConfig\", \"childrenSet\": false, \"hasChildren\": false, \"dataElementType\": \"string\", \"encryption_required\": false}, {\"id\": \"5b0db240-78f2-4cfe-9581-e1e41ff224c8\", \"key\": \"/UpdateAmplifyMarketplaceProductIconMCPServerResponse/ErrorContent/responseHeaders/Content-Language\", \"type\": \"string\", \"order\": 13.0, \"title\": \"Content-Language\", \"value\": {\"type\": \"string\", \"requiredFlag\": false}, \"isLeaf\": true, \"entityType\": \"componentConfig\", \"childrenSet\": false, \"hasChildren\": false, \"dataElementType\": \"string\", \"encryption_required\": false}, {\"id\": \"5b0db240-78f2-4cfe-9581-e1e41ff224c8\", \"key\": \"/UpdateAmplifyMarketplaceProductIconMCPServerResponse/ErrorContent/responseHeaders/Allow\", \"type\": \"string\", \"order\": 14.0, \"title\": \"Allow\", \"value\": {\"type\": \"string\", \"requiredFlag\": false}, \"isLeaf\": true, \"entityType\": \"componentConfig\", \"childrenSet\": false, \"hasChildren\": false, \"dataElementType\": \"string\", \"encryption_required\": false}, {\"id\": \"5b0db240-78f2-4cfe-9581-e1e41ff224c8\", \"key\": \"/UpdateAmplifyMarketplaceProductIconMCPServerResponse/ErrorContent/responseHeaders/Content-Type\", \"type\": \"string\", \"order\": 15.0, \"title\": \"Content-Type\", \"value\": {\"type\": \"string\", \"requiredFlag\": false}, \"isLeaf\": true, \"entityType\": \"componentConfig\", \"childrenSet\": false, \"hasChildren\": false, \"dataElementType\": \"string\", \"encryption_required\": false}, {\"id\": \"5b0db240-78f2-4cfe-9581-e1e41ff224c8\", \"key\": \"/UpdateAmplifyMarketplaceProductIconMCPServerResponse/ErrorContent/responseHeaders/Location\", \"type\": \"string\", \"order\": 16.0, \"title\": \"Location\", \"value\": {\"type\": \"string\", \"requiredFlag\": false}, \"isLeaf\": true, \"entityType\": \"componentConfig\", \"childrenSet\": false, \"hasChildren\": false, \"dataElementType\": \"string\", \"encryption_required\": false}], \"entityType\": \"componentConfig\", \"childrenSet\": false, \"hasChildren\": false, \"dataElementType\": \"document\", \"encryption_required\": false}], \"entityType\": \"componentConfig\", \"childrenSet\": false, \"hasChildren\": false, \"dataElementType\": \"document\", \"encryption_required\": false}, {\"key\": \"/UpdateAmplifyMarketplaceProductIconMCPServerResponse/ImageContent\", \"type\": \"object\", \"order\": 1.0, \"title\": \"ImageContent\", \"value\": {\"type\": \"object\"}, \"children\": [{\"id\": \"5b0db240-78f2-4cfe-9581-e1e41ff224c8\", \"key\": \"/UpdateAmplifyMarketplaceProductIconMCPServerResponse/ImageContent/result\", \"type\": \"object\", \"order\": 1.0, \"title\": \"result\", \"value\": {\"type\": \"object\", \"requiredFlag\": true}, \"isLeaf\": false, \"children\": [{\"id\": \"5b0db240-78f2-4cfe-9581-e1e41ff224c8\", \"key\": \"/UpdateAmplifyMarketplaceProductIconMCPServerResponse/ImageContent/result/_meta\", \"type\": \"object\", \"order\": 2.0, \"title\": \"_meta\", \"value\": {\"type\": \"object\", \"requiredFlag\": false}, \"isLeaf\": false, \"entityType\": \"componentConfig\", \"childrenSet\": false, \"hasChildren\": false, \"dataElementType\": \"object\", \"encryption_required\": false}, {\"id\": \"5b0db240-78f2-4cfe-9581-e1e41ff224c8\", \"key\": \"/UpdateAmplifyMarketplaceProductIconMCPServerResponse/ImageContent/result/content[]\", \"type\": \"array\", \"order\": 3.0, \"title\": \"content\", \"value\": {\"type\": \"array\", \"requiredFlag\": true}, \"isLeaf\": false, \"children\": [{\"id\": \"5b0db240-78f2-4cfe-9581-e1e41ff224c8\", \"key\": \"/UpdateAmplifyMarketplaceProductIconMCPServerResponse/ImageContent/result/content[]/annotations\", \"type\": \"object\", \"order\": 4.0, \"title\": \"annotations\", \"value\": {\"type\": \"object\", \"requiredFlag\": false}, \"isLeaf\": false, \"entityType\": \"componentConfig\", \"childrenSet\": false, \"hasChildren\": false, \"dataElementType\": \"object\", \"encryption_required\": false}, {\"id\": \"5b0db240-78f2-4cfe-9581-e1e41ff224c8\", \"key\": \"/UpdateAmplifyMarketplaceProductIconMCPServerResponse/ImageContent/result/content[]/data\", \"type\": \"string\", \"order\": 5.0, \"title\": \"data\", \"value\": {\"type\": \"string\", \"format\": \"byte\", \"description\": \"The base64-encoded image data.\", \"requiredFlag\": true}, \"isLeaf\": true, \"entityType\": \"componentConfig\", \"childrenSet\": false, \"hasChildren\": false, \"dataElementType\": \"string\", \"encryption_required\": false}, {\"id\": \"5b0db240-78f2-4cfe-9581-e1e41ff224c8\", \"key\": \"/UpdateAmplifyMarketplaceProductIconMCPServerResponse/ImageContent/result/content[]/mimeType\", \"type\": \"string\", \"order\": 6.0, \"title\": \"mimeType\", \"value\": {\"type\": \"string\", \"description\": \"The MIME type of the image. Different providers may support different image types.\", \"requiredFlag\": true}, \"isLeaf\": true, \"entityType\": \"componentConfig\", \"childrenSet\": false, \"hasChildren\": false, \"dataElementType\": \"string\", \"encryption_required\": false}], \"entityType\": \"componentConfig\", \"childrenSet\": false, \"hasChildren\": false, \"dataElementType\": \"documentArray\", \"encryption_required\": false}], \"entityType\": \"componentConfig\", \"childrenSet\": false, \"hasChildren\": false, \"dataElementType\": \"document\", \"encryption_required\": false}, {\"id\": \"5b0db240-78f2-4cfe-9581-e1e41ff224c8\", \"key\": \"/UpdateAmplifyMarketplaceProductIconMCPServerResponse/ImageContent/responseHeaders\", \"type\": \"object\", \"order\": 7.0, \"title\": \"responseHeaders\", \"value\": {\"type\": \"object\", \"requiredFlag\": false}, \"isLeaf\": false, \"children\": [{\"id\": \"5b0db240-78f2-4cfe-9581-e1e41ff224c8\", \"key\": \"/UpdateAmplifyMarketplaceProductIconMCPServerResponse/ImageContent/responseHeaders/Transfer-Encoding\", \"type\": \"string\", \"order\": 8.0, \"title\": \"Transfer-Encoding\", \"value\": {\"type\": \"string\", \"requiredFlag\": false}, \"isLeaf\": true, \"entityType\": \"componentConfig\", \"childrenSet\": false, \"hasChildren\": false, \"dataElementType\": \"string\", \"encryption_required\": false}, {\"id\": \"5b0db240-78f2-4cfe-9581-e1e41ff224c8\", \"key\": \"/UpdateAmplifyMarketplaceProductIconMCPServerResponse/ImageContent/responseHeaders/Retry-After\", \"type\": \"string\", \"order\": 9.0, \"title\": \"Retry-After\", \"value\": {\"type\": \"string\", \"requiredFlag\": false}, \"isLeaf\": true, \"entityType\": \"componentConfig\", \"childrenSet\": false, \"hasChildren\": false, \"dataElementType\": \"string\", \"encryption_required\": false}, {\"id\": \"5b0db240-78f2-4cfe-9581-e1e41ff224c8\", \"key\": \"/UpdateAmplifyMarketplaceProductIconMCPServerResponse/ImageContent/responseHeaders/Access-Control-Allow-Origin\", \"type\": \"string\", \"order\": 10.0, \"title\": \"Access-Control-Allow-Origin\", \"value\": {\"type\": \"string\", \"requiredFlag\": false}, \"isLeaf\": true, \"entityType\": \"componentConfig\", \"childrenSet\": false, \"hasChildren\": false, \"dataElementType\": \"string\", \"encryption_required\": false}, {\"id\": \"5b0db240-78f2-4cfe-9581-e1e41ff224c8\", \"key\": \"/UpdateAmplifyMarketplaceProductIconMCPServerResponse/ImageContent/responseHeaders/ETag\", \"type\": \"string\", \"order\": 11.0, \"title\": \"ETag\", \"value\": {\"type\": \"string\", \"requiredFlag\": false}, \"isLeaf\": true, \"entityType\": \"componentConfig\", \"childrenSet\": false, \"hasChildren\": false, \"dataElementType\": \"string\", \"encryption_required\": false}, {\"id\": \"5b0db240-78f2-4cfe-9581-e1e41ff224c8\", \"key\": \"/UpdateAmplifyMarketplaceProductIconMCPServerResponse/ImageContent/responseHeaders/Content-Encoding\", \"type\": \"string\", \"order\": 12.0, \"title\": \"Content-Encoding\", \"value\": {\"type\": \"string\", \"requiredFlag\": false}, \"isLeaf\": true, \"entityType\": \"componentConfig\", \"childrenSet\": false, \"hasChildren\": false, \"dataElementType\": \"string\", \"encryption_required\": false}, {\"id\": \"5b0db240-78f2-4cfe-9581-e1e41ff224c8\", \"key\": \"/UpdateAmplifyMarketplaceProductIconMCPServerResponse/ImageContent/responseHeaders/Set-Cookie\", \"type\": \"string\", \"order\": 13.0, \"title\": \"Set-Cookie\", \"value\": {\"type\": \"string\", \"requiredFlag\": false}, \"isLeaf\": true, \"entityType\": \"componentConfig\", \"childrenSet\": false, \"hasChildren\": false, \"dataElementType\": \"string\", \"encryption_required\": false}, {\"id\": \"5b0db240-78f2-4cfe-9581-e1e41ff224c8\", \"key\": \"/UpdateAmplifyMarketplaceProductIconMCPServerResponse/ImageContent/responseHeaders/Expires\", \"type\": \"string\", \"order\": 14.0, \"title\": \"Expires\", \"value\": {\"type\": \"string\", \"requiredFlag\": false}, \"isLeaf\": true, \"entityType\": \"componentConfig\", \"childrenSet\": false, \"hasChildren\": false, \"dataElementType\": \"string\", \"encryption_required\": false}, {\"id\": \"5b0db240-78f2-4cfe-9581-e1e41ff224c8\", \"key\": \"/UpdateAmplifyMarketplaceProductIconMCPServerResponse/ImageContent/responseHeaders/Last-Modified\", \"type\": \"string\", \"order\": 15.0, \"title\": \"Last-Modified\", \"value\": {\"type\": \"string\", \"requiredFlag\": false}, \"isLeaf\": true, \"entityType\": \"componentConfig\", \"childrenSet\": false, \"hasChildren\": false, \"dataElementType\": \"string\", \"encryption_required\": false}, {\"id\": \"5b0db240-78f2-4cfe-9581-e1e41ff224c8\", \"key\": \"/UpdateAmplifyMarketplaceProductIconMCPServerResponse/ImageContent/responseHeaders/Content-Language\", \"type\": \"string\", \"order\": 16.0, \"title\": \"Content-Language\", \"value\": {\"type\": \"string\", \"requiredFlag\": false}, \"isLeaf\": true, \"entityType\": \"componentConfig\", \"childrenSet\": false, \"hasChildren\": false, \"dataElementType\": \"string\", \"encryption_required\": false}, {\"id\": \"5b0db240-78f2-4cfe-9581-e1e41ff224c8\", \"key\": \"/UpdateAmplifyMarketplaceProductIconMCPServerResponse/ImageContent/responseHeaders/Allow\", \"type\": \"string\", \"order\": 17.0, \"title\": \"Allow\", \"value\": {\"type\": \"string\", \"requiredFlag\": false}, \"isLeaf\": true, \"entityType\": \"componentConfig\", \"childrenSet\": false, \"hasChildren\": false, \"dataElementType\": \"string\", \"encryption_required\": false}, {\"id\": \"5b0db240-78f2-4cfe-9581-e1e41ff224c8\", \"key\": \"/UpdateAmplifyMarketplaceProductIconMCPServerResponse/ImageContent/responseHeaders/Content-Type\", \"type\": \"string\", \"order\": 18.0, \"title\": \"Content-Type\", \"value\": {\"type\": \"string\", \"requiredFlag\": false}, \"isLeaf\": true, \"entityType\": \"componentConfig\", \"childrenSet\": false, \"hasChildren\": false, \"dataElementType\": \"string\", \"encryption_required\": false}, {\"id\": \"5b0db240-78f2-4cfe-9581-e1e41ff224c8\", \"key\": \"/UpdateAmplifyMarketplaceProductIconMCPServerResponse/ImageContent/responseHeaders/Location\", \"type\": \"string\", \"order\": 19.0, \"title\": \"Location\", \"value\": {\"type\": \"string\", \"requiredFlag\": false}, \"isLeaf\": true, \"entityType\": \"componentConfig\", \"childrenSet\": false, \"hasChildren\": false, \"dataElementType\": \"string\", \"encryption_required\": false}], \"entityType\": \"componentConfig\", \"childrenSet\": false, \"hasChildren\": false, \"dataElementType\": \"document\", \"encryption_required\": false}], \"entityType\": \"componentConfig\", \"childrenSet\": false, \"hasChildren\": false, \"dataElementType\": \"document\", \"encryption_required\": false}, {\"key\": \"/UpdateAmplifyMarketplaceProductIconMCPServerResponse/BlobEmbeddedResource\", \"type\": \"object\", \"order\": 1.0, \"title\": \"BlobEmbeddedResource\", \"value\": {\"type\": \"object\"}, \"children\": [{\"id\": \"5b0db240-78f2-4cfe-9581-e1e41ff224c8\", \"key\": \"/UpdateAmplifyMarketplaceProductIconMCPServerResponse/BlobEmbeddedResource/result\", \"type\": \"object\", \"order\": 1.0, \"title\": \"result\", \"value\": {\"type\": \"object\", \"requiredFlag\": true}, \"isLeaf\": false, \"children\": [{\"id\": \"5b0db240-78f2-4cfe-9581-e1e41ff224c8\", \"key\": \"/UpdateAmplifyMarketplaceProductIconMCPServerResponse/BlobEmbeddedResource/result/_meta\", \"type\": \"object\", \"order\": 2.0, \"title\": \"_meta\", \"value\": {\"type\": \"object\", \"requiredFlag\": false}, \"isLeaf\": false, \"entityType\": \"componentConfig\", \"childrenSet\": false, \"hasChildren\": false, \"dataElementType\": \"object\", \"encryption_required\": false}, {\"id\": \"5b0db240-78f2-4cfe-9581-e1e41ff224c8\", \"key\": \"/UpdateAmplifyMarketplaceProductIconMCPServerResponse/BlobEmbeddedResource/result/content[]\", \"type\": \"array\", \"order\": 3.0, \"title\": \"content\", \"value\": {\"type\": \"array\", \"requiredFlag\": true}, \"isLeaf\": false, \"children\": [{\"id\": \"5b0db240-78f2-4cfe-9581-e1e41ff224c8\", \"key\": \"/UpdateAmplifyMarketplaceProductIconMCPServerResponse/BlobEmbeddedResource/result/content[]/annotations\", \"type\": \"object\", \"order\": 4.0, \"title\": \"annotations\", \"value\": {\"type\": \"object\", \"requiredFlag\": false}, \"isLeaf\": false, \"entityType\": \"componentConfig\", \"childrenSet\": false, \"hasChildren\": false, \"dataElementType\": \"object\", \"encryption_required\": false}, {\"id\": \"5b0db240-78f2-4cfe-9581-e1e41ff224c8\", \"key\": \"/UpdateAmplifyMarketplaceProductIconMCPServerResponse/BlobEmbeddedResource/result/content[]/resource\", \"type\": \"object\", \"order\": 5.0, \"title\": \"resource\", \"value\": {\"type\": \"object\", \"requiredFlag\": true}, \"isLeaf\": false, \"children\": [{\"id\": \"5b0db240-78f2-4cfe-9581-e1e41ff224c8\", \"key\": \"/UpdateAmplifyMarketplaceProductIconMCPServerResponse/BlobEmbeddedResource/result/content[]/resource/blob\", \"type\": \"string\", \"order\": 6.0, \"title\": \"blob\", \"value\": {\"type\": \"string\", \"format\": \"byte\", \"description\": \"A base64-encoded string representing the binary data of the item.\", \"requiredFlag\": true}, \"isLeaf\": true, \"entityType\": \"componentConfig\", \"childrenSet\": false, \"hasChildren\": false, \"dataElementType\": \"string\", \"encryption_required\": false}, {\"id\": \"5b0db240-78f2-4cfe-9581-e1e41ff224c8\", \"key\": \"/UpdateAmplifyMarketplaceProductIconMCPServerResponse/BlobEmbeddedResource/result/content[]/resource/mimeType\", \"type\": \"string\", \"order\": 7.0, \"title\": \"mimeType\", \"value\": {\"type\": \"string\", \"description\": \"The MIME type of this resource, if known.\", \"requiredFlag\": false}, \"isLeaf\": true, \"entityType\": \"componentConfig\", \"childrenSet\": false, \"hasChildren\": false, \"dataElementType\": \"string\", \"encryption_required\": false}, {\"id\": \"5b0db240-78f2-4cfe-9581-e1e41ff224c8\", \"key\": \"/UpdateAmplifyMarketplaceProductIconMCPServerResponse/BlobEmbeddedResource/result/content[]/resource/uri\", \"type\": \"string\", \"order\": 8.0, \"title\": \"uri\", \"value\": {\"type\": \"string\", \"format\": \"uri\", \"description\": \"The URI of this resource.\", \"requiredFlag\": true}, \"isLeaf\": true, \"entityType\": \"componentConfig\", \"childrenSet\": false, \"hasChildren\": false, \"dataElementType\": \"string\", \"encryption_required\": false}], \"entityType\": \"componentConfig\", \"childrenSet\": false, \"hasChildren\": false, \"dataElementType\": \"document\", \"encryption_required\": false}], \"entityType\": \"componentConfig\", \"childrenSet\": false, \"hasChildren\": false, \"dataElementType\": \"documentArray\", \"encryption_required\": false}], \"entityType\": \"componentConfig\", \"childrenSet\": false, \"hasChildren\": false, \"dataElementType\": \"document\", \"encryption_required\": false}, {\"id\": \"5b0db240-78f2-4cfe-9581-e1e41ff224c8\", \"key\": \"/UpdateAmplifyMarketplaceProductIconMCPServerResponse/BlobEmbeddedResource/responseHeaders\", \"type\": \"object\", \"order\": 9.0, \"title\": \"responseHeaders\", \"value\": {\"type\": \"object\", \"requiredFlag\": false}, \"isLeaf\": false, \"children\": [{\"id\": \"5b0db240-78f2-4cfe-9581-e1e41ff224c8\", \"key\": \"/UpdateAmplifyMarketplaceProductIconMCPServerResponse/BlobEmbeddedResource/responseHeaders/Transfer-Encoding\", \"type\": \"string\", \"order\": 10.0, \"title\": \"Transfer-Encoding\", \"value\": {\"type\": \"string\", \"requiredFlag\": false}, \"isLeaf\": true, \"entityType\": \"componentConfig\", \"childrenSet\": false, \"hasChildren\": false, \"dataElementType\": \"string\", \"encryption_required\": false}, {\"id\": \"5b0db240-78f2-4cfe-9581-e1e41ff224c8\", \"key\": \"/UpdateAmplifyMarketplaceProductIconMCPServerResponse/BlobEmbeddedResource/responseHeaders/Retry-After\", \"type\": \"string\", \"order\": 11.0, \"title\": \"Retry-After\", \"value\": {\"type\": \"string\", \"requiredFlag\": false}, \"isLeaf\": true, \"entityType\": \"componentConfig\", \"childrenSet\": false, \"hasChildren\": false, \"dataElementType\": \"string\", \"encryption_required\": false}, {\"id\": \"5b0db240-78f2-4cfe-9581-e1e41ff224c8\", \"key\": \"/UpdateAmplifyMarketplaceProductIconMCPServerResponse/BlobEmbeddedResource/responseHeaders/Access-Control-Allow-Origin\", \"type\": \"string\", \"order\": 12.0, \"title\": \"Access-Control-Allow-Origin\", \"value\": {\"type\": \"string\", \"requiredFlag\": false}, \"isLeaf\": true, \"entityType\": \"componentConfig\", \"childrenSet\": false, \"hasChildren\": false, \"dataElementType\": \"string\", \"encryption_required\": false}, {\"id\": \"5b0db240-78f2-4cfe-9581-e1e41ff224c8\", \"key\": \"/UpdateAmplifyMarketplaceProductIconMCPServerResponse/BlobEmbeddedResource/responseHeaders/ETag\", \"type\": \"string\", \"order\": 13.0, \"title\": \"ETag\", \"value\": {\"type\": \"string\", \"requiredFlag\": false}, \"isLeaf\": true, \"entityType\": \"componentConfig\", \"childrenSet\": false, \"hasChildren\": false, \"dataElementType\": \"string\", \"encryption_required\": false}, {\"id\": \"5b0db240-78f2-4cfe-9581-e1e41ff224c8\", \"key\": \"/UpdateAmplifyMarketplaceProductIconMCPServerResponse/BlobEmbeddedResource/responseHeaders/Content-Encoding\", \"type\": \"string\", \"order\": 14.0, \"title\": \"Content-Encoding\", \"value\": {\"type\": \"string\", \"requiredFlag\": false}, \"isLeaf\": true, \"entityType\": \"componentConfig\", \"childrenSet\": false, \"hasChildren\": false, \"dataElementType\": \"string\", \"encryption_required\": false}, {\"id\": \"5b0db240-78f2-4cfe-9581-e1e41ff224c8\", \"key\": \"/UpdateAmplifyMarketplaceProductIconMCPServerResponse/BlobEmbeddedResource/responseHeaders/Set-Cookie\", \"type\": \"string\", \"order\": 15.0, \"title\": \"Set-Cookie\", \"value\": {\"type\": \"string\", \"requiredFlag\": false}, \"isLeaf\": true, \"entityType\": \"componentConfig\", \"childrenSet\": false, \"hasChildren\": false, \"dataElementType\": \"string\", \"encryption_required\": false}, {\"id\": \"5b0db240-78f2-4cfe-9581-e1e41ff224c8\", \"key\": \"/UpdateAmplifyMarketplaceProductIconMCPServerResponse/BlobEmbeddedResource/responseHeaders/Expires\", \"type\": \"string\", \"order\": 16.0, \"title\": \"Expires\", \"value\": {\"type\": \"string\", \"requiredFlag\": false}, \"isLeaf\": true, \"entityType\": \"componentConfig\", \"childrenSet\": false, \"hasChildren\": false, \"dataElementType\": \"string\", \"encryption_required\": false}, {\"id\": \"5b0db240-78f2-4cfe-9581-e1e41ff224c8\", \"key\": \"/UpdateAmplifyMarketplaceProductIconMCPServerResponse/BlobEmbeddedResource/responseHeaders/Last-Modified\", \"type\": \"string\", \"order\": 17.0, \"title\": \"Last-Modified\", \"value\": {\"type\": \"string\", \"requiredFlag\": false}, \"isLeaf\": true, \"entityType\": \"componentConfig\", \"childrenSet\": false, \"hasChildren\": false, \"dataElementType\": \"string\", \"encryption_required\": false}, {\"id\": \"5b0db240-78f2-4cfe-9581-e1e41ff224c8\", \"key\": \"/UpdateAmplifyMarketplaceProductIconMCPServerResponse/BlobEmbeddedResource/responseHeaders/Content-Language\", \"type\": \"string\", \"order\": 18.0, \"title\": \"Content-Language\", \"value\": {\"type\": \"string\", \"requiredFlag\": false}, \"isLeaf\": true, \"entityType\": \"componentConfig\", \"childrenSet\": false, \"hasChildren\": false, \"dataElementType\": \"string\", \"encryption_required\": false}, {\"id\": \"5b0db240-78f2-4cfe-9581-e1e41ff224c8\", \"key\": \"/UpdateAmplifyMarketplaceProductIconMCPServerResponse/BlobEmbeddedResource/responseHeaders/Allow\", \"type\": \"string\", \"order\": 19.0, \"title\": \"Allow\", \"value\": {\"type\": \"string\", \"requiredFlag\": false}, \"isLeaf\": true, \"entityType\": \"componentConfig\", \"childrenSet\": false, \"hasChildren\": false, \"dataElementType\": \"string\", \"encryption_required\": false}, {\"id\": \"5b0db240-78f2-4cfe-9581-e1e41ff224c8\", \"key\": \"/UpdateAmplifyMarketplaceProductIconMCPServerResponse/BlobEmbeddedResource/responseHeaders/Content-Type\", \"type\": \"string\", \"order\": 20.0, \"title\": \"Content-Type\", \"value\": {\"type\": \"string\", \"requiredFlag\": false}, \"isLeaf\": true, \"entityType\": \"componentConfig\", \"childrenSet\": false, \"hasChildren\": false, \"dataElementType\": \"string\", \"encryption_required\": false}, {\"id\": \"5b0db240-78f2-4cfe-9581-e1e41ff224c8\", \"key\": \"/UpdateAmplifyMarketplaceProductIconMCPServerResponse/BlobEmbeddedResource/responseHeaders/Location\", \"type\": \"string\", \"order\": 21.0, \"title\": \"Location\", \"value\": {\"type\": \"string\", \"requiredFlag\": false}, \"isLeaf\": true, \"entityType\": \"componentConfig\", \"childrenSet\": false, \"hasChildren\": false, \"dataElementType\": \"string\", \"encryption_required\": false}], \"entityType\": \"componentConfig\", \"childrenSet\": false, \"hasChildren\": false, \"dataElementType\": \"document\", \"encryption_required\": false}], \"entityType\": \"componentConfig\", \"childrenSet\": false, \"hasChildren\": false, \"dataElementType\": \"document\", \"encryption_required\": false}, {\"key\": \"/UpdateAmplifyMarketplaceProductIconMCPServerResponse/TextEmbeddedResource\", \"type\": \"object\", \"order\": 1.0, \"title\": \"TextEmbeddedResource\", \"value\": {\"type\": \"object\"}, \"children\": [{\"id\": \"5b0db240-78f2-4cfe-9581-e1e41ff224c8\", \"key\": \"/UpdateAmplifyMarketplaceProductIconMCPServerResponse/TextEmbeddedResource/result\", \"type\": \"object\", \"order\": 1.0, \"title\": \"result\", \"value\": {\"type\": \"object\", \"requiredFlag\": true}, \"isLeaf\": false, \"children\": [{\"id\": \"5b0db240-78f2-4cfe-9581-e1e41ff224c8\", \"key\": \"/UpdateAmplifyMarketplaceProductIconMCPServerResponse/TextEmbeddedResource/result/_meta\", \"type\": \"object\", \"order\": 2.0, \"title\": \"_meta\", \"value\": {\"type\": \"object\", \"requiredFlag\": false}, \"isLeaf\": false, \"entityType\": \"componentConfig\", \"childrenSet\": false, \"hasChildren\": false, \"dataElementType\": \"object\", \"encryption_required\": false}, {\"id\": \"5b0db240-78f2-4cfe-9581-e1e41ff224c8\", \"key\": \"/UpdateAmplifyMarketplaceProductIconMCPServerResponse/TextEmbeddedResource/result/content[]\", \"type\": \"array\", \"order\": 3.0, \"title\": \"content\", \"value\": {\"type\": \"array\", \"requiredFlag\": true}, \"isLeaf\": false, \"children\": [{\"id\": \"5b0db240-78f2-4cfe-9581-e1e41ff224c8\", \"key\": \"/UpdateAmplifyMarketplaceProductIconMCPServerResponse/TextEmbeddedResource/result/content[]/annotations\", \"type\": \"object\", \"order\": 4.0, \"title\": \"annotations\", \"value\": {\"type\": \"object\", \"requiredFlag\": false}, \"isLeaf\": false, \"entityType\": \"componentConfig\", \"childrenSet\": false, \"hasChildren\": false, \"dataElementType\": \"object\", \"encryption_required\": false}, {\"id\": \"5b0db240-78f2-4cfe-9581-e1e41ff224c8\", \"key\": \"/UpdateAmplifyMarketplaceProductIconMCPServerResponse/TextEmbeddedResource/result/content[]/resource\", \"type\": \"object\", \"order\": 5.0, \"title\": \"resource\", \"value\": {\"type\": \"object\", \"requiredFlag\": true}, \"isLeaf\": false, \"children\": [{\"id\": \"5b0db240-78f2-4cfe-9581-e1e41ff224c8\", \"key\": \"/UpdateAmplifyMarketplaceProductIconMCPServerResponse/TextEmbeddedResource/result/content[]/resource/mimeType\", \"type\": \"string\", \"order\": 6.0, \"title\": \"mimeType\", \"value\": {\"type\": \"string\", \"description\": \"The MIME type of this resource, if known.\", \"requiredFlag\": false}, \"isLeaf\": true, \"entityType\": \"componentConfig\", \"childrenSet\": false, \"hasChildren\": false, \"dataElementType\": \"string\", \"encryption_required\": false}, {\"id\": \"5b0db240-78f2-4cfe-9581-e1e41ff224c8\", \"key\": \"/UpdateAmplifyMarketplaceProductIconMCPServerResponse/TextEmbeddedResource/result/content[]/resource/text\", \"type\": \"string\", \"order\": 7.0, \"title\": \"text\", \"value\": {\"type\": \"string\", \"description\": \"The text of the item. This must only be set if the item can actually be represented as text (not binary data).\", \"requiredFlag\": true}, \"isLeaf\": true, \"entityType\": \"componentConfig\", \"childrenSet\": false, \"hasChildren\": false, \"dataElementType\": \"string\", \"encryption_required\": false}, {\"id\": \"5b0db240-78f2-4cfe-9581-e1e41ff224c8\", \"key\": \"/UpdateAmplifyMarketplaceProductIconMCPServerResponse/TextEmbeddedResource/result/content[]/resource/uri\", \"type\": \"string\", \"order\": 8.0, \"title\": \"uri\", \"value\": {\"type\": \"string\", \"format\": \"uri\", \"description\": \"The URI of this resource.\", \"requiredFlag\": true}, \"isLeaf\": true, \"entityType\": \"componentConfig\", \"childrenSet\": false, \"hasChildren\": false, \"dataElementType\": \"string\", \"encryption_required\": false}], \"entityType\": \"componentConfig\", \"childrenSet\": false, \"hasChildren\": false, \"dataElementType\": \"document\", \"encryption_required\": false}], \"entityType\": \"componentConfig\", \"childrenSet\": false, \"hasChildren\": false, \"dataElementType\": \"documentArray\", \"encryption_required\": false}], \"entityType\": \"componentConfig\", \"childrenSet\": false, \"hasChildren\": false, \"dataElementType\": \"document\", \"encryption_required\": false}, {\"id\": \"5b0db240-78f2-4cfe-9581-e1e41ff224c8\", \"key\": \"/UpdateAmplifyMarketplaceProductIconMCPServerResponse/TextEmbeddedResource/responseHeaders\", \"type\": \"object\", \"order\": 9.0, \"title\": \"responseHeaders\", \"value\": {\"type\": \"object\", \"requiredFlag\": false}, \"isLeaf\": false, \"children\": [{\"id\": \"5b0db240-78f2-4cfe-9581-e1e41ff224c8\", \"key\": \"/UpdateAmplifyMarketplaceProductIconMCPServerResponse/TextEmbeddedResource/responseHeaders/Transfer-Encoding\", \"type\": \"string\", \"order\": 10.0, \"title\": \"Transfer-Encoding\", \"value\": {\"type\": \"string\", \"requiredFlag\": false}, \"isLeaf\": true, \"entityType\": \"componentConfig\", \"childrenSet\": false, \"hasChildren\": false, \"dataElementType\": \"string\", \"encryption_required\": false}, {\"id\": \"5b0db240-78f2-4cfe-9581-e1e41ff224c8\", \"key\": \"/UpdateAmplifyMarketplaceProductIconMCPServerResponse/TextEmbeddedResource/responseHeaders/Retry-After\", \"type\": \"string\", \"order\": 11.0, \"title\": \"Retry-After\", \"value\": {\"type\": \"string\", \"requiredFlag\": false}, \"isLeaf\": true, \"entityType\": \"componentConfig\", \"childrenSet\": false, \"hasChildren\": false, \"dataElementType\": \"string\", \"encryption_required\": false}, {\"id\": \"5b0db240-78f2-4cfe-9581-e1e41ff224c8\", \"key\": \"/UpdateAmplifyMarketplaceProductIconMCPServerResponse/TextEmbeddedResource/responseHeaders/Access-Control-Allow-Origin\", \"type\": \"string\", \"order\": 12.0, \"title\": \"Access-Control-Allow-Origin\", \"value\": {\"type\": \"string\", \"requiredFlag\": false}, \"isLeaf\": true, \"entityType\": \"componentConfig\", \"childrenSet\": false, \"hasChildren\": false, \"dataElementType\": \"string\", \"encryption_required\": false}, {\"id\": \"5b0db240-78f2-4cfe-9581-e1e41ff224c8\", \"key\": \"/UpdateAmplifyMarketplaceProductIconMCPServerResponse/TextEmbeddedResource/responseHeaders/ETag\", \"type\": \"string\", \"order\": 13.0, \"title\": \"ETag\", \"value\": {\"type\": \"string\", \"requiredFlag\": false}, \"isLeaf\": true, \"entityType\": \"componentConfig\", \"childrenSet\": false, \"hasChildren\": false, \"dataElementType\": \"string\", \"encryption_required\": false}, {\"id\": \"5b0db240-78f2-4cfe-9581-e1e41ff224c8\", \"key\": \"/UpdateAmplifyMarketplaceProductIconMCPServerResponse/TextEmbeddedResource/responseHeaders/Content-Encoding\", \"type\": \"string\", \"order\": 14.0, \"title\": \"Content-Encoding\", \"value\": {\"type\": \"string\", \"requiredFlag\": false}, \"isLeaf\": true, \"entityType\": \"componentConfig\", \"childrenSet\": false, \"hasChildren\": false, \"dataElementType\": \"string\", \"encryption_required\": false}, {\"id\": \"5b0db240-78f2-4cfe-9581-e1e41ff224c8\", \"key\": \"/UpdateAmplifyMarketplaceProductIconMCPServerResponse/TextEmbeddedResource/responseHeaders/Set-Cookie\", \"type\": \"string\", \"order\": 15.0, \"title\": \"Set-Cookie\", \"value\": {\"type\": \"string\", \"requiredFlag\": false}, \"isLeaf\": true, \"entityType\": \"componentConfig\", \"childrenSet\": false, \"hasChildren\": false, \"dataElementType\": \"string\", \"encryption_required\": false}, {\"id\": \"5b0db240-78f2-4cfe-9581-e1e41ff224c8\", \"key\": \"/UpdateAmplifyMarketplaceProductIconMCPServerResponse/TextEmbeddedResource/responseHeaders/Expires\", \"type\": \"string\", \"order\": 16.0, \"title\": \"Expires\", \"value\": {\"type\": \"string\", \"requiredFlag\": false}, \"isLeaf\": true, \"entityType\": \"componentConfig\", \"childrenSet\": false, \"hasChildren\": false, \"dataElementType\": \"string\", \"encryption_required\": false}, {\"id\": \"5b0db240-78f2-4cfe-9581-e1e41ff224c8\", \"key\": \"/UpdateAmplifyMarketplaceProductIconMCPServerResponse/TextEmbeddedResource/responseHeaders/Last-Modified\", \"type\": \"string\", \"order\": 17.0, \"title\": \"Last-Modified\", \"value\": {\"type\": \"string\", \"requiredFlag\": false}, \"isLeaf\": true, \"entityType\": \"componentConfig\", \"childrenSet\": false, \"hasChildren\": false, \"dataElementType\": \"string\", \"encryption_required\": false}, {\"id\": \"5b0db240-78f2-4cfe-9581-e1e41ff224c8\", \"key\": \"/UpdateAmplifyMarketplaceProductIconMCPServerResponse/TextEmbeddedResource/responseHeaders/Content-Language\", \"type\": \"string\", \"order\": 18.0, \"title\": \"Content-Language\", \"value\": {\"type\": \"string\", \"requiredFlag\": false}, \"isLeaf\": true, \"entityType\": \"componentConfig\", \"childrenSet\": false, \"hasChildren\": false, \"dataElementType\": \"string\", \"encryption_required\": false}, {\"id\": \"5b0db240-78f2-4cfe-9581-e1e41ff224c8\", \"key\": \"/UpdateAmplifyMarketplaceProductIconMCPServerResponse/TextEmbeddedResource/responseHeaders/Allow\", \"type\": \"string\", \"order\": 19.0, \"title\": \"Allow\", \"value\": {\"type\": \"string\", \"requiredFlag\": false}, \"isLeaf\": true, \"entityType\": \"componentConfig\", \"childrenSet\": false, \"hasChildren\": false, \"dataElementType\": \"string\", \"encryption_required\": false}, {\"id\": \"5b0db240-78f2-4cfe-9581-e1e41ff224c8\", \"key\": \"/UpdateAmplifyMarketplaceProductIconMCPServerResponse/TextEmbeddedResource/responseHeaders/Content-Type\", \"type\": \"string\", \"order\": 20.0, \"title\": \"Content-Type\", \"value\": {\"type\": \"string\", \"requiredFlag\": false}, \"isLeaf\": true, \"entityType\": \"componentConfig\", \"childrenSet\": false, \"hasChildren\": false, \"dataElementType\": \"string\", \"encryption_required\": false}, {\"id\": \"5b0db240-78f2-4cfe-9581-e1e41ff224c8\", \"key\": \"/UpdateAmplifyMarketplaceProductIconMCPServerResponse/TextEmbeddedResource/responseHeaders/Location\", \"type\": \"string\", \"order\": 21.0, \"title\": \"Location\", \"value\": {\"type\": \"string\", \"requiredFlag\": false}, \"isLeaf\": true, \"entityType\": \"componentConfig\", \"childrenSet\": false, \"hasChildren\": false, \"dataElementType\": \"string\", \"encryption_required\": false}], \"entityType\": \"componentConfig\", \"childrenSet\": false, \"hasChildren\": false, \"dataElementType\": \"document\", \"encryption_required\": false}], \"entityType\": \"componentConfig\", \"childrenSet\": false, \"hasChildren\": false, \"dataElementType\": \"document\", \"encryption_required\": false}], \"entityType\": \"componentConfig\", \"childrenSet\": false, \"hasChildren\": false, \"dataElementType\": \"document\", \"encryption_required\": false}]",
    "null" : false
  },
  "config_plug_id" : null,
  "override_plug" : false,
  "config_java_service_id" : null,
  "service_tag" : "V26",
  "endpoint_tag" : null,
  "config_service_tag" : null,
  "config_imap_tag" : null,
  "config_b2b_document_type_tag" : null,
  "active" : false,
  "parent_component_config_service_tag" : "V26",
  "service_project_id" : "27edbc36-f404-4005-832a-6f6f32f16f6e",
  "service_project_tag" : "V26",
  "config_service_project_id" : null,
  "config_service_project_tag" : null,
  "config_imap_project_id" : null,
  "config_imap_project_tag" : null,
  "config_b2b_document_type_project_id" : null,
  "config_b2b_document_type_project_tag" : null,
  "endpoint_project_id" : null,
  "endpoint_project_tag" : null,
  "config_plug_tag" : null,
  "config_plug_project_id" : null,
  "config_plug_project_tag" : null,
  "config_java_service_tag" : null,
  "config_java_service_project_id" : null,
  "config_java_service_project_tag" : null,
  "disabled" : false,
  "config" : {
    "type" : "json",
    "value" : "{\"api\":{\"id\":\"f9c5b17d-d787-492e-9fae-192c30c262fa\",\"name\":\"FusionAmplifyMCP\",\"projectId\":\"27edbc36-f404-4005-832a-6f6f32f16f6e\",\"projectName\":\"FusionAmplifyMCP\",\"integrationId\":\"6cbf5512-e425-47c4-849b-f87bf0c90c27\",\"entityId\":\"a655693a-6e61-437f-a245-ff55acd8d391\",\"mcpServiceId\":\"2a5baacd-a4dd-4a05-9988-336adc23708d\"},\"operations\":[{\"id\":\"c0d2f50b-d113-486c-9c79-4e52b9645242\",\"name\":\"UpdateAmplifyMarketplaceProductIcon\",\"description\":\"Update Amplify Marketplace Product icon. Use product name and provide a prompt to describe the icon. Icon is created in the back end using OpenAI.\",\"inputSchema\":\"{\\n  \\\"type\\\": \\\"object\\\",\\n  \\\"properties\\\": {\\n    \\\"productName\\\": { \\n      \\\"type\\\": \\\"string\\\"\\n    },\\n    \\\"iconPrompt\\\": { \\n      \\\"type\\\": \\\"string\\\",\\n      \\\"description\\\": \\\"a prompt, e.g. `red png icon with transparency for product translate as in language translation`\\\"\\n    }\\n  },\\n  \\\"required\\\": [\\\"productName\\\", \\\"iconPrompt\\\"]\\n}\",\"outputSchema\":{\"TextContent\":\"{\\\"title\\\":\\\"TextContent\\\",\\\"required\\\":[\\\"result\\\"],\\\"type\\\":\\\"object\\\",\\\"properties\\\":{\\\"result\\\":{\\\"title\\\":\\\"result\\\",\\\"required\\\":[\\\"content\\\"],\\\"type\\\":\\\"object\\\",\\\"properties\\\":{\\\"_meta\\\":{\\\"title\\\":\\\"_meta\\\",\\\"type\\\":\\\"object\\\",\\\"exampleSetFlag\\\":false},\\\"content\\\":{\\\"title\\\":\\\"content\\\",\\\"type\\\":\\\"array\\\",\\\"exampleSetFlag\\\":false,\\\"items\\\":{\\\"properties\\\":{\\\"annotations\\\":{\\\"title\\\":\\\"annotations\\\",\\\"type\\\":\\\"object\\\",\\\"exampleSetFlag\\\":false},\\\"text\\\":{\\\"description\\\":\\\"The text content of the message.\\\",\\\"type\\\":\\\"string\\\"}},\\\"required\\\":[\\\"text\\\"],\\\"type\\\":\\\"object\\\",\\\"exampleSetFlag\\\":false}}},\\\"exampleSetFlag\\\":false},\\\"responseHeaders\\\":{\\\"title\\\":\\\"responseHeaders\\\",\\\"type\\\":\\\"object\\\",\\\"properties\\\":{\\\"Transfer-Encoding\\\":{\\\"title\\\":\\\"Transfer-Encoding\\\",\\\"type\\\":\\\"string\\\",\\\"properties\\\":{},\\\"exampleSetFlag\\\":false},\\\"Retry-After\\\":{\\\"title\\\":\\\"Retry-After\\\",\\\"type\\\":\\\"string\\\",\\\"properties\\\":{},\\\"exampleSetFlag\\\":false},\\\"Access-Control-Allow-Origin\\\":{\\\"title\\\":\\\"Access-Control-Allow-Origin\\\",\\\"type\\\":\\\"string\\\",\\\"properties\\\":{},\\\"exampleSetFlag\\\":false},\\\"ETag\\\":{\\\"title\\\":\\\"ETag\\\",\\\"type\\\":\\\"string\\\",\\\"properties\\\":{},\\\"exampleSetFlag\\\":false},\\\"Content-Encoding\\\":{\\\"title\\\":\\\"Content-Encoding\\\",\\\"type\\\":\\\"string\\\",\\\"properties\\\":{},\\\"exampleSetFlag\\\":false},\\\"Set-Cookie\\\":{\\\"title\\\":\\\"Set-Cookie\\\",\\\"type\\\":\\\"string\\\",\\\"properties\\\":{},\\\"exampleSetFlag\\\":false},\\\"Expires\\\":{\\\"title\\\":\\\"Expires\\\",\\\"type\\\":\\\"string\\\",\\\"properties\\\":{},\\\"exampleSetFlag\\\":false},\\\"Last-Modified\\\":{\\\"title\\\":\\\"Last-Modified\\\",\\\"type\\\":\\\"string\\\",\\\"properties\\\":{},\\\"exampleSetFlag\\\":false},\\\"Content-Language\\\":{\\\"title\\\":\\\"Content-Language\\\",\\\"type\\\":\\\"string\\\",\\\"properties\\\":{},\\\"exampleSetFlag\\\":false},\\\"Allow\\\":{\\\"title\\\":\\\"Allow\\\",\\\"type\\\":\\\"string\\\",\\\"properties\\\":{},\\\"exampleSetFlag\\\":false},\\\"Content-Type\\\":{\\\"title\\\":\\\"Content-Type\\\",\\\"type\\\":\\\"string\\\",\\\"properties\\\":{},\\\"exampleSetFlag\\\":false},\\\"Location\\\":{\\\"title\\\":\\\"Location\\\",\\\"type\\\":\\\"string\\\",\\\"properties\\\":{},\\\"exampleSetFlag\\\":false}},\\\"exampleSetFlag\\\":false}},\\\"description\\\":\\\"A JSON-RPC response schema for a tool call.\\\",\\\"exampleSetFlag\\\":false,\\\"types\\\":[\\\"object\\\"]}\",\"ErrorContent\":\"{\\\"title\\\":\\\"ErrorContent\\\",\\\"required\\\":[\\\"result\\\"],\\\"type\\\":\\\"object\\\",\\\"properties\\\":{\\\"result\\\":{\\\"title\\\":\\\"result\\\",\\\"type\\\":\\\"object\\\",\\\"properties\\\":{\\\"code\\\":{\\\"title\\\":\\\"code\\\",\\\"type\\\":\\\"number\\\",\\\"description\\\":\\\"A code representing the error type.\\\"},\\\"message\\\":{\\\"title\\\":\\\"message\\\",\\\"type\\\":\\\"string\\\",\\\"description\\\":\\\"A short description of the error.\\\"}},\\\"required\\\":[\\\"code\\\",\\\"message\\\"],\\\"exampleSetFlag\\\":false},\\\"responseHeaders\\\":{\\\"title\\\":\\\"responseHeaders\\\",\\\"type\\\":\\\"object\\\",\\\"properties\\\":{\\\"Transfer-Encoding\\\":{\\\"title\\\":\\\"Transfer-Encoding\\\",\\\"type\\\":\\\"string\\\",\\\"properties\\\":{},\\\"exampleSetFlag\\\":false},\\\"Retry-After\\\":{\\\"title\\\":\\\"Retry-After\\\",\\\"type\\\":\\\"string\\\",\\\"properties\\\":{},\\\"exampleSetFlag\\\":false},\\\"Access-Control-Allow-Origin\\\":{\\\"title\\\":\\\"Access-Control-Allow-Origin\\\",\\\"type\\\":\\\"string\\\",\\\"properties\\\":{},\\\"exampleSetFlag\\\":false},\\\"ETag\\\":{\\\"title\\\":\\\"ETag\\\",\\\"type\\\":\\\"string\\\",\\\"properties\\\":{},\\\"exampleSetFlag\\\":false},\\\"Content-Encoding\\\":{\\\"title\\\":\\\"Content-Encoding\\\",\\\"type\\\":\\\"string\\\",\\\"properties\\\":{},\\\"exampleSetFlag\\\":false},\\\"Set-Cookie\\\":{\\\"title\\\":\\\"Set-Cookie\\\",\\\"type\\\":\\\"string\\\",\\\"properties\\\":{},\\\"exampleSetFlag\\\":false},\\\"Expires\\\":{\\\"title\\\":\\\"Expires\\\",\\\"type\\\":\\\"string\\\",\\\"properties\\\":{},\\\"exampleSetFlag\\\":false},\\\"Last-Modified\\\":{\\\"title\\\":\\\"Last-Modified\\\",\\\"type\\\":\\\"string\\\",\\\"properties\\\":{},\\\"exampleSetFlag\\\":false},\\\"Content-Language\\\":{\\\"title\\\":\\\"Content-Language\\\",\\\"type\\\":\\\"string\\\",\\\"properties\\\":{},\\\"exampleSetFlag\\\":false},\\\"Allow\\\":{\\\"title\\\":\\\"Allow\\\",\\\"type\\\":\\\"string\\\",\\\"properties\\\":{},\\\"exampleSetFlag\\\":false},\\\"Content-Type\\\":{\\\"title\\\":\\\"Content-Type\\\",\\\"type\\\":\\\"string\\\",\\\"properties\\\":{},\\\"exampleSetFlag\\\":false},\\\"Location\\\":{\\\"title\\\":\\\"Location\\\",\\\"type\\\":\\\"string\\\",\\\"properties\\\":{},\\\"exampleSetFlag\\\":false}},\\\"exampleSetFlag\\\":false}},\\\"description\\\":\\\"A JSON-RPC response schema for a tool call.\\\",\\\"exampleSetFlag\\\":false,\\\"types\\\":[\\\"object\\\"]}\",\"ImageContent\":\"{\\\"title\\\":\\\"ImageContent\\\",\\\"required\\\":[\\\"result\\\"],\\\"type\\\":\\\"object\\\",\\\"properties\\\":{\\\"result\\\":{\\\"title\\\":\\\"result\\\",\\\"required\\\":[\\\"content\\\"],\\\"type\\\":\\\"object\\\",\\\"properties\\\":{\\\"_meta\\\":{\\\"title\\\":\\\"_meta\\\",\\\"type\\\":\\\"object\\\",\\\"exampleSetFlag\\\":false},\\\"content\\\":{\\\"title\\\":\\\"content\\\",\\\"type\\\":\\\"array\\\",\\\"exampleSetFlag\\\":false,\\\"items\\\":{\\\"properties\\\":{\\\"annotations\\\":{\\\"title\\\":\\\"annotations\\\",\\\"type\\\":\\\"object\\\",\\\"exampleSetFlag\\\":false},\\\"data\\\":{\\\"description\\\":\\\"The base64-encoded image data.\\\",\\\"format\\\":\\\"byte\\\",\\\"type\\\":\\\"string\\\"},\\\"mimeType\\\":{\\\"description\\\":\\\"The MIME type of the image. Different providers may support different image types.\\\",\\\"type\\\":\\\"string\\\"}},\\\"required\\\":[\\\"data\\\",\\\"mimeType\\\"],\\\"type\\\":\\\"object\\\",\\\"exampleSetFlag\\\":false}}},\\\"exampleSetFlag\\\":false},\\\"responseHeaders\\\":{\\\"title\\\":\\\"responseHeaders\\\",\\\"type\\\":\\\"object\\\",\\\"properties\\\":{\\\"Transfer-Encoding\\\":{\\\"title\\\":\\\"Transfer-Encoding\\\",\\\"type\\\":\\\"string\\\",\\\"properties\\\":{},\\\"exampleSetFlag\\\":false},\\\"Retry-After\\\":{\\\"title\\\":\\\"Retry-After\\\",\\\"type\\\":\\\"string\\\",\\\"properties\\\":{},\\\"exampleSetFlag\\\":false},\\\"Access-Control-Allow-Origin\\\":{\\\"title\\\":\\\"Access-Control-Allow-Origin\\\",\\\"type\\\":\\\"string\\\",\\\"properties\\\":{},\\\"exampleSetFlag\\\":false},\\\"ETag\\\":{\\\"title\\\":\\\"ETag\\\",\\\"type\\\":\\\"string\\\",\\\"properties\\\":{},\\\"exampleSetFlag\\\":false},\\\"Content-Encoding\\\":{\\\"title\\\":\\\"Content-Encoding\\\",\\\"type\\\":\\\"string\\\",\\\"properties\\\":{},\\\"exampleSetFlag\\\":false},\\\"Set-Cookie\\\":{\\\"title\\\":\\\"Set-Cookie\\\",\\\"type\\\":\\\"string\\\",\\\"properties\\\":{},\\\"exampleSetFlag\\\":false},\\\"Expires\\\":{\\\"title\\\":\\\"Expires\\\",\\\"type\\\":\\\"string\\\",\\\"properties\\\":{},\\\"exampleSetFlag\\\":false},\\\"Last-Modified\\\":{\\\"title\\\":\\\"Last-Modified\\\",\\\"type\\\":\\\"string\\\",\\\"properties\\\":{},\\\"exampleSetFlag\\\":false},\\\"Content-Language\\\":{\\\"title\\\":\\\"Content-Language\\\",\\\"type\\\":\\\"string\\\",\\\"properties\\\":{},\\\"exampleSetFlag\\\":false},\\\"Allow\\\":{\\\"title\\\":\\\"Allow\\\",\\\"type\\\":\\\"string\\\",\\\"properties\\\":{},\\\"exampleSetFlag\\\":false},\\\"Content-Type\\\":{\\\"title\\\":\\\"Content-Type\\\",\\\"type\\\":\\\"string\\\",\\\"properties\\\":{},\\\"exampleSetFlag\\\":false},\\\"Location\\\":{\\\"title\\\":\\\"Location\\\",\\\"type\\\":\\\"string\\\",\\\"properties\\\":{},\\\"exampleSetFlag\\\":false}},\\\"exampleSetFlag\\\":false}},\\\"description\\\":\\\"A JSON-RPC response schema for a tool call.\\\",\\\"exampleSetFlag\\\":false,\\\"types\\\":[\\\"object\\\"]}\",\"BlobEmbeddedResource\":\"{\\\"title\\\":\\\"BlobEmbeddedResource\\\",\\\"required\\\":[\\\"result\\\"],\\\"type\\\":\\\"object\\\",\\\"properties\\\":{\\\"result\\\":{\\\"title\\\":\\\"result\\\",\\\"required\\\":[\\\"content\\\"],\\\"type\\\":\\\"object\\\",\\\"properties\\\":{\\\"_meta\\\":{\\\"title\\\":\\\"_meta\\\",\\\"type\\\":\\\"object\\\",\\\"exampleSetFlag\\\":false},\\\"content\\\":{\\\"title\\\":\\\"content\\\",\\\"type\\\":\\\"array\\\",\\\"exampleSetFlag\\\":false,\\\"items\\\":{\\\"properties\\\":{\\\"annotations\\\":{\\\"title\\\":\\\"annotations\\\",\\\"type\\\":\\\"object\\\",\\\"exampleSetFlag\\\":false},\\\"resource\\\":{\\\"properties\\\":{\\\"blob\\\":{\\\"description\\\":\\\"A base64-encoded string representing the binary data of the item.\\\",\\\"format\\\":\\\"byte\\\",\\\"type\\\":\\\"string\\\"},\\\"mimeType\\\":{\\\"description\\\":\\\"The MIME type of this resource, if known.\\\",\\\"type\\\":\\\"string\\\"},\\\"uri\\\":{\\\"description\\\":\\\"The URI of this resource.\\\",\\\"format\\\":\\\"uri\\\",\\\"type\\\":\\\"string\\\"}},\\\"required\\\":[\\\"blob\\\",\\\"uri\\\"],\\\"type\\\":\\\"object\\\"}},\\\"required\\\":[\\\"resource\\\"],\\\"type\\\":\\\"object\\\",\\\"exampleSetFlag\\\":false}}},\\\"exampleSetFlag\\\":false},\\\"responseHeaders\\\":{\\\"title\\\":\\\"responseHeaders\\\",\\\"type\\\":\\\"object\\\",\\\"properties\\\":{\\\"Transfer-Encoding\\\":{\\\"title\\\":\\\"Transfer-Encoding\\\",\\\"type\\\":\\\"string\\\",\\\"properties\\\":{},\\\"exampleSetFlag\\\":false},\\\"Retry-After\\\":{\\\"title\\\":\\\"Retry-After\\\",\\\"type\\\":\\\"string\\\",\\\"properties\\\":{},\\\"exampleSetFlag\\\":false},\\\"Access-Control-Allow-Origin\\\":{\\\"title\\\":\\\"Access-Control-Allow-Origin\\\",\\\"type\\\":\\\"string\\\",\\\"properties\\\":{},\\\"exampleSetFlag\\\":false},\\\"ETag\\\":{\\\"title\\\":\\\"ETag\\\",\\\"type\\\":\\\"string\\\",\\\"properties\\\":{},\\\"exampleSetFlag\\\":false},\\\"Content-Encoding\\\":{\\\"title\\\":\\\"Content-Encoding\\\",\\\"type\\\":\\\"string\\\",\\\"properties\\\":{},\\\"exampleSetFlag\\\":false},\\\"Set-Cookie\\\":{\\\"title\\\":\\\"Set-Cookie\\\",\\\"type\\\":\\\"string\\\",\\\"properties\\\":{},\\\"exampleSetFlag\\\":false},\\\"Expires\\\":{\\\"title\\\":\\\"Expires\\\",\\\"type\\\":\\\"string\\\",\\\"properties\\\":{},\\\"exampleSetFlag\\\":false},\\\"Last-Modified\\\":{\\\"title\\\":\\\"Last-Modified\\\",\\\"type\\\":\\\"string\\\",\\\"properties\\\":{},\\\"exampleSetFlag\\\":false},\\\"Content-Language\\\":{\\\"title\\\":\\\"Content-Language\\\",\\\"type\\\":\\\"string\\\",\\\"properties\\\":{},\\\"exampleSetFlag\\\":false},\\\"Allow\\\":{\\\"title\\\":\\\"Allow\\\",\\\"type\\\":\\\"string\\\",\\\"properties\\\":{},\\\"exampleSetFlag\\\":false},\\\"Content-Type\\\":{\\\"title\\\":\\\"Content-Type\\\",\\\"type\\\":\\\"string\\\",\\\"properties\\\":{},\\\"exampleSetFlag\\\":false},\\\"Location\\\":{\\\"title\\\":\\\"Location\\\",\\\"type\\\":\\\"string\\\",\\\"properties\\\":{},\\\"exampleSetFlag\\\":false}},\\\"exampleSetFlag\\\":false}},\\\"description\\\":\\\"A JSON-RPC response schema for a tool call.\\\",\\\"exampleSetFlag\\\":false,\\\"types\\\":[\\\"object\\\"]}\",\"TextEmbeddedResource\":\"{\\\"title\\\":\\\"TextEmbeddedResource\\\",\\\"required\\\":[\\\"result\\\"],\\\"type\\\":\\\"object\\\",\\\"properties\\\":{\\\"result\\\":{\\\"title\\\":\\\"result\\\",\\\"required\\\":[\\\"content\\\"],\\\"type\\\":\\\"object\\\",\\\"properties\\\":{\\\"_meta\\\":{\\\"title\\\":\\\"_meta\\\",\\\"type\\\":\\\"object\\\",\\\"exampleSetFlag\\\":false},\\\"content\\\":{\\\"title\\\":\\\"content\\\",\\\"type\\\":\\\"array\\\",\\\"exampleSetFlag\\\":false,\\\"items\\\":{\\\"properties\\\":{\\\"annotations\\\":{\\\"title\\\":\\\"annotations\\\",\\\"type\\\":\\\"object\\\",\\\"exampleSetFlag\\\":false},\\\"resource\\\":{\\\"properties\\\":{\\\"mimeType\\\":{\\\"description\\\":\\\"The MIME type of this resource, if known.\\\",\\\"type\\\":\\\"string\\\"},\\\"text\\\":{\\\"description\\\":\\\"The text of the item. This must only be set if the item can actually be represented as text (not binary data).\\\",\\\"type\\\":\\\"string\\\"},\\\"uri\\\":{\\\"description\\\":\\\"The URI of this resource.\\\",\\\"format\\\":\\\"uri\\\",\\\"type\\\":\\\"string\\\"}},\\\"required\\\":[\\\"text\\\",\\\"uri\\\"],\\\"type\\\":\\\"object\\\"}},\\\"required\\\":[\\\"resource\\\"],\\\"type\\\":\\\"object\\\",\\\"exampleSetFlag\\\":false}}},\\\"exampleSetFlag\\\":false},\\\"responseHeaders\\\":{\\\"title\\\":\\\"responseHeaders\\\",\\\"type\\\":\\\"object\\\",\\\"properties\\\":{\\\"Transfer-Encoding\\\":{\\\"title\\\":\\\"Transfer-Encoding\\\",\\\"type\\\":\\\"string\\\",\\\"properties\\\":{},\\\"exampleSetFlag\\\":false},\\\"Retry-After\\\":{\\\"title\\\":\\\"Retry-After\\\",\\\"type\\\":\\\"string\\\",\\\"properties\\\":{},\\\"exampleSetFlag\\\":false},\\\"Access-Control-Allow-Origin\\\":{\\\"title\\\":\\\"Access-Control-Allow-Origin\\\",\\\"type\\\":\\\"string\\\",\\\"properties\\\":{},\\\"exampleSetFlag\\\":false},\\\"ETag\\\":{\\\"title\\\":\\\"ETag\\\",\\\"type\\\":\\\"string\\\",\\\"properties\\\":{},\\\"exampleSetFlag\\\":false},\\\"Content-Encoding\\\":{\\\"title\\\":\\\"Content-Encoding\\\",\\\"type\\\":\\\"string\\\",\\\"properties\\\":{},\\\"exampleSetFlag\\\":false},\\\"Set-Cookie\\\":{\\\"title\\\":\\\"Set-Cookie\\\",\\\"type\\\":\\\"string\\\",\\\"properties\\\":{},\\\"exampleSetFlag\\\":false},\\\"Expires\\\":{\\\"title\\\":\\\"Expires\\\",\\\"type\\\":\\\"string\\\",\\\"properties\\\":{},\\\"exampleSetFlag\\\":false},\\\"Last-Modified\\\":{\\\"title\\\":\\\"Last-Modified\\\",\\\"type\\\":\\\"string\\\",\\\"properties\\\":{},\\\"exampleSetFlag\\\":false},\\\"Content-Language\\\":{\\\"title\\\":\\\"Content-Language\\\",\\\"type\\\":\\\"string\\\",\\\"properties\\\":{},\\\"exampleSetFlag\\\":false},\\\"Allow\\\":{\\\"title\\\":\\\"Allow\\\",\\\"type\\\":\\\"string\\\",\\\"properties\\\":{},\\\"exampleSetFlag\\\":false},\\\"Content-Type\\\":{\\\"title\\\":\\\"Content-Type\\\",\\\"type\\\":\\\"string\\\",\\\"properties\\\":{},\\\"exampleSetFlag\\\":false},\\\"Location\\\":{\\\"title\\\":\\\"Location\\\",\\\"type\\\":\\\"string\\\",\\\"properties\\\":{},\\\"exampleSetFlag\\\":false}},\\\"exampleSetFlag\\\":false}},\\\"description\\\":\\\"A JSON-RPC response schema for a tool call.\\\",\\\"exampleSetFlag\\\":false,\\\"types\\\":[\\\"object\\\"]}\"}}]}",
    "null" : false
  },
  "config_b2b_document_type_project_mode_id" : "112c1cb8-4b9e-4d1a-a042-0bd031dc7d05",
  "config_imap_project_mode_id" : "112c1cb8-4b9e-4d1a-a042-0bd031dc7d05",
  "config_java_service_project_mode_id" : "112c1cb8-4b9e-4d1a-a042-0bd031dc7d05",
  "config_plug_project_mode_id" : "112c1cb8-4b9e-4d1a-a042-0bd031dc7d05",
  "config_service_project_mode_id" : "112c1cb8-4b9e-4d1a-a042-0bd031dc7d05",
  "endpoint_project_mode_id" : "112c1cb8-4b9e-4d1a-a042-0bd031dc7d05",
  "service_project_mode_id" : "112c1cb8-4b9e-4d1a-a042-0bd031dc7d05",
  "parent_component_config_service_project_mode_id" : "112c1cb8-4b9e-4d1a-a042-0bd031dc7d05",
  "is_audit" : true,
  "keys_with_order" : null
}