{
  "component_config_id" : "0ef1a692-f799-4626-a5ac-0ec468e34232",
  "endpoint_config_json" : {
    "type" : "jsonb",
    "value" : "{\"crossRef\": [], \"services\": [], \"multistep\": [], \"operations\": []}",
    "null" : false
  },
  "input_config_json" : {
    "type" : "jsonb",
    "value" : "{\"crossRef\": [], \"services\": [], \"multistep\": [], \"operations\": []}",
    "null" : false
  },
  "output_config_json" : {
    "type" : "jsonb",
    "value" : "{\"crossRef\": [], \"services\": [], \"multistep\": [], \"operations\": [{\"map\": {\"id\": \"07c4729b-535f-47a3-a0ac-80944cfce665\", \"root\": true, \"type\": \"map\", \"cached\": false, \"source\": \"/LintingResultsByGradeOutput\", \"target\": \"/LintingResultsByGradeOutput\", \"mapNull\": false, \"disabled\": false, \"extractXml\": false, \"extractJson\": false, \"targetOrder\": 1.0, \"mapEmptyString\": false}}, {\"map\": {\"id\": \"f8731eaa-5f4e-4f17-8a3e-c905e1cdeeb9\", \"root\": false, \"type\": \"map\", \"cached\": false, \"source\": \"/LintingResultsByGradeOutput/responseToolType\", \"target\": \"/toolResponseType\", \"mapNull\": false, \"disabled\": false, \"extractXml\": false, \"extractJson\": false, \"targetOrder\": 1.0, \"mapEmptyString\": false, \"sourceJavaType\": \"java.lang.String\", \"targetJavaType\": \"java.lang.String\"}}, {\"map\": {\"id\": \"daf4db59-cecc-4d83-92e8-44c4fd09ef7d\", \"root\": false, \"type\": \"map\", \"cached\": false, \"source\": \"/LintingResultsByGradeOutput/responseToolText\", \"target\": \"/LintingResultsByGradeMCPServerResponse/TextContent/result/content[]/text\", \"mapNull\": false, \"disabled\": false, \"extractXml\": false, \"extractJson\": false, \"targetOrder\": 5.0, \"mapEmptyString\": false, \"sourceJavaType\": \"java.lang.String\", \"targetJavaType\": \"java.lang.String\"}}]}",
    "null" : false
  },
  "component_id" : "756d919f-1b1f-4eab-9f44-2f7b5bbe175c",
  "service_id" : "9ed57abe-9266-40a9-ac2a-4876978b90cc",
  "endpoint_id" : null,
  "parent_component_config_id" : "d3a4056e-0962-46f8-88e9-e823efe75453",
  "component_config_order" : 0.5,
  "action_id" : "8e231fcc-71d0-43f6-9303-70dcb0ca6080",
  "name" : "Call LintingResultsByGrade",
  "description" : "",
  "override_endpoint" : false,
  "input_structure_json" : {
    "type" : "jsonb",
    "value" : "{\"maps\": [], \"mappedNodes\": [\"/LintingResultsByGradeOutputactionOut\", \"/LintingResultsByGradeOutputpipeOut\", \"/LintingResultsByGradeOutput/responseToolType\", \"/toolResponseTypepipeOut\", \"/LintingResultsByGradeOutput/responseToolText\", \"/LintingResultsByGradeMCPServerResponse/TextContent/result/content[]/textpipeOut\"]}",
    "null" : false
  },
  "output_structure_json" : {
    "type" : "jsonb",
    "value" : "{\"maps\": [{\"/LintingResultsByGradeOutput\": [{\"type\": \"map\", \"source\": {\"path\": \"/LintingResultsByGradeOutput\", \"title\": \"LintingResultsByGradeOutput\", \"dataElementType\": \"document\"}, \"target\": {\"path\": \"/LintingResultsByGradeOutput\", \"order\": 1, \"title\": \"LintingResultsByGradeOutput\", \"dataElementType\": \"document\"}, \"mapCondition\": {\"isConditionSet\": false, \"sourceTreeIndex\": [], \"targetTreeIndex\": [], \"mapConditionFormValue\": {}}}]}, {\"/toolResponseType\": [{\"type\": \"map\", \"source\": {\"path\": \"/LintingResultsByGradeOutput/responseToolType\", \"title\": \"responseToolType\", \"dataElementType\": \"string\"}, \"target\": {\"path\": \"/toolResponseType\", \"order\": 1, \"title\": \"toolResponseType\", \"dataElementType\": \"string\"}, \"mapCondition\": {\"isConditionSet\": false, \"sourceTreeIndex\": [], \"targetTreeIndex\": [], \"mapConditionFormValue\": {}}}]}, {\"/LintingResultsByGradeMCPServerResponse/TextContent/result/content[]/text\": [{\"type\": \"list\", \"source\": {\"path\": \"/LintingResultsByGradeOutput/responseToolText\", \"title\": \"responseToolText\", \"dataElementType\": \"string\"}, \"target\": {\"path\": \"/LintingResultsByGradeMCPServerResponse/TextContent/result/content[]/text\", \"order\": 5, \"title\": \"text\", \"dataElementType\": \"string\"}, \"mapCondition\": {\"isConditionSet\": false, \"sourceTreeIndex\": [{\"key\": 1, \"title\": \"LintingResultsByGradeOutput\", \"isLeaf\": false, \"isArray\": false, \"children\": [{\"key\": 2, \"title\": \"responseToolText\", \"isLeaf\": false, \"isArray\": false, \"parentKey\": 1}], \"parentKey\": 0}], \"targetTreeIndex\": [{\"key\": 1, \"title\": \"LintingResultsByGradeMCPServerResponse\", \"isLeaf\": false, \"isArray\": false, \"children\": [{\"key\": 2, \"title\": \"TextContent\", \"isLeaf\": false, \"isArray\": false, \"children\": [{\"key\": 3, \"title\": \"result\", \"isLeaf\": false, \"isArray\": false, \"children\": [{\"key\": 4, \"title\": \"content\", \"isLeaf\": false, \"isArray\": true, \"children\": [{\"key\": 5, \"title\": \"text\", \"isLeaf\": false, \"isArray\": false, \"parentKey\": 4}], \"parentKey\": 3, \"arrayIndex\": null}], \"parentKey\": 2}], \"parentKey\": 1}], \"parentKey\": 0}], \"mapConditionFormValue\": {}}}]}], \"tracks\": {}, \"transformer\": []}",
    "null" : false
  },
  "endpoint_structure_json" : {
    "type" : "jsonb",
    "value" : "{\"maps\": []}",
    "null" : false
  },
  "is_error" : false,
  "no_of_errors" : 0,
  "action_input_type" : null,
  "config_service_id" : "2b2cda76-8f01-4b19-ada9-d86d5eaf54ba",
  "config_imap_id" : null,
  "config_b2b_document_type_id" : null,
  "config_document_id" : null,
  "add_variables" : {
    "type" : "jsonb",
    "value" : "[]",
    "null" : false
  },
  "drop_variables" : {
    "type" : "jsonb",
    "value" : "[]",
    "null" : false
  },
  "plug_input_structure" : null,
  "plug_output_structure" : null,
  "config_plug_id" : null,
  "override_plug" : false,
  "config_java_service_id" : null,
  "service_tag" : "V26",
  "endpoint_tag" : null,
  "config_service_tag" : "EMPTY",
  "config_imap_tag" : "",
  "config_b2b_document_type_tag" : "",
  "active" : false,
  "parent_component_config_service_tag" : "V26",
  "service_project_id" : "27edbc36-f404-4005-832a-6f6f32f16f6e",
  "service_project_tag" : "V26",
  "config_service_project_id" : "27edbc36-f404-4005-832a-6f6f32f16f6e",
  "config_service_project_tag" : "EMPTY",
  "config_imap_project_id" : null,
  "config_imap_project_tag" : "",
  "config_b2b_document_type_project_id" : null,
  "config_b2b_document_type_project_tag" : "",
  "endpoint_project_id" : null,
  "endpoint_project_tag" : null,
  "config_plug_tag" : null,
  "config_plug_project_id" : null,
  "config_plug_project_tag" : null,
  "config_java_service_tag" : "",
  "config_java_service_project_id" : null,
  "config_java_service_project_tag" : "",
  "disabled" : false,
  "config" : {
    "type" : "json",
    "value" : "{\"serviceProjectName\":\"FusionAmplifyMCP\"}",
    "null" : false
  },
  "config_b2b_document_type_project_mode_id" : "112c1cb8-4b9e-4d1a-a042-0bd031dc7d05",
  "config_imap_project_mode_id" : "112c1cb8-4b9e-4d1a-a042-0bd031dc7d05",
  "config_java_service_project_mode_id" : "112c1cb8-4b9e-4d1a-a042-0bd031dc7d05",
  "config_plug_project_mode_id" : "112c1cb8-4b9e-4d1a-a042-0bd031dc7d05",
  "config_service_project_mode_id" : "112c1cb8-4b9e-4d1a-a042-0bd031dc7d05",
  "endpoint_project_mode_id" : "112c1cb8-4b9e-4d1a-a042-0bd031dc7d05",
  "service_project_mode_id" : "112c1cb8-4b9e-4d1a-a042-0bd031dc7d05",
  "parent_component_config_service_project_mode_id" : "112c1cb8-4b9e-4d1a-a042-0bd031dc7d05",
  "is_audit" : true,
  "keys_with_order" : null
}