{
  "component_config_id" : "59555539-650f-41e6-a2b3-f2848f96e676",
  "endpoint_config_json" : {
    "type" : "jsonb",
    "value" : "{\"crossRef\": [], \"services\": [], \"multistep\": [], \"operations\": []}",
    "null" : false
  },
  "input_config_json" : {
    "type" : "jsonb",
    "value" : "{\"crossRef\": [], \"services\": [], \"multistep\": [], \"operations\": []}",
    "null" : false
  },
  "output_config_json" : {
    "type" : "jsonb",
    "value" : "{\"crossRef\": [], \"services\": [], \"multistep\": [], \"operations\": [{\"transformer\": {\"id\": \"1e216bbc-93ed-4399-a9b6-c3cb552ff5c4\", \"name\": \"DATETIME_DATE_TIME_TO_EPOCH\", \"type\": \"DateTime\", \"query\": null, \"inputs\": [{\"id\": \"e7a51c0b-371c-411b-a775-f2e58332caac\", \"root\": false, \"type\": \"map\", \"cached\": false, \"source\": \"/DtThen\", \"target\": \"/DATETIME_DATE_TIME_TO_EPOCH_INPUT/sourceDate\", \"mapNull\": false, \"disabled\": false, \"extractXml\": false, \"extractJson\": false, \"mapEmptyString\": false, \"sourceJavaType\": \"java.lang.String\", \"targetJavaType\": \"java.lang.String\"}, {\"id\": \"e858b811-fb12-44e4-9beb-84b5679e5e24\", \"root\": false, \"type\": \"setValue\", \"cached\": false, \"target\": \"/DATETIME_DATE_TIME_TO_EPOCH_INPUT/sourceDateFormat\", \"mapNull\": false, \"disabled\": false, \"extractXml\": false, \"extractJson\": false, \"targetValue\": \"yyyy-MM-dd HH:mm:ss SSS\", \"mapEmptyString\": false, \"targetJavaType\": \"java.lang.String\", \"variableSubstitution\": false}], \"outputs\": [{\"id\": \"d7f878b4-7dde-4580-8d3f-55f51a3b1f3f\", \"root\": false, \"type\": \"map\", \"cached\": false, \"source\": \"/DATETIME_DATE_TIME_TO_EPOCH_OUTPUT/output\", \"target\": \"/DtThenEpoch\", \"mapNull\": false, \"disabled\": false, \"extractXml\": false, \"extractJson\": false, \"targetOrder\": 1.0, \"mapEmptyString\": false, \"sourceJavaType\": \"java.lang.String\", \"targetJavaType\": \"java.lang.String\"}], \"tableId\": null, \"configId\": null, \"disabled\": false, \"serviceId\": null, \"expression\": null}}]}",
    "null" : false
  },
  "component_id" : "8ac5fe03-27a2-4e6a-a449-6a8893818223",
  "service_id" : "21aabb05-11fe-4fec-ac58-02788fd4f0ad",
  "endpoint_id" : null,
  "parent_component_config_id" : "5a062ed8-a89c-452d-871b-724a54f822f0",
  "component_config_order" : 3.9921875,
  "action_id" : "06843b78-eab0-45da-afab-8c8277d7553f",
  "name" : "Convert to epoch time",
  "description" : "",
  "override_endpoint" : false,
  "input_structure_json" : {
    "type" : "jsonb",
    "value" : "{\"maps\": [], \"mappedNodes\": [\"/DATETIME_DATE_TIME_TO_EPOCH_INPUT/sourceDateFormat\", \"/DATETIME_DATE_TIME_TO_EPOCH_INPUT\", \"/DtThen pipeIn\", \"/DATETIME_DATE_TIME_TO_EPOCH_INPUT/sourceDate0\", \"/DATETIME_DATE_TIME_TO_EPOCH_OUTPUT/output0\", \"/DtThenEpochpipeOut\"]}",
    "null" : false
  },
  "output_structure_json" : {
    "type" : "jsonb",
    "value" : "{\"maps\": [], \"tracks\": {}, \"transformer\": [{\"inputs\": {\"/DATETIME_DATE_TIME_TO_EPOCH_INPUT/sourceDate\": [{\"type\": \"map\", \"source\": {\"path\": \"/DtThen\", \"title\": \"DtThen\", \"dataElementType\": \"string\"}, \"target\": {\"path\": \"/DATETIME_DATE_TIME_TO_EPOCH_INPUT/sourceDate\", \"title\": \"sourceDate\", \"dataElementType\": \"string\"}, \"mapCondition\": {\"isConditionSet\": false, \"sourceTreeIndex\": [], \"targetTreeIndex\": [], \"mapConditionFormValue\": {}}}], \"/DATETIME_DATE_TIME_TO_EPOCH_INPUT/sourceDateFormat\": [{\"type\": \"setValue\", \"target\": {\"path\": \"/DATETIME_DATE_TIME_TO_EPOCH_INPUT/sourceDateFormat\", \"order\": \"\", \"title\": \"sourceDateFormat\", \"dataElementType\": \"string\"}, \"values\": [{\"id\": \"89091ccb-f8ae-4fa3-a506-e96dd67ee68e\", \"key\": \"/DATETIME_DATE_TIME_TO_EPOCH_INPUT/sourceDateFormat\", \"type\": \"string\", \"title\": \"sourceDateFormat\", \"isLeaf\": true, \"secret\": false, \"children\": [], \"setValue\": null, \"uiElement\": \"yyyy-MM-dd HH:mm:ss SSS\", \"isSetValue\": false, \"dataElementType\": \"string\"}], \"mapCondition\": {\"isConditionSet\": false, \"sourceTreeIndex\": [], \"targetTreeIndex\": [], \"mapConditionFormValue\": {}}, \"variableSubstitution\": false, \"overwritePipelineValue\": false}]}, \"outputs\": {\"/DtThenEpoch\": [{\"type\": \"map\", \"source\": {\"path\": \"/DATETIME_DATE_TIME_TO_EPOCH_OUTPUT/output\", \"title\": \"output\", \"dataElementType\": \"string\"}, \"target\": {\"path\": \"/DtThenEpoch\", \"order\": 1, \"title\": \"DtThenEpoch\", \"dataElementType\": \"string\"}, \"mapCondition\": {\"isConditionSet\": false, \"sourceTreeIndex\": [], \"targetTreeIndex\": [], \"mapConditionFormValue\": {}}}]}, \"functionInfo\": {\"id\": \"882c84f5-a93f-49ba-bc11-df5a8123ca6d\", \"name\": \"DateTimeToEpoch\", \"category\": {\"id\": \"da0984d0-ef2d-4ac1-b61c-b9b378d7ddf9\"}, \"internalName\": \"DATETIME_DATE_TIME_TO_EPOCH\"}}]}",
    "null" : false
  },
  "endpoint_structure_json" : {
    "type" : "jsonb",
    "value" : "{\"maps\": []}",
    "null" : false
  },
  "is_error" : false,
  "no_of_errors" : 0,
  "action_input_type" : null,
  "config_service_id" : null,
  "config_imap_id" : null,
  "config_b2b_document_type_id" : null,
  "config_document_id" : null,
  "add_variables" : {
    "type" : "jsonb",
    "value" : "[]",
    "null" : false
  },
  "drop_variables" : {
    "type" : "jsonb",
    "value" : "[]",
    "null" : false
  },
  "plug_input_structure" : null,
  "plug_output_structure" : null,
  "config_plug_id" : null,
  "override_plug" : false,
  "config_java_service_id" : null,
  "service_tag" : "V26",
  "endpoint_tag" : null,
  "config_service_tag" : "",
  "config_imap_tag" : "",
  "config_b2b_document_type_tag" : "",
  "active" : false,
  "parent_component_config_service_tag" : "V26",
  "service_project_id" : "27edbc36-f404-4005-832a-6f6f32f16f6e",
  "service_project_tag" : "V26",
  "config_service_project_id" : null,
  "config_service_project_tag" : "",
  "config_imap_project_id" : null,
  "config_imap_project_tag" : "",
  "config_b2b_document_type_project_id" : null,
  "config_b2b_document_type_project_tag" : "",
  "endpoint_project_id" : null,
  "endpoint_project_tag" : null,
  "config_plug_tag" : null,
  "config_plug_project_id" : null,
  "config_plug_project_tag" : null,
  "config_java_service_tag" : "",
  "config_java_service_project_id" : null,
  "config_java_service_project_tag" : "",
  "disabled" : false,
  "config" : null,
  "config_b2b_document_type_project_mode_id" : "112c1cb8-4b9e-4d1a-a042-0bd031dc7d05",
  "config_imap_project_mode_id" : "112c1cb8-4b9e-4d1a-a042-0bd031dc7d05",
  "config_java_service_project_mode_id" : "112c1cb8-4b9e-4d1a-a042-0bd031dc7d05",
  "config_plug_project_mode_id" : "112c1cb8-4b9e-4d1a-a042-0bd031dc7d05",
  "config_service_project_mode_id" : "112c1cb8-4b9e-4d1a-a042-0bd031dc7d05",
  "endpoint_project_mode_id" : "112c1cb8-4b9e-4d1a-a042-0bd031dc7d05",
  "service_project_mode_id" : "112c1cb8-4b9e-4d1a-a042-0bd031dc7d05",
  "parent_component_config_service_project_mode_id" : "112c1cb8-4b9e-4d1a-a042-0bd031dc7d05",
  "is_audit" : true,
  "keys_with_order" : null
}