{
  "component_config_id" : "ed5686d7-7bac-42f8-86c0-451093d45738",
  "endpoint_config_json" : {
    "type" : "jsonb",
    "value" : "{\"crossRef\": [], \"services\": [], \"multistep\": [], \"operations\": []}",
    "null" : false
  },
  "input_config_json" : {
    "type" : "jsonb",
    "value" : "{\"crossRef\": [], \"services\": [], \"multistep\": [], \"operations\": []}",
    "null" : false
  },
  "output_config_json" : {
    "type" : "jsonb",
    "value" : "{\"crossRef\": [], \"services\": [], \"multistep\": [{\"id\": \"5b83c9e1-e6fe-4859-94b6-5577a28be4dd\"}], \"operations\": [{\"transformer\": {\"id\": \"f7d1aaec-5194-43f5-904a-10978190e3db\", \"name\": \"Custom\", \"type\": \"multistep\", \"query\": null, \"inputs\": [{\"id\": \"74064b1a-7b9c-486c-ad2e-9de95926828b\", \"root\": false, \"type\": \"map\", \"cached\": false, \"source\": \"/list_catalog_v1_ProductOutput/response[]/name\", \"target\": \"/input/productName\", \"mapNull\": false, \"disabled\": false, \"extractXml\": false, \"extractJson\": false, \"mapEmptyString\": false, \"sourceJavaType\": \"java.lang.String\", \"targetJavaType\": \"java.lang.String\"}, {\"id\": \"10c6f31b-06f3-4870-a2c9-e98579641c29\", \"root\": false, \"type\": \"map\", \"cached\": false, \"source\": \"/AMPLIFY_APICENTRAL_BASE_URL\", \"target\": \"/input/baseURL\", \"mapNull\": false, \"disabled\": false, \"extractXml\": false, \"extractJson\": false, \"mapEmptyString\": false, \"sourceJavaType\": \"java.lang.String\", \"targetJavaType\": \"java.lang.String\"}], \"outputs\": [{\"id\": \"cd4f7a9a-3b38-4740-b2b2-ac6323afb25a\", \"root\": false, \"type\": \"map\", \"cached\": false, \"source\": \"/output/productURL\", \"target\": \"/productsReduced[]/productUrl\", \"mapNull\": false, \"disabled\": false, \"extractXml\": false, \"extractJson\": false, \"targetOrder\": 1.0, \"mapEmptyString\": false, \"sourceJavaType\": \"java.lang.String\", \"targetJavaType\": \"java.lang.String\"}], \"tableId\": null, \"configId\": \"5b83c9e1-e6fe-4859-94b6-5577a28be4dd\", \"disabled\": false, \"serviceId\": null, \"expression\": null}}, {\"map\": {\"id\": \"5462de32-1099-42d4-9939-86fab366fade\", \"root\": false, \"type\": \"list\", \"cached\": false, \"source\": \"/list_catalog_v1_ProductOutput/response[]/name\", \"target\": \"/productsReduced[]/name\", \"mapNull\": false, \"disabled\": false, \"extractXml\": false, \"extractJson\": false, \"targetOrder\": 1.0, \"mapEmptyString\": false, \"sourceJavaType\": \"java.lang.String\", \"targetJavaType\": \"java.lang.String\"}}, {\"map\": {\"id\": \"c3f19c25-f0e2-4779-b052-fdcb16026026\", \"root\": false, \"type\": \"list\", \"cached\": false, \"source\": \"/list_catalog_v1_ProductOutput/response[]/title\", \"target\": \"/productsReduced[]/title\", \"mapNull\": false, \"disabled\": false, \"extractXml\": false, \"extractJson\": false, \"targetOrder\": 1.0, \"mapEmptyString\": false, \"sourceJavaType\": \"java.lang.String\", \"targetJavaType\": \"java.lang.String\"}}, {\"map\": {\"id\": \"42567617-f4c4-4ab3-8f0e-b9269f9111dc\", \"root\": false, \"type\": \"list\", \"cached\": false, \"source\": \"/list_catalog_v1_ProductOutput/response[]/spec/description\", \"target\": \"/productsReduced[]/description\", \"mapNull\": false, \"disabled\": false, \"extractXml\": false, \"extractJson\": false, \"targetOrder\": 1.0, \"mapEmptyString\": false, \"sourceJavaType\": \"java.lang.String\", \"targetJavaType\": \"java.lang.String\"}}, {\"map\": {\"id\": \"454355fc-4eeb-4f04-87b2-3a48c8b6c659\", \"root\": false, \"type\": \"list\", \"cached\": false, \"source\": \"/list_catalog_v1_ProductOutput/response[]/state\", \"target\": \"/productsReduced[]/state\", \"mapNull\": false, \"disabled\": false, \"extractXml\": false, \"extractJson\": false, \"targetOrder\": 1.0, \"mapEmptyString\": false, \"sourceJavaType\": \"java.lang.String\", \"targetJavaType\": \"java.lang.String\"}}]}",
    "null" : false
  },
  "component_id" : "8ac5fe03-27a2-4e6a-a449-6a8893818223",
  "service_id" : "36f11b10-9911-4e5f-883a-acefd157e343",
  "endpoint_id" : null,
  "parent_component_config_id" : "498a8eb6-63d9-43ab-b9c2-67fa94107b5a",
  "component_config_order" : 1.0,
  "action_id" : "06843b78-eab0-45da-afab-8c8277d7553f",
  "name" : "Create response",
  "description" : "",
  "override_endpoint" : false,
  "input_structure_json" : {
    "type" : "jsonb",
    "value" : "{\"maps\": [], \"mappedNodes\": [\"/list_catalog_v1_ProductOutput/response[]/name pipeIn\", \"/productsReduced[]/namepipeOut\", \"/list_catalog_v1_ProductOutput/response[]/title pipeIn\", \"/productsReduced[]/titlepipeOut\", \"/list_catalog_v1_ProductOutput/response[]/spec/description pipeIn\", \"/productsReduced[]/descriptionpipeOut\", \"/list_catalog_v1_ProductOutput/response[]/state pipeIn\", \"/productsReduced[]/statepipeOut\", \"/AMPLIFY_APICENTRAL_BASE_URL pipeIn\", \"/input/baseURL0\", \"/list_catalog_v1_ProductOutput/response[]/name pipeIn\", \"/input/productName0\", \"/output/productURL0\", \"/productsReduced[]/productUrlpipeOut\"]}",
    "null" : false
  },
  "output_structure_json" : {
    "type" : "jsonb",
    "value" : "{\"maps\": [{\"/productsReduced[]/name\": [{\"type\": \"list\", \"source\": {\"path\": \"/list_catalog_v1_ProductOutput/response[]/name\", \"title\": \"name\", \"dataElementType\": \"string\"}, \"target\": {\"path\": \"/productsReduced[]/name\", \"order\": 1, \"title\": \"name\", \"dataElementType\": \"string\"}, \"mapCondition\": {\"isConditionSet\": false, \"sourceTreeIndex\": [{\"key\": 1, \"title\": \"list_catalog_v1_ProductOutput\", \"isLeaf\": false, \"isArray\": false, \"children\": [{\"key\": 2, \"title\": \"response\", \"isLeaf\": false, \"isArray\": true, \"children\": [{\"key\": 3, \"title\": \"name\", \"isLeaf\": false, \"isArray\": false, \"parentKey\": 2}], \"parentKey\": 1, \"arrayIndex\": null}], \"parentKey\": 0}], \"targetTreeIndex\": [{\"key\": 1, \"title\": \"productsReduced\", \"isLeaf\": false, \"isArray\": true, \"children\": [{\"key\": 2, \"title\": \"name\", \"isLeaf\": false, \"isArray\": false, \"parentKey\": 1}], \"parentKey\": 0, \"arrayIndex\": null}], \"mapConditionFormValue\": {}}}]}, {\"/productsReduced[]/title\": [{\"type\": \"list\", \"source\": {\"path\": \"/list_catalog_v1_ProductOutput/response[]/title\", \"title\": \"title\", \"dataElementType\": \"string\"}, \"target\": {\"path\": \"/productsReduced[]/title\", \"order\": 1, \"title\": \"title\", \"dataElementType\": \"string\"}, \"mapCondition\": {\"isConditionSet\": false, \"sourceTreeIndex\": [{\"key\": 1, \"title\": \"list_catalog_v1_ProductOutput\", \"isLeaf\": false, \"isArray\": false, \"children\": [{\"key\": 2, \"title\": \"response\", \"isLeaf\": false, \"isArray\": true, \"children\": [{\"key\": 3, \"title\": \"title\", \"isLeaf\": false, \"isArray\": false, \"parentKey\": 2}], \"parentKey\": 1, \"arrayIndex\": null}], \"parentKey\": 0}], \"targetTreeIndex\": [{\"key\": 1, \"title\": \"productsReduced\", \"isLeaf\": false, \"isArray\": true, \"children\": [{\"key\": 2, \"title\": \"title\", \"isLeaf\": false, \"isArray\": false, \"parentKey\": 1}], \"parentKey\": 0, \"arrayIndex\": null}], \"mapConditionFormValue\": {}}}]}, {\"/productsReduced[]/description\": [{\"type\": \"list\", \"source\": {\"path\": \"/list_catalog_v1_ProductOutput/response[]/spec/description\", \"title\": \"description\", \"dataElementType\": \"string\"}, \"target\": {\"path\": \"/productsReduced[]/description\", \"order\": 1, \"title\": \"description\", \"dataElementType\": \"string\"}, \"mapCondition\": {\"isConditionSet\": false, \"sourceTreeIndex\": [{\"key\": 1, \"title\": \"list_catalog_v1_ProductOutput\", \"isLeaf\": false, \"isArray\": false, \"children\": [{\"key\": 2, \"title\": \"response\", \"isLeaf\": false, \"isArray\": true, \"children\": [{\"key\": 3, \"title\": \"spec\", \"isLeaf\": false, \"isArray\": false, \"children\": [{\"key\": 4, \"title\": \"description\", \"isLeaf\": false, \"isArray\": false, \"parentKey\": 3}], \"parentKey\": 2}], \"parentKey\": 1, \"arrayIndex\": null}], \"parentKey\": 0}], \"targetTreeIndex\": [{\"key\": 1, \"title\": \"productsReduced\", \"isLeaf\": false, \"isArray\": true, \"children\": [{\"key\": 2, \"title\": \"description\", \"isLeaf\": false, \"isArray\": false, \"parentKey\": 1}], \"parentKey\": 0, \"arrayIndex\": null}], \"mapConditionFormValue\": {}}}]}, {\"/productsReduced[]/state\": [{\"type\": \"list\", \"source\": {\"path\": \"/list_catalog_v1_ProductOutput/response[]/state\", \"title\": \"state\", \"dataElementType\": \"string\"}, \"target\": {\"path\": \"/productsReduced[]/state\", \"order\": 1, \"title\": \"state\", \"dataElementType\": \"string\"}, \"mapCondition\": {\"isConditionSet\": false, \"sourceTreeIndex\": [{\"key\": 1, \"title\": \"list_catalog_v1_ProductOutput\", \"isLeaf\": false, \"isArray\": false, \"children\": [{\"key\": 2, \"title\": \"response\", \"isLeaf\": false, \"isArray\": true, \"children\": [{\"key\": 3, \"title\": \"state\", \"isLeaf\": false, \"isArray\": false, \"parentKey\": 2}], \"parentKey\": 1, \"arrayIndex\": null}], \"parentKey\": 0}], \"targetTreeIndex\": [{\"key\": 1, \"title\": \"productsReduced\", \"isLeaf\": false, \"isArray\": true, \"children\": [{\"key\": 2, \"title\": \"state\", \"isLeaf\": false, \"isArray\": false, \"parentKey\": 1}], \"parentKey\": 0, \"arrayIndex\": null}], \"mapConditionFormValue\": {}}}]}], \"tracks\": {}, \"transformer\": [{\"inputs\": {\"/input/baseURL\": [{\"type\": \"map\", \"source\": {\"path\": \"/AMPLIFY_APICENTRAL_BASE_URL\", \"title\": \"AMPLIFY_APICENTRAL_BASE_URL\", \"dataElementType\": \"string\"}, \"target\": {\"path\": \"/input/baseURL\", \"title\": \"baseURL\", \"dataElementType\": \"string\"}, \"mapCondition\": {\"isConditionSet\": false, \"sourceTreeIndex\": [], \"targetTreeIndex\": [], \"mapConditionFormValue\": {}}}], \"/input/productName\": [{\"type\": \"list\", \"source\": {\"path\": \"/list_catalog_v1_ProductOutput/response[]/name\", \"title\": \"name\", \"dataElementType\": \"string\"}, \"target\": {\"path\": \"/input/productName\", \"title\": \"productName\", \"dataElementType\": \"string\"}, \"mapCondition\": {\"isConditionSet\": false, \"sourceTreeIndex\": [{\"key\": 1, \"title\": \"list_catalog_v1_ProductOutput\", \"isLeaf\": false, \"isArray\": false, \"children\": [{\"key\": 2, \"title\": \"response\", \"isLeaf\": false, \"isArray\": true, \"children\": [{\"key\": 3, \"title\": \"name\", \"isLeaf\": false, \"isArray\": false, \"parentKey\": 2}], \"parentKey\": 1, \"arrayIndex\": null}], \"parentKey\": 0}], \"targetTreeIndex\": [{\"key\": 1, \"title\": \"input\", \"isLeaf\": false, \"isArray\": false, \"children\": [{\"key\": 2, \"title\": \"productName\", \"isLeaf\": false, \"isArray\": false, \"parentKey\": 1}], \"parentKey\": 0}], \"mapConditionFormValue\": {}}}]}, \"outputs\": {\"/productsReduced[]/productUrl\": [{\"type\": \"list\", \"source\": {\"path\": \"/output/productURL\", \"title\": \"productURL\", \"dataElementType\": \"string\"}, \"target\": {\"path\": \"/productsReduced[]/productUrl\", \"order\": 1, \"title\": \"productUrl\", \"dataElementType\": \"string\"}, \"mapCondition\": {\"isConditionSet\": false, \"sourceTreeIndex\": [{\"key\": 1, \"title\": \"output\", \"isLeaf\": false, \"isArray\": false, \"children\": [{\"key\": 2, \"title\": \"productURL\", \"isLeaf\": false, \"isArray\": false, \"parentKey\": 1}], \"parentKey\": 0}], \"targetTreeIndex\": [{\"key\": 1, \"title\": \"productsReduced\", \"isLeaf\": false, \"isArray\": true, \"children\": [{\"key\": 2, \"title\": \"productUrl\", \"isLeaf\": false, \"isArray\": false, \"parentKey\": 1}], \"parentKey\": 0, \"arrayIndex\": null}], \"mapConditionFormValue\": {}}}]}, \"functionInfo\": {\"id\": \"5b83c9e1-e6fe-4859-94b6-5577a28be4dd\", \"name\": \"buildProductURL\", \"category\": {\"id\": \"b0327fc0-adc9-4d44-9c7d-761c796a7b0e\", \"name\": \"Custom\"}, \"configId\": \"5b83c9e1-e6fe-4859-94b6-5577a28be4dd\", \"referenceId\": \"53e339e8-75c5-4999-9eb5-9685f039eee2\", \"internalName\": \"Custom\"}}]}",
    "null" : false
  },
  "endpoint_structure_json" : {
    "type" : "jsonb",
    "value" : "{\"maps\": []}",
    "null" : false
  },
  "is_error" : false,
  "no_of_errors" : 0,
  "action_input_type" : null,
  "config_service_id" : null,
  "config_imap_id" : null,
  "config_b2b_document_type_id" : null,
  "config_document_id" : null,
  "add_variables" : {
    "type" : "jsonb",
    "value" : "[]",
    "null" : false
  },
  "drop_variables" : {
    "type" : "jsonb",
    "value" : "[]",
    "null" : false
  },
  "plug_input_structure" : null,
  "plug_output_structure" : null,
  "config_plug_id" : null,
  "override_plug" : false,
  "config_java_service_id" : null,
  "service_tag" : "V26",
  "endpoint_tag" : null,
  "config_service_tag" : "",
  "config_imap_tag" : "",
  "config_b2b_document_type_tag" : "",
  "active" : false,
  "parent_component_config_service_tag" : "V26",
  "service_project_id" : "27edbc36-f404-4005-832a-6f6f32f16f6e",
  "service_project_tag" : "V26",
  "config_service_project_id" : null,
  "config_service_project_tag" : "",
  "config_imap_project_id" : null,
  "config_imap_project_tag" : "",
  "config_b2b_document_type_project_id" : null,
  "config_b2b_document_type_project_tag" : "",
  "endpoint_project_id" : null,
  "endpoint_project_tag" : null,
  "config_plug_tag" : null,
  "config_plug_project_id" : null,
  "config_plug_project_tag" : null,
  "config_java_service_tag" : "",
  "config_java_service_project_id" : null,
  "config_java_service_project_tag" : "",
  "disabled" : false,
  "config" : null,
  "config_b2b_document_type_project_mode_id" : "112c1cb8-4b9e-4d1a-a042-0bd031dc7d05",
  "config_imap_project_mode_id" : "112c1cb8-4b9e-4d1a-a042-0bd031dc7d05",
  "config_java_service_project_mode_id" : "112c1cb8-4b9e-4d1a-a042-0bd031dc7d05",
  "config_plug_project_mode_id" : "112c1cb8-4b9e-4d1a-a042-0bd031dc7d05",
  "config_service_project_mode_id" : "112c1cb8-4b9e-4d1a-a042-0bd031dc7d05",
  "endpoint_project_mode_id" : "112c1cb8-4b9e-4d1a-a042-0bd031dc7d05",
  "service_project_mode_id" : "112c1cb8-4b9e-4d1a-a042-0bd031dc7d05",
  "parent_component_config_service_project_mode_id" : "112c1cb8-4b9e-4d1a-a042-0bd031dc7d05",
  "is_audit" : true,
  "keys_with_order" : null
}