{
  "component_config_id" : "2e772318-7c5d-4a3a-9f81-21cb99adef99",
  "endpoint_config_json" : {
    "type" : "jsonb",
    "value" : "{\"crossRef\": [], \"services\": [], \"multistep\": [], \"operations\": []}",
    "null" : false
  },
  "input_config_json" : {
    "type" : "jsonb",
    "value" : "{\"crossRef\": [], \"services\": [], \"multistep\": [], \"operations\": []}",
    "null" : false
  },
  "output_config_json" : {
    "type" : "jsonb",
    "value" : "{\"crossRef\": [], \"services\": [], \"multistep\": [], \"operations\": [{\"map\": {\"id\": \"11a9585c-e3d8-42c2-b0c8-02c1af955945\", \"root\": false, \"type\": \"setValue\", \"cached\": false, \"target\": \"/LintingResultsByGradeOutput/responseToolType\", \"mapNull\": false, \"disabled\": false, \"extractXml\": false, \"extractJson\": false, \"targetOrder\": 1.0, \"targetValue\": \"TextContent\", \"mapEmptyString\": false, \"targetJavaType\": \"java.lang.String\", \"variableSubstitution\": false}}, {\"map\": {\"id\": \"ab6c1519-5f65-481f-92d5-6766b753f3f2\", \"root\": false, \"type\": \"setValue\", \"cached\": false, \"target\": \"/LintingResultsByGradeOutput/responseToolText\", \"mapNull\": false, \"disabled\": false, \"extractXml\": false, \"extractJson\": false, \"targetOrder\": 1.0, \"targetValue\": \"Error retrieving linting results by grade\", \"mapEmptyString\": false, \"targetJavaType\": \"java.lang.String\", \"variableSubstitution\": false}}, {\"map\": {\"id\": \"eea1afe0-2578-4468-b2e9-ea4e33c47b3b\", \"root\": false, \"type\": \"setValue\", \"cached\": false, \"target\": \"/gradesArray/@{0}\", \"mapNull\": false, \"disabled\": false, \"extractXml\": false, \"extractJson\": false, \"targetOrder\": 1.0, \"targetValue\": \"A\", \"mapEmptyString\": false, \"targetJavaType\": \"java.lang.String\", \"variableSubstitution\": false}}, {\"map\": {\"id\": \"86ef9704-33e5-4478-86e8-0945b9ea2200\", \"root\": false, \"type\": \"setValue\", \"cached\": false, \"target\": \"/gradesArray/@{1}\", \"mapNull\": false, \"disabled\": false, \"extractXml\": false, \"extractJson\": false, \"targetOrder\": 1.0, \"targetValue\": \"B\", \"mapEmptyString\": false, \"targetJavaType\": \"java.lang.String\", \"variableSubstitution\": false}}, {\"map\": {\"id\": \"e1963fbf-474e-498a-8b27-6f85b1917bad\", \"root\": false, \"type\": \"setValue\", \"cached\": false, \"target\": \"/gradesArray/@{2}\", \"mapNull\": false, \"disabled\": false, \"extractXml\": false, \"extractJson\": false, \"targetOrder\": 1.0, \"targetValue\": \"C\", \"mapEmptyString\": false, \"targetJavaType\": \"java.lang.String\", \"variableSubstitution\": false}}, {\"map\": {\"id\": \"b513d76a-1359-46cd-b2f9-3c44b205443d\", \"root\": false, \"type\": \"setValue\", \"cached\": false, \"target\": \"/gradesArray/@{3}\", \"mapNull\": false, \"disabled\": false, \"extractXml\": false, \"extractJson\": false, \"targetOrder\": 1.0, \"targetValue\": \"D\", \"mapEmptyString\": false, \"targetJavaType\": \"java.lang.String\", \"variableSubstitution\": false}}, {\"map\": {\"id\": \"b87b6954-bbfb-457b-ae75-da25fd901b94\", \"root\": false, \"type\": \"setValue\", \"cached\": false, \"target\": \"/gradesArray/@{4}\", \"mapNull\": false, \"disabled\": false, \"extractXml\": false, \"extractJson\": false, \"targetOrder\": 1.0, \"targetValue\": \"E\", \"mapEmptyString\": false, \"targetJavaType\": \"java.lang.String\", \"variableSubstitution\": false}}, {\"map\": {\"id\": \"88451623-2350-4749-a38e-abac00e8645d\", \"root\": false, \"type\": \"setValue\", \"cached\": false, \"target\": \"/gradesArray/@{5}\", \"mapNull\": false, \"disabled\": false, \"extractXml\": false, \"extractJson\": false, \"targetOrder\": 1.0, \"targetValue\": \"F\", \"mapEmptyString\": false, \"targetJavaType\": \"java.lang.String\", \"variableSubstitution\": false}}]}",
    "null" : false
  },
  "component_id" : "8ac5fe03-27a2-4e6a-a449-6a8893818223",
  "service_id" : "2b2cda76-8f01-4b19-ada9-d86d5eaf54ba",
  "endpoint_id" : null,
  "parent_component_config_id" : null,
  "component_config_order" : 0.5,
  "action_id" : "06843b78-eab0-45da-afab-8c8277d7553f",
  "name" : "Declare vars and set default response",
  "description" : "",
  "override_endpoint" : false,
  "input_structure_json" : {
    "type" : "jsonb",
    "value" : "{\"maps\": [], \"mappedNodes\": []}",
    "null" : false
  },
  "output_structure_json" : {
    "type" : "jsonb",
    "value" : "{\"maps\": [{\"/LintingResultsByGradeOutput/responseToolType\": [{\"type\": \"setValue\", \"order\": 1, \"target\": {\"path\": \"/LintingResultsByGradeOutput/responseToolType\", \"order\": 1, \"title\": \"responseToolType\", \"dataElementType\": \"string\"}, \"values\": [{\"id\": \"5f52d951-b64d-4bc3-8e42-558a7511102c\", \"key\": \"/LintingResultsByGradeOutput/responseToolType\", \"type\": \"node\", \"order\": 1, \"title\": \"responseToolType\", \"children\": [], \"setValue\": null, \"editAllow\": true, \"uiElement\": \"TextContent\", \"isSetValue\": false, \"childrenSet\": false, \"hasChildren\": false, \"dataElementType\": \"string\", \"encryption_required\": false}], \"mapCondition\": {\"isConditionSet\": false, \"sourceTreeIndex\": [], \"targetTreeIndex\": [], \"mapConditionFormValue\": {}}, \"dataElementType\": \"string\", \"variableSubstitution\": false, \"overwritePipelineValue\": false}]}, {\"/LintingResultsByGradeOutput/responseToolText\": [{\"type\": \"setValue\", \"order\": 1, \"target\": {\"path\": \"/LintingResultsByGradeOutput/responseToolText\", \"order\": 1, \"title\": \"responseToolText\", \"dataElementType\": \"string\"}, \"values\": [{\"id\": \"4ef08bea-045c-4b68-ae41-ca428d6bea27\", \"key\": \"/LintingResultsByGradeOutput/responseToolText\", \"type\": \"node\", \"order\": 1, \"title\": \"responseToolText\", \"children\": [], \"setValue\": null, \"editAllow\": true, \"uiElement\": \"Error retrieving linting results by grade\", \"isSetValue\": false, \"childrenSet\": false, \"hasChildren\": false, \"dataElementType\": \"string\", \"encryption_required\": false}], \"mapCondition\": {\"isConditionSet\": false, \"sourceTreeIndex\": [], \"targetTreeIndex\": [], \"mapConditionFormValue\": {}}, \"dataElementType\": \"string\", \"variableSubstitution\": false, \"overwritePipelineValue\": false}]}, {\"/gradesArray[]\": [{\"type\": \"setValue\", \"order\": 1, \"target\": {\"path\": \"/gradesArray[]\", \"order\": 1, \"title\": \"gradesArray\", \"dataElementType\": \"stringArray\"}, \"values\": [{\"id\": \"5f774577-4619-4f45-bc0b-4248381b935e\", \"key\": \"/gradesArray[]\", \"type\": \"node\", \"order\": 1, \"title\": \"gradesArray\", \"isLeaf\": false, \"children\": [{\"id\": \"e8c9410d-b991-421e-8d86-e225e38a00d8\", \"key\": 0, \"node\": {\"id\": \"5f774577-4619-4f45-bc0b-4248381b935e\", \"key\": \"/gradesArray[]\", \"type\": \"node\", \"order\": 1, \"title\": \"gradesArray\", \"isLeaf\": false, \"setValue\": null, \"editAllow\": true, \"dataElementType\": \"stringArray\", \"componentConfigId\": \"2e772318-7c5d-4a3a-9f81-21cb99adef99\", \"componentConfigName\": \"Map\"}, \"type\": \"index\", \"title\": \"0\", \"isLeaf\": true, \"setValue\": \"\", \"uiElement\": \"A\", \"isSetValue\": false, \"dataElementType\": \"index\"}, {\"id\": \"d5c3a389-22e2-4feb-bae4-2906b86137da\", \"key\": 1, \"node\": {\"id\": \"5f774577-4619-4f45-bc0b-4248381b935e\", \"key\": \"/gradesArray[]\", \"type\": \"node\", \"order\": 1, \"title\": \"gradesArray\", \"isLeaf\": false, \"setValue\": null, \"editAllow\": true, \"dataElementType\": \"stringArray\", \"componentConfigId\": \"2e772318-7c5d-4a3a-9f81-21cb99adef99\", \"componentConfigName\": \"Map\"}, \"type\": \"index\", \"title\": \"1\", \"isLeaf\": true, \"setValue\": \"\", \"uiElement\": \"B\", \"isSetValue\": false, \"dataElementType\": \"index\"}, {\"id\": \"2d6a892a-4e5a-4c40-bb02-c9e8541966f9\", \"key\": 2, \"node\": {\"id\": \"5f774577-4619-4f45-bc0b-4248381b935e\", \"key\": \"/gradesArray[]\", \"type\": \"node\", \"order\": 1, \"title\": \"gradesArray\", \"isLeaf\": false, \"setValue\": null, \"editAllow\": true, \"dataElementType\": \"stringArray\", \"componentConfigId\": \"2e772318-7c5d-4a3a-9f81-21cb99adef99\", \"componentConfigName\": \"Map\"}, \"type\": \"index\", \"title\": \"2\", \"isLeaf\": true, \"setValue\": \"\", \"uiElement\": \"C\", \"isSetValue\": false, \"dataElementType\": \"index\"}, {\"id\": \"2fcc7350-2a3a-432a-aa05-e502beb74479\", \"key\": 3, \"node\": {\"id\": \"5f774577-4619-4f45-bc0b-4248381b935e\", \"key\": \"/gradesArray[]\", \"type\": \"node\", \"order\": 1, \"title\": \"gradesArray\", \"isLeaf\": false, \"setValue\": null, \"editAllow\": true, \"dataElementType\": \"stringArray\", \"componentConfigId\": \"2e772318-7c5d-4a3a-9f81-21cb99adef99\", \"componentConfigName\": \"Map\"}, \"type\": \"index\", \"title\": \"3\", \"isLeaf\": true, \"setValue\": \"\", \"uiElement\": \"D\", \"isSetValue\": false, \"dataElementType\": \"index\"}, {\"id\": \"15e7a336-7f00-45b6-8e85-08cb43cc2941\", \"key\": 4, \"node\": {\"id\": \"5f774577-4619-4f45-bc0b-4248381b935e\", \"key\": \"/gradesArray[]\", \"type\": \"node\", \"order\": 1, \"title\": \"gradesArray\", \"isLeaf\": false, \"setValue\": null, \"editAllow\": true, \"dataElementType\": \"stringArray\", \"componentConfigId\": \"2e772318-7c5d-4a3a-9f81-21cb99adef99\", \"componentConfigName\": \"Map\"}, \"type\": \"index\", \"title\": \"4\", \"isLeaf\": true, \"setValue\": \"\", \"uiElement\": \"E\", \"isSetValue\": false, \"dataElementType\": \"index\"}, {\"id\": \"5032d266-e100-4e46-8f42-679b1def4c87\", \"key\": 5, \"node\": {\"id\": \"5f774577-4619-4f45-bc0b-4248381b935e\", \"key\": \"/gradesArray[]\", \"type\": \"node\", \"order\": 1, \"title\": \"gradesArray\", \"isLeaf\": false, \"setValue\": null, \"editAllow\": true, \"dataElementType\": \"stringArray\", \"componentConfigId\": \"2e772318-7c5d-4a3a-9f81-21cb99adef99\", \"componentConfigName\": \"Map\"}, \"type\": \"index\", \"title\": \"5\", \"isLeaf\": true, \"setValue\": \"\", \"uiElement\": \"F\", \"isSetValue\": false, \"dataElementType\": \"index\"}], \"setValue\": null, \"editAllow\": true, \"dataElementType\": \"stringArray\", \"componentConfigId\": \"2e772318-7c5d-4a3a-9f81-21cb99adef99\", \"componentConfigName\": \"Map\"}], \"mapCondition\": {\"isConditionSet\": false, \"sourceTreeIndex\": [], \"targetTreeIndex\": [{\"key\": 1, \"title\": \"gradesArray\", \"isLeaf\": false, \"isArray\": true, \"parentKey\": 0, \"arrayIndex\": null}], \"mapConditionFormValue\": {}}, \"dataElementType\": \"stringArray\", \"variableSubstitution\": false, \"overwritePipelineValue\": false}]}], \"tracks\": {}, \"transformer\": []}",
    "null" : false
  },
  "endpoint_structure_json" : {
    "type" : "jsonb",
    "value" : "{\"maps\": []}",
    "null" : false
  },
  "is_error" : false,
  "no_of_errors" : 0,
  "action_input_type" : null,
  "config_service_id" : null,
  "config_imap_id" : null,
  "config_b2b_document_type_id" : null,
  "config_document_id" : null,
  "add_variables" : {
    "type" : "jsonb",
    "value" : "[{\"id\": \"59053cef-ee8e-4f27-9c4d-829c33f3ff89\", \"key\": \"/designComplianceGradesArray[]\", \"type\": \"node\", \"order\": 1, \"title\": \"designComplianceGradesArray\", \"value\": {\"type\": \"array\"}, \"children\": [{\"id\": \"387adf3c-34e8-4e98-be23-cde081df270a\", \"key\": \"/designComplianceGradesArray[]/grade\", \"type\": \"node\", \"order\": 1, \"title\": \"grade\", \"value\": {\"type\": \"string\"}, \"children\": [], \"editAllow\": true, \"componentName\": \"Declare vars and set default response\", \"dataElementType\": \"string\", \"componentConfigId\": \"2e772318-7c5d-4a3a-9f81-21cb99adef99\", \"componentConfigName\": \"Map\"}, {\"id\": \"7306662d-ebc1-432a-9450-20e9a18aa210\", \"key\": \"/designComplianceGradesArray[]/count\", \"type\": \"node\", \"order\": 1, \"title\": \"count\", \"value\": {\"type\": \"number\"}, \"children\": [], \"editAllow\": true, \"componentName\": \"Declare vars and set default response\", \"dataElementType\": \"integer\", \"componentConfigId\": \"2e772318-7c5d-4a3a-9f81-21cb99adef99\", \"componentConfigName\": \"Map\"}], \"editAllow\": true, \"componentName\": \"Declare vars and set default response\", \"dataElementType\": \"documentArray\", \"componentConfigId\": \"2e772318-7c5d-4a3a-9f81-21cb99adef99\", \"componentConfigName\": \"Map\"}, {\"id\": \"027a5d24-c3c4-4191-9392-5186ad69179a\", \"key\": \"/gradesArray[]\", \"type\": \"node\", \"order\": 1, \"title\": \"gradesArray\", \"value\": {\"type\": \"array\"}, \"children\": [], \"editAllow\": true, \"componentName\": \"Declare vars and set default response\", \"dataElementType\": \"stringArray\", \"componentConfigId\": \"2e772318-7c5d-4a3a-9f81-21cb99adef99\", \"componentConfigName\": \"Map\"}]",
    "null" : false
  },
  "drop_variables" : {
    "type" : "jsonb",
    "value" : "[]",
    "null" : false
  },
  "plug_input_structure" : null,
  "plug_output_structure" : null,
  "config_plug_id" : null,
  "override_plug" : false,
  "config_java_service_id" : null,
  "service_tag" : "V26",
  "endpoint_tag" : null,
  "config_service_tag" : "",
  "config_imap_tag" : "",
  "config_b2b_document_type_tag" : "",
  "active" : false,
  "parent_component_config_service_tag" : "V26",
  "service_project_id" : "27edbc36-f404-4005-832a-6f6f32f16f6e",
  "service_project_tag" : "V26",
  "config_service_project_id" : null,
  "config_service_project_tag" : "",
  "config_imap_project_id" : null,
  "config_imap_project_tag" : "",
  "config_b2b_document_type_project_id" : null,
  "config_b2b_document_type_project_tag" : "",
  "endpoint_project_id" : null,
  "endpoint_project_tag" : null,
  "config_plug_tag" : null,
  "config_plug_project_id" : null,
  "config_plug_project_tag" : null,
  "config_java_service_tag" : "",
  "config_java_service_project_id" : null,
  "config_java_service_project_tag" : "",
  "disabled" : false,
  "config" : null,
  "config_b2b_document_type_project_mode_id" : "112c1cb8-4b9e-4d1a-a042-0bd031dc7d05",
  "config_imap_project_mode_id" : "112c1cb8-4b9e-4d1a-a042-0bd031dc7d05",
  "config_java_service_project_mode_id" : "112c1cb8-4b9e-4d1a-a042-0bd031dc7d05",
  "config_plug_project_mode_id" : "112c1cb8-4b9e-4d1a-a042-0bd031dc7d05",
  "config_service_project_mode_id" : "112c1cb8-4b9e-4d1a-a042-0bd031dc7d05",
  "endpoint_project_mode_id" : "112c1cb8-4b9e-4d1a-a042-0bd031dc7d05",
  "service_project_mode_id" : "112c1cb8-4b9e-4d1a-a042-0bd031dc7d05",
  "parent_component_config_service_project_mode_id" : "112c1cb8-4b9e-4d1a-a042-0bd031dc7d05",
  "is_audit" : true,
  "keys_with_order" : null
}