{
  "component_config_id" : "46f1e4e1-213f-4ae0-8207-492e5abcc29f",
  "endpoint_config_json" : {
    "type" : "jsonb",
    "value" : "{\"crossRef\": [], \"services\": [], \"multistep\": [], \"operations\": []}",
    "null" : false
  },
  "input_config_json" : {
    "type" : "jsonb",
    "value" : "{\"crossRef\": [], \"services\": [], \"multistep\": [], \"operations\": [{\"map\": {\"id\": \"8c85a624-3245-450b-83a6-28fcb5c0911a\", \"root\": false, \"type\": \"map\", \"cached\": false, \"source\": \"/UpdateProductDocumentation-ServiceInput/productName\", \"target\": \"/pathParams/productName\", \"mapNull\": false, \"disabled\": false, \"extractXml\": false, \"extractJson\": false, \"mapEmptyString\": false, \"sourceJavaType\": \"java.lang.String\", \"targetJavaType\": \"java.lang.String\"}}]}",
    "null" : false
  },
  "output_config_json" : {
    "type" : "jsonb",
    "value" : "{\"crossRef\": [], \"services\": [], \"multistep\": [], \"operations\": [{\"map\": {\"id\": \"da465d06-01e2-4b1c-bb50-76b8e2206f40\", \"root\": true, \"type\": \"map\", \"cached\": false, \"source\": \"/list_catalog_v1_Product_DocumentOutput\", \"target\": \"/list_catalog_v1_Product_DocumentOutput\", \"mapNull\": false, \"disabled\": false, \"extractXml\": false, \"extractJson\": false, \"targetOrder\": 1.0, \"mapEmptyString\": false}}]}",
    "null" : false
  },
  "component_id" : "57a4eaf2-7d82-4894-856a-a4a477d2a3a5",
  "service_id" : "98dd99ca-9b24-4f83-ae8e-96c2c199c011",
  "endpoint_id" : "5ba37370-e389-4225-9a91-8abaf4f678ad",
  "parent_component_config_id" : "9d0cf0d3-9218-4b17-aecc-d967bb946663",
  "component_config_order" : 1.0,
  "action_id" : "57561e36-ab3c-427b-8fd6-55016149e0ba",
  "name" : "Get product documents",
  "description" : "",
  "override_endpoint" : false,
  "input_structure_json" : {
    "type" : "jsonb",
    "value" : "{\"maps\": [{\"/pathParams/productName\": [{\"type\": \"map\", \"source\": {\"path\": \"/UpdateProductDocumentation-ServiceInput/productName\", \"title\": \"productName\", \"dataElementType\": \"string\"}, \"target\": {\"path\": \"/pathParams/productName\", \"title\": \"productName\", \"dataElementType\": \"string\"}, \"mapCondition\": {\"isConditionSet\": false, \"sourceTreeIndex\": [], \"targetTreeIndex\": [], \"mapConditionFormValue\": {}}}]}], \"mappedNodes\": [\"/list_catalog_v1_Product_DocumentOutputactionOut\", \"/list_catalog_v1_Product_DocumentOutputpipeOut\", \"/UpdateProductDocumentation-ServiceInput/productName pipeIn\", \"/pathParams/productName actionIn\"], \"addVariables\": []}",
    "null" : false
  },
  "output_structure_json" : {
    "type" : "jsonb",
    "value" : "{\"maps\": [{\"/list_catalog_v1_Product_DocumentOutput\": [{\"type\": \"map\", \"source\": {\"path\": \"/list_catalog_v1_Product_DocumentOutput\", \"title\": \"list_catalog_v1_Product_DocumentOutput\", \"dataElementType\": \"document\"}, \"target\": {\"path\": \"/list_catalog_v1_Product_DocumentOutput\", \"order\": 1, \"title\": \"list_catalog_v1_Product_DocumentOutput\", \"dataElementType\": \"document\"}, \"mapCondition\": {\"isConditionSet\": false, \"sourceTreeIndex\": [], \"targetTreeIndex\": [], \"mapConditionFormValue\": {}}}]}], \"tracks\": {}, \"transformer\": []}",
    "null" : false
  },
  "endpoint_structure_json" : {
    "type" : "jsonb",
    "value" : "{\"maps\": []}",
    "null" : false
  },
  "is_error" : false,
  "no_of_errors" : 0,
  "action_input_type" : null,
  "config_service_id" : null,
  "config_imap_id" : null,
  "config_b2b_document_type_id" : null,
  "config_document_id" : null,
  "add_variables" : {
    "type" : "jsonb",
    "value" : "[]",
    "null" : false
  },
  "drop_variables" : {
    "type" : "jsonb",
    "value" : "[]",
    "null" : false
  },
  "plug_input_structure" : {
    "type" : "jsonb",
    "value" : "[{\"id\": \"46f1e4e1-213f-4ae0-8207-492e5abcc29f\", \"key\": \"/pathParams\", \"order\": 0.0, \"title\": \"pathParams\", \"value\": {\"type\": \"object\"}, \"isLeaf\": false, \"children\": [{\"id\": \"46f1e4e1-213f-4ae0-8207-492e5abcc29f\", \"key\": \"/pathParams/productName\", \"title\": \"productName\", \"value\": {\"type\": \"string\", \"requiredFlag\": true}, \"isLeaf\": true, \"entityType\": \"componentConfig\", \"childrenSet\": false, \"hasChildren\": false, \"dataElementType\": \"string\", \"encryption_required\": false}], \"entityType\": \"componentConfig\", \"childrenSet\": false, \"hasChildren\": true, \"dataElementType\": \"document\", \"encryption_required\": false}, {\"id\": \"46f1e4e1-213f-4ae0-8207-492e5abcc29f\", \"key\": \"/queryParams\", \"order\": 1.0, \"title\": \"queryParams\", \"value\": {\"type\": \"object\"}, \"isLeaf\": false, \"children\": [{\"id\": \"46f1e4e1-213f-4ae0-8207-492e5abcc29f\", \"key\": \"/queryParams/page\", \"title\": \"page\", \"value\": {\"type\": \"integer\", \"requiredFlag\": false}, \"isLeaf\": true, \"entityType\": \"componentConfig\", \"childrenSet\": false, \"hasChildren\": false, \"dataElementType\": \"integer\", \"encryption_required\": false}, {\"id\": \"46f1e4e1-213f-4ae0-8207-492e5abcc29f\", \"key\": \"/queryParams/pageSize\", \"title\": \"pageSize\", \"value\": {\"type\": \"integer\", \"requiredFlag\": false}, \"isLeaf\": true, \"entityType\": \"componentConfig\", \"childrenSet\": false, \"hasChildren\": false, \"dataElementType\": \"integer\", \"encryption_required\": false}, {\"id\": \"46f1e4e1-213f-4ae0-8207-492e5abcc29f\", \"key\": \"/queryParams/sort[]\", \"title\": \"sort\", \"value\": {\"type\": \"array\", \"requiredFlag\": false}, \"isLeaf\": true, \"entityType\": \"componentConfig\", \"childrenSet\": false, \"hasChildren\": false, \"dataElementType\": \"stringArray\", \"encryption_required\": false}, {\"id\": \"46f1e4e1-213f-4ae0-8207-492e5abcc29f\", \"key\": \"/queryParams/embed\", \"title\": \"embed\", \"value\": {\"type\": \"string\", \"requiredFlag\": false}, \"isLeaf\": true, \"entityType\": \"componentConfig\", \"childrenSet\": false, \"hasChildren\": false, \"dataElementType\": \"string\", \"encryption_required\": false}, {\"id\": \"46f1e4e1-213f-4ae0-8207-492e5abcc29f\", \"key\": \"/queryParams/expand\", \"title\": \"expand\", \"value\": {\"type\": \"string\", \"requiredFlag\": false}, \"isLeaf\": true, \"entityType\": \"componentConfig\", \"childrenSet\": false, \"hasChildren\": false, \"dataElementType\": \"string\", \"encryption_required\": false}, {\"id\": \"46f1e4e1-213f-4ae0-8207-492e5abcc29f\", \"key\": \"/queryParams/resource.language.code\", \"title\": \"resource.language.code\", \"value\": {\"type\": \"string\", \"requiredFlag\": false}, \"isLeaf\": true, \"entityType\": \"componentConfig\", \"childrenSet\": false, \"hasChildren\": false, \"dataElementType\": \"string\", \"encryption_required\": false}, {\"id\": \"46f1e4e1-213f-4ae0-8207-492e5abcc29f\", \"key\": \"/queryParams/query\", \"title\": \"query\", \"value\": {\"type\": \"string\", \"requiredFlag\": false}, \"isLeaf\": true, \"entityType\": \"componentConfig\", \"childrenSet\": false, \"hasChildren\": false, \"dataElementType\": \"string\", \"encryption_required\": false}, {\"id\": \"46f1e4e1-213f-4ae0-8207-492e5abcc29f\", \"key\": \"/queryParams/fields\", \"title\": \"fields\", \"value\": {\"type\": \"string\", \"requiredFlag\": false}, \"isLeaf\": true, \"entityType\": \"componentConfig\", \"childrenSet\": false, \"hasChildren\": false, \"dataElementType\": \"string\", \"encryption_required\": false}], \"entityType\": \"componentConfig\", \"childrenSet\": false, \"hasChildren\": true, \"dataElementType\": \"document\", \"encryption_required\": false}, {\"id\": \"46f1e4e1-213f-4ae0-8207-492e5abcc29f\", \"key\": \"/headers\", \"order\": 2.0, \"title\": \"headers\", \"value\": {\"type\": \"object\"}, \"isLeaf\": false, \"children\": [{\"id\": \"46f1e4e1-213f-4ae0-8207-492e5abcc29f\", \"key\": \"/headers/X-Axway-Tenant-Id\", \"title\": \"X-Axway-Tenant-Id\", \"value\": {\"type\": \"string\", \"requiredFlag\": false}, \"isLeaf\": true, \"entityType\": \"componentConfig\", \"childrenSet\": false, \"hasChildren\": false, \"dataElementType\": \"string\", \"encryption_required\": false}], \"entityType\": \"componentConfig\", \"childrenSet\": false, \"hasChildren\": true, \"dataElementType\": \"document\", \"encryption_required\": false}]",
    "null" : false
  },
  "plug_output_structure" : {
    "type" : "jsonb",
    "value" : "[{\"id\": \"46f1e4e1-213f-4ae0-8207-492e5abcc29f\", \"key\": \"/list_catalog_v1_Product_DocumentOutput\", \"type\": \"object\", \"order\": 1.0, \"title\": \"list_catalog_v1_Product_DocumentOutput\", \"value\": {\"type\": \"object\", \"requiredFlag\": false}, \"isLeaf\": false, \"children\": [{\"id\": \"46f1e4e1-213f-4ae0-8207-492e5abcc29f\", \"key\": \"/list_catalog_v1_Product_DocumentOutput/success\", \"type\": \"boolean\", \"order\": 2.0, \"title\": \"success\", \"value\": {\"type\": \"boolean\", \"requiredFlag\": false}, \"isLeaf\": true, \"entityType\": \"componentConfig\", \"childrenSet\": false, \"hasChildren\": false, \"dataElementType\": \"boolean\", \"encryption_required\": false}, {\"id\": \"46f1e4e1-213f-4ae0-8207-492e5abcc29f\", \"key\": \"/list_catalog_v1_Product_DocumentOutput/statusCode\", \"type\": \"number\", \"order\": 3.0, \"title\": \"statusCode\", \"value\": {\"type\": \"number\", \"requiredFlag\": false}, \"isLeaf\": true, \"entityType\": \"componentConfig\", \"childrenSet\": false, \"hasChildren\": false, \"dataElementType\": \"number\", \"encryption_required\": false}, {\"id\": \"46f1e4e1-213f-4ae0-8207-492e5abcc29f\", \"key\": \"/list_catalog_v1_Product_DocumentOutput/response[]\", \"type\": \"array\", \"order\": 4.0, \"title\": \"response\", \"value\": {\"type\": \"array\", \"requiredFlag\": false}, \"isLeaf\": false, \"children\": [{\"id\": \"46f1e4e1-213f-4ae0-8207-492e5abcc29f\", \"key\": \"/list_catalog_v1_Product_DocumentOutput/response[]/group\", \"type\": \"string\", \"order\": 5.0, \"title\": \"group\", \"value\": {\"type\": \"string\", \"requiredFlag\": false}, \"isLeaf\": true, \"entityType\": \"componentConfig\", \"childrenSet\": false, \"hasChildren\": false, \"dataElementType\": \"string\", \"encryption_required\": false}, {\"id\": \"46f1e4e1-213f-4ae0-8207-492e5abcc29f\", \"key\": \"/list_catalog_v1_Product_DocumentOutput/response[]/apiVersion\", \"type\": \"string\", \"order\": 6.0, \"title\": \"apiVersion\", \"value\": {\"type\": \"string\", \"requiredFlag\": false}, \"isLeaf\": true, \"entityType\": \"componentConfig\", \"childrenSet\": false, \"hasChildren\": false, \"dataElementType\": \"string\", \"encryption_required\": false}, {\"id\": \"46f1e4e1-213f-4ae0-8207-492e5abcc29f\", \"key\": \"/list_catalog_v1_Product_DocumentOutput/response[]/kind\", \"type\": \"string\", \"order\": 7.0, \"title\": \"kind\", \"value\": {\"type\": \"string\", \"requiredFlag\": false}, \"isLeaf\": true, \"entityType\": \"componentConfig\", \"childrenSet\": false, \"hasChildren\": false, \"dataElementType\": \"string\", \"encryption_required\": false}, {\"id\": \"46f1e4e1-213f-4ae0-8207-492e5abcc29f\", \"key\": \"/list_catalog_v1_Product_DocumentOutput/response[]/name\", \"type\": \"string\", \"order\": 8.0, \"title\": \"name\", \"value\": {\"type\": \"string\", \"requiredFlag\": false}, \"isLeaf\": true, \"entityType\": \"componentConfig\", \"childrenSet\": false, \"hasChildren\": false, \"dataElementType\": \"string\", \"encryption_required\": false}, {\"id\": \"46f1e4e1-213f-4ae0-8207-492e5abcc29f\", \"key\": \"/list_catalog_v1_Product_DocumentOutput/response[]/title\", \"type\": \"string\", \"order\": 9.0, \"title\": \"title\", \"value\": {\"type\": \"string\", \"requiredFlag\": false}, \"isLeaf\": true, \"entityType\": \"componentConfig\", \"childrenSet\": false, \"hasChildren\": false, \"dataElementType\": \"string\", \"encryption_required\": false}, {\"id\": \"46f1e4e1-213f-4ae0-8207-492e5abcc29f\", \"key\": \"/list_catalog_v1_Product_DocumentOutput/response[]/metadata\", \"type\": \"object\", \"order\": 10.0, \"title\": \"metadata\", \"value\": {\"type\": \"object\", \"requiredFlag\": false}, \"isLeaf\": false, \"children\": [{\"id\": \"46f1e4e1-213f-4ae0-8207-492e5abcc29f\", \"key\": \"/list_catalog_v1_Product_DocumentOutput/response[]/metadata/id\", \"type\": \"string\", \"order\": 11.0, \"title\": \"id\", \"value\": {\"type\": \"string\", \"requiredFlag\": false}, \"isLeaf\": true, \"entityType\": \"componentConfig\", \"childrenSet\": false, \"hasChildren\": false, \"dataElementType\": \"string\", \"encryption_required\": false}, {\"id\": \"46f1e4e1-213f-4ae0-8207-492e5abcc29f\", \"key\": \"/list_catalog_v1_Product_DocumentOutput/response[]/metadata/audit\", \"type\": \"object\", \"order\": 12.0, \"title\": \"audit\", \"value\": {\"type\": \"object\", \"requiredFlag\": false}, \"isLeaf\": false, \"children\": [{\"id\": \"46f1e4e1-213f-4ae0-8207-492e5abcc29f\", \"key\": \"/list_catalog_v1_Product_DocumentOutput/response[]/metadata/audit/createTimestamp\", \"type\": \"string\", \"order\": 13.0, \"title\": \"createTimestamp\", \"value\": {\"type\": \"string\", \"format\": \"date-time\", \"requiredFlag\": false}, \"isLeaf\": true, \"entityType\": \"componentConfig\", \"childrenSet\": false, \"hasChildren\": false, \"dataElementType\": \"string\", \"encryption_required\": false}, {\"id\": \"46f1e4e1-213f-4ae0-8207-492e5abcc29f\", \"key\": \"/list_catalog_v1_Product_DocumentOutput/response[]/metadata/audit/createUserId\", \"type\": \"string\", \"order\": 14.0, \"title\": \"createUserId\", \"value\": {\"type\": \"string\", \"requiredFlag\": false}, \"isLeaf\": true, \"entityType\": \"componentConfig\", \"childrenSet\": false, \"hasChildren\": false, \"dataElementType\": \"string\", \"encryption_required\": false}, {\"id\": \"46f1e4e1-213f-4ae0-8207-492e5abcc29f\", \"key\": \"/list_catalog_v1_Product_DocumentOutput/response[]/metadata/audit/modifyTimestamp\", \"type\": \"string\", \"order\": 15.0, \"title\": \"modifyTimestamp\", \"value\": {\"type\": \"string\", \"format\": \"date-time\", \"requiredFlag\": false}, \"isLeaf\": true, \"entityType\": \"componentConfig\", \"childrenSet\": false, \"hasChildren\": false, \"dataElementType\": \"string\", \"encryption_required\": false}, {\"id\": \"46f1e4e1-213f-4ae0-8207-492e5abcc29f\", \"key\": \"/list_catalog_v1_Product_DocumentOutput/response[]/metadata/audit/modifyUserId\", \"type\": \"string\", \"order\": 16.0, \"title\": \"modifyUserId\", \"value\": {\"type\": \"string\", \"requiredFlag\": false}, \"isLeaf\": true, \"entityType\": \"componentConfig\", \"childrenSet\": false, \"hasChildren\": false, \"dataElementType\": \"string\", \"encryption_required\": false}], \"entityType\": \"componentConfig\", \"childrenSet\": false, \"hasChildren\": false, \"dataElementType\": \"document\", \"encryption_required\": false}, {\"id\": \"46f1e4e1-213f-4ae0-8207-492e5abcc29f\", \"key\": \"/list_catalog_v1_Product_DocumentOutput/response[]/metadata/scope\", \"type\": \"object\", \"order\": 17.0, \"title\": \"scope\", \"value\": {\"type\": \"object\", \"requiredFlag\": false}, \"isLeaf\": false, \"children\": [{\"id\": \"46f1e4e1-213f-4ae0-8207-492e5abcc29f\", \"key\": \"/list_catalog_v1_Product_DocumentOutput/response[]/metadata/scope/id\", \"type\": \"string\", \"order\": 18.0, \"title\": \"id\", \"value\": {\"type\": \"string\", \"requiredFlag\": false}, \"isLeaf\": true, \"entityType\": \"componentConfig\", \"childrenSet\": false, \"hasChildren\": false, \"dataElementType\": \"string\", \"encryption_required\": false}, {\"id\": \"46f1e4e1-213f-4ae0-8207-492e5abcc29f\", \"key\": \"/list_catalog_v1_Product_DocumentOutput/response[]/metadata/scope/kind\", \"type\": \"string\", \"order\": 19.0, \"title\": \"kind\", \"value\": {\"type\": \"string\", \"requiredFlag\": false}, \"isLeaf\": true, \"entityType\": \"componentConfig\", \"childrenSet\": false, \"hasChildren\": false, \"dataElementType\": \"string\", \"encryption_required\": false}, {\"id\": \"46f1e4e1-213f-4ae0-8207-492e5abcc29f\", \"key\": \"/list_catalog_v1_Product_DocumentOutput/response[]/metadata/scope/name\", \"type\": \"string\", \"order\": 20.0, \"title\": \"name\", \"value\": {\"type\": \"string\", \"requiredFlag\": false}, \"isLeaf\": true, \"entityType\": \"componentConfig\", \"childrenSet\": false, \"hasChildren\": false, \"dataElementType\": \"string\", \"encryption_required\": false}, {\"id\": \"46f1e4e1-213f-4ae0-8207-492e5abcc29f\", \"key\": \"/list_catalog_v1_Product_DocumentOutput/response[]/metadata/scope/title\", \"type\": \"string\", \"order\": 21.0, \"title\": \"title\", \"value\": {\"type\": \"string\", \"requiredFlag\": false}, \"isLeaf\": true, \"entityType\": \"componentConfig\", \"childrenSet\": false, \"hasChildren\": false, \"dataElementType\": \"string\", \"encryption_required\": false}, {\"id\": \"46f1e4e1-213f-4ae0-8207-492e5abcc29f\", \"key\": \"/list_catalog_v1_Product_DocumentOutput/response[]/metadata/scope/selfLink\", \"type\": \"string\", \"order\": 22.0, \"title\": \"selfLink\", \"value\": {\"type\": \"string\", \"requiredFlag\": false}, \"isLeaf\": true, \"entityType\": \"componentConfig\", \"childrenSet\": false, \"hasChildren\": false, \"dataElementType\": \"string\", \"encryption_required\": false}, {\"id\": \"46f1e4e1-213f-4ae0-8207-492e5abcc29f\", \"key\": \"/list_catalog_v1_Product_DocumentOutput/response[]/metadata/scope/owner\", \"type\": \"object\", \"order\": 23.0, \"title\": \"owner\", \"value\": {\"type\": \"object\", \"requiredFlag\": false}, \"isLeaf\": false, \"children\": [{\"id\": \"46f1e4e1-213f-4ae0-8207-492e5abcc29f\", \"key\": \"/list_catalog_v1_Product_DocumentOutput/response[]/metadata/scope/owner/type\", \"type\": \"string\", \"order\": 24.0, \"title\": \"type\", \"value\": {\"type\": \"string\", \"_enum\": [\"team\"], \"requiredFlag\": false}, \"isLeaf\": true, \"entityType\": \"componentConfig\", \"childrenSet\": false, \"hasChildren\": false, \"dataElementType\": \"string\", \"encryption_required\": false}, {\"id\": \"46f1e4e1-213f-4ae0-8207-492e5abcc29f\", \"key\": \"/list_catalog_v1_Product_DocumentOutput/response[]/metadata/scope/owner/id\", \"type\": \"string\", \"order\": 25.0, \"title\": \"id\", \"value\": {\"type\": \"string\", \"requiredFlag\": true}, \"isLeaf\": true, \"entityType\": \"componentConfig\", \"childrenSet\": false, \"hasChildren\": false, \"dataElementType\": \"string\", \"encryption_required\": false}], \"entityType\": \"componentConfig\", \"childrenSet\": false, \"hasChildren\": false, \"dataElementType\": \"document\", \"encryption_required\": false}], \"entityType\": \"componentConfig\", \"childrenSet\": false, \"hasChildren\": false, \"dataElementType\": \"document\", \"encryption_required\": false}, {\"id\": \"46f1e4e1-213f-4ae0-8207-492e5abcc29f\", \"key\": \"/list_catalog_v1_Product_DocumentOutput/response[]/metadata/acls[]\", \"type\": \"array\", \"order\": 26.0, \"title\": \"acls\", \"value\": {\"type\": \"array\", \"requiredFlag\": false}, \"isLeaf\": false, \"children\": [{\"id\": \"46f1e4e1-213f-4ae0-8207-492e5abcc29f\", \"key\": \"/list_catalog_v1_Product_DocumentOutput/response[]/metadata/acls[]/id\", \"type\": \"string\", \"order\": 27.0, \"title\": \"id\", \"value\": {\"type\": \"string\", \"requiredFlag\": false}, \"isLeaf\": true, \"entityType\": \"componentConfig\", \"childrenSet\": false, \"hasChildren\": false, \"dataElementType\": \"string\", \"encryption_required\": false}, {\"id\": \"46f1e4e1-213f-4ae0-8207-492e5abcc29f\", \"key\": \"/list_catalog_v1_Product_DocumentOutput/response[]/metadata/acls[]/subjectType\", \"type\": \"string\", \"order\": 28.0, \"title\": \"subjectType\", \"value\": {\"type\": \"string\", \"_enum\": [\"team\"], \"requiredFlag\": false}, \"isLeaf\": true, \"entityType\": \"componentConfig\", \"childrenSet\": false, \"hasChildren\": false, \"dataElementType\": \"string\", \"encryption_required\": false}, {\"id\": \"46f1e4e1-213f-4ae0-8207-492e5abcc29f\", \"key\": \"/list_catalog_v1_Product_DocumentOutput/response[]/metadata/acls[]/subjectId\", \"type\": \"string\", \"order\": 29.0, \"title\": \"subjectId\", \"value\": {\"type\": \"string\", \"requiredFlag\": false}, \"isLeaf\": true, \"entityType\": \"componentConfig\", \"childrenSet\": false, \"hasChildren\": false, \"dataElementType\": \"string\", \"encryption_required\": false}, {\"id\": \"46f1e4e1-213f-4ae0-8207-492e5abcc29f\", \"key\": \"/list_catalog_v1_Product_DocumentOutput/response[]/metadata/acls[]/aclId\", \"type\": \"string\", \"order\": 30.0, \"title\": \"aclId\", \"value\": {\"type\": \"string\", \"requiredFlag\": false}, \"isLeaf\": true, \"entityType\": \"componentConfig\", \"childrenSet\": false, \"hasChildren\": false, \"dataElementType\": \"string\", \"encryption_required\": false}], \"entityType\": \"componentConfig\", \"childrenSet\": false, \"hasChildren\": false, \"dataElementType\": \"documentArray\", \"encryption_required\": false}, {\"id\": \"46f1e4e1-213f-4ae0-8207-492e5abcc29f\", \"key\": \"/list_catalog_v1_Product_DocumentOutput/response[]/metadata/resourceVersion\", \"type\": \"string\", \"order\": 31.0, \"title\": \"resourceVersion\", \"value\": {\"type\": \"string\", \"requiredFlag\": false}, \"isLeaf\": true, \"entityType\": \"componentConfig\", \"childrenSet\": false, \"hasChildren\": false, \"dataElementType\": \"string\", \"encryption_required\": false}, {\"id\": \"46f1e4e1-213f-4ae0-8207-492e5abcc29f\", \"key\": \"/list_catalog_v1_Product_DocumentOutput/response[]/metadata/references[]\", \"type\": \"array\", \"order\": 32.0, \"title\": \"references\", \"value\": {\"type\": \"array\", \"requiredFlag\": false}, \"isLeaf\": false, \"children\": [{\"id\": \"46f1e4e1-213f-4ae0-8207-492e5abcc29f\", \"key\": \"/list_catalog_v1_Product_DocumentOutput/response[]/metadata/references[]/id\", \"type\": \"string\", \"order\": 33.0, \"title\": \"id\", \"value\": {\"type\": \"string\", \"requiredFlag\": false}, \"isLeaf\": true, \"entityType\": \"componentConfig\", \"childrenSet\": false, \"hasChildren\": false, \"dataElementType\": \"string\", \"encryption_required\": false}, {\"id\": \"46f1e4e1-213f-4ae0-8207-492e5abcc29f\", \"key\": \"/list_catalog_v1_Product_DocumentOutput/response[]/metadata/references[]/kind\", \"type\": \"string\", \"order\": 34.0, \"title\": \"kind\", \"value\": {\"type\": \"string\", \"requiredFlag\": false}, \"isLeaf\": true, \"entityType\": \"componentConfig\", \"childrenSet\": false, \"hasChildren\": false, \"dataElementType\": \"string\", \"encryption_required\": false}, {\"id\": \"46f1e4e1-213f-4ae0-8207-492e5abcc29f\", \"key\": \"/list_catalog_v1_Product_DocumentOutput/response[]/metadata/references[]/name\", \"type\": \"string\", \"order\": 35.0, \"title\": \"name\", \"value\": {\"type\": \"string\", \"requiredFlag\": false}, \"isLeaf\": true, \"entityType\": \"componentConfig\", \"childrenSet\": false, \"hasChildren\": false, \"dataElementType\": \"string\", \"encryption_required\": false}, {\"id\": \"46f1e4e1-213f-4ae0-8207-492e5abcc29f\", \"key\": \"/list_catalog_v1_Product_DocumentOutput/response[]/metadata/references[]/scopeKind\", \"type\": \"string\", \"order\": 36.0, \"title\": \"scopeKind\", \"value\": {\"type\": \"string\", \"requiredFlag\": false}, \"isLeaf\": true, \"entityType\": \"componentConfig\", \"childrenSet\": false, \"hasChildren\": false, \"dataElementType\": \"string\", \"encryption_required\": false}, {\"id\": \"46f1e4e1-213f-4ae0-8207-492e5abcc29f\", \"key\": \"/list_catalog_v1_Product_DocumentOutput/response[]/metadata/references[]/scopeName\", \"type\": \"string\", \"order\": 37.0, \"title\": \"scopeName\", \"value\": {\"type\": \"string\", \"requiredFlag\": false}, \"isLeaf\": true, \"entityType\": \"componentConfig\", \"childrenSet\": false, \"hasChildren\": false, \"dataElementType\": \"string\", \"encryption_required\": false}, {\"id\": \"46f1e4e1-213f-4ae0-8207-492e5abcc29f\", \"key\": \"/list_catalog_v1_Product_DocumentOutput/response[]/metadata/references[]/selfLink\", \"type\": \"string\", \"order\": 38.0, \"title\": \"selfLink\", \"value\": {\"type\": \"string\", \"requiredFlag\": false}, \"isLeaf\": true, \"entityType\": \"componentConfig\", \"childrenSet\": false, \"hasChildren\": false, \"dataElementType\": \"string\", \"encryption_required\": false}, {\"id\": \"46f1e4e1-213f-4ae0-8207-492e5abcc29f\", \"key\": \"/list_catalog_v1_Product_DocumentOutput/response[]/metadata/references[]/type\", \"type\": \"string\", \"order\": 39.0, \"title\": \"type\", \"value\": {\"type\": \"string\", \"_enum\": [\"hard\", \"soft\"], \"requiredFlag\": false}, \"isLeaf\": true, \"entityType\": \"componentConfig\", \"childrenSet\": false, \"hasChildren\": false, \"dataElementType\": \"string\", \"encryption_required\": false}], \"entityType\": \"componentConfig\", \"childrenSet\": false, \"hasChildren\": false, \"dataElementType\": \"documentArray\", \"encryption_required\": false}, {\"id\": \"46f1e4e1-213f-4ae0-8207-492e5abcc29f\", \"key\": \"/list_catalog_v1_Product_DocumentOutput/response[]/metadata/deletedReferences[]\", \"type\": \"array\", \"order\": 40.0, \"title\": \"deletedReferences\", \"value\": {\"type\": \"array\", \"requiredFlag\": false}, \"isLeaf\": false, \"children\": [{\"id\": \"46f1e4e1-213f-4ae0-8207-492e5abcc29f\", \"key\": \"/list_catalog_v1_Product_DocumentOutput/response[]/metadata/deletedReferences[]/id\", \"type\": \"string\", \"order\": 41.0, \"title\": \"id\", \"value\": {\"type\": \"string\", \"requiredFlag\": false}, \"isLeaf\": true, \"entityType\": \"componentConfig\", \"childrenSet\": false, \"hasChildren\": false, \"dataElementType\": \"string\", \"encryption_required\": false}, {\"id\": \"46f1e4e1-213f-4ae0-8207-492e5abcc29f\", \"key\": \"/list_catalog_v1_Product_DocumentOutput/response[]/metadata/deletedReferences[]/kind\", \"type\": \"string\", \"order\": 42.0, \"title\": \"kind\", \"value\": {\"type\": \"string\", \"requiredFlag\": false}, \"isLeaf\": true, \"entityType\": \"componentConfig\", \"childrenSet\": false, \"hasChildren\": false, \"dataElementType\": \"string\", \"encryption_required\": false}, {\"id\": \"46f1e4e1-213f-4ae0-8207-492e5abcc29f\", \"key\": \"/list_catalog_v1_Product_DocumentOutput/response[]/metadata/deletedReferences[]/name\", \"type\": \"string\", \"order\": 43.0, \"title\": \"name\", \"value\": {\"type\": \"string\", \"requiredFlag\": false}, \"isLeaf\": true, \"entityType\": \"componentConfig\", \"childrenSet\": false, \"hasChildren\": false, \"dataElementType\": \"string\", \"encryption_required\": false}, {\"id\": \"46f1e4e1-213f-4ae0-8207-492e5abcc29f\", \"key\": \"/list_catalog_v1_Product_DocumentOutput/response[]/metadata/deletedReferences[]/scopeKind\", \"type\": \"string\", \"order\": 44.0, \"title\": \"scopeKind\", \"value\": {\"type\": \"string\", \"requiredFlag\": false}, \"isLeaf\": true, \"entityType\": \"componentConfig\", \"childrenSet\": false, \"hasChildren\": false, \"dataElementType\": \"string\", \"encryption_required\": false}, {\"id\": \"46f1e4e1-213f-4ae0-8207-492e5abcc29f\", \"key\": \"/list_catalog_v1_Product_DocumentOutput/response[]/metadata/deletedReferences[]/scopeName\", \"type\": \"string\", \"order\": 45.0, \"title\": \"scopeName\", \"value\": {\"type\": \"string\", \"requiredFlag\": false}, \"isLeaf\": true, \"entityType\": \"componentConfig\", \"childrenSet\": false, \"hasChildren\": false, \"dataElementType\": \"string\", \"encryption_required\": false}, {\"id\": \"46f1e4e1-213f-4ae0-8207-492e5abcc29f\", \"key\": \"/list_catalog_v1_Product_DocumentOutput/response[]/metadata/deletedReferences[]/selfLink\", \"type\": \"string\", \"order\": 46.0, \"title\": \"selfLink\", \"value\": {\"type\": \"string\", \"requiredFlag\": false}, \"isLeaf\": true, \"entityType\": \"componentConfig\", \"childrenSet\": false, \"hasChildren\": false, \"dataElementType\": \"string\", \"encryption_required\": false}, {\"id\": \"46f1e4e1-213f-4ae0-8207-492e5abcc29f\", \"key\": \"/list_catalog_v1_Product_DocumentOutput/response[]/metadata/deletedReferences[]/type\", \"type\": \"string\", \"order\": 47.0, \"title\": \"type\", \"value\": {\"type\": \"string\", \"_enum\": [\"hard\", \"soft\"], \"requiredFlag\": false}, \"isLeaf\": true, \"entityType\": \"componentConfig\", \"childrenSet\": false, \"hasChildren\": false, \"dataElementType\": \"string\", \"encryption_required\": false}], \"entityType\": \"componentConfig\", \"childrenSet\": false, \"hasChildren\": false, \"dataElementType\": \"documentArray\", \"encryption_required\": false}, {\"id\": \"46f1e4e1-213f-4ae0-8207-492e5abcc29f\", \"key\": \"/list_catalog_v1_Product_DocumentOutput/response[]/metadata/state\", \"type\": \"string\", \"order\": 48.0, \"title\": \"state\", \"value\": {\"type\": \"string\", \"requiredFlag\": false}, \"isLeaf\": true, \"entityType\": \"componentConfig\", \"childrenSet\": false, \"hasChildren\": false, \"dataElementType\": \"string\", \"encryption_required\": false}, {\"id\": \"46f1e4e1-213f-4ae0-8207-492e5abcc29f\", \"key\": \"/list_catalog_v1_Product_DocumentOutput/response[]/metadata/selfLink\", \"type\": \"string\", \"order\": 49.0, \"title\": \"selfLink\", \"value\": {\"type\": \"string\", \"requiredFlag\": false}, \"isLeaf\": true, \"entityType\": \"componentConfig\", \"childrenSet\": false, \"hasChildren\": false, \"dataElementType\": \"string\", \"encryption_required\": false}], \"entityType\": \"componentConfig\", \"childrenSet\": false, \"hasChildren\": false, \"dataElementType\": \"document\", \"encryption_required\": false}, {\"id\": \"46f1e4e1-213f-4ae0-8207-492e5abcc29f\", \"key\": \"/list_catalog_v1_Product_DocumentOutput/response[]/owner\", \"type\": \"object\", \"order\": 50.0, \"title\": \"owner\", \"value\": {\"type\": \"object\", \"requiredFlag\": false}, \"isLeaf\": false, \"children\": [{\"id\": \"46f1e4e1-213f-4ae0-8207-492e5abcc29f\", \"key\": \"/list_catalog_v1_Product_DocumentOutput/response[]/owner/type\", \"type\": \"string\", \"order\": 51.0, \"title\": \"type\", \"value\": {\"type\": \"string\", \"_enum\": [\"team\"], \"requiredFlag\": false}, \"isLeaf\": true, \"entityType\": \"componentConfig\", \"childrenSet\": false, \"hasChildren\": false, \"dataElementType\": \"string\", \"encryption_required\": false}, {\"id\": \"46f1e4e1-213f-4ae0-8207-492e5abcc29f\", \"key\": \"/list_catalog_v1_Product_DocumentOutput/response[]/owner/id\", \"type\": \"string\", \"order\": 52.0, \"title\": \"id\", \"value\": {\"type\": \"string\", \"requiredFlag\": true}, \"isLeaf\": true, \"entityType\": \"componentConfig\", \"childrenSet\": false, \"hasChildren\": false, \"dataElementType\": \"string\", \"encryption_required\": false}], \"entityType\": \"componentConfig\", \"childrenSet\": false, \"hasChildren\": false, \"dataElementType\": \"document\", \"encryption_required\": false}, {\"id\": \"46f1e4e1-213f-4ae0-8207-492e5abcc29f\", \"key\": \"/list_catalog_v1_Product_DocumentOutput/response[]/finalizers[]\", \"type\": \"array\", \"order\": 53.0, \"title\": \"finalizers\", \"value\": {\"type\": \"array\", \"requiredFlag\": false}, \"isLeaf\": false, \"children\": [{\"id\": \"46f1e4e1-213f-4ae0-8207-492e5abcc29f\", \"key\": \"/list_catalog_v1_Product_DocumentOutput/response[]/finalizers[]/name\", \"type\": \"string\", \"order\": 54.0, \"title\": \"name\", \"value\": {\"type\": \"string\", \"requiredFlag\": true}, \"isLeaf\": true, \"entityType\": \"componentConfig\", \"childrenSet\": false, \"hasChildren\": false, \"dataElementType\": \"string\", \"encryption_required\": false}, {\"id\": \"46f1e4e1-213f-4ae0-8207-492e5abcc29f\", \"key\": \"/list_catalog_v1_Product_DocumentOutput/response[]/finalizers[]/description\", \"type\": \"string\", \"order\": 55.0, \"title\": \"description\", \"value\": {\"type\": \"string\", \"requiredFlag\": false}, \"isLeaf\": true, \"entityType\": \"componentConfig\", \"childrenSet\": false, \"hasChildren\": false, \"dataElementType\": \"string\", \"encryption_required\": false}], \"entityType\": \"componentConfig\", \"childrenSet\": false, \"hasChildren\": false, \"dataElementType\": \"documentArray\", \"encryption_required\": false}, {\"id\": \"46f1e4e1-213f-4ae0-8207-492e5abcc29f\", \"key\": \"/list_catalog_v1_Product_DocumentOutput/response[]/attributes\", \"type\": \"object\", \"order\": 56.0, \"title\": \"attributes\", \"value\": {\"type\": \"object\", \"requiredFlag\": false}, \"isLeaf\": false, \"entityType\": \"componentConfig\", \"childrenSet\": false, \"hasChildren\": false, \"dataElementType\": \"object\", \"encryption_required\": false}, {\"id\": \"46f1e4e1-213f-4ae0-8207-492e5abcc29f\", \"key\": \"/list_catalog_v1_Product_DocumentOutput/response[]/tags[]\", \"type\": \"array\", \"order\": 57.0, \"title\": \"tags\", \"value\": {\"type\": \"array\", \"requiredFlag\": false}, \"isLeaf\": false, \"entityType\": \"componentConfig\", \"childrenSet\": false, \"hasChildren\": false, \"dataElementType\": \"stringArray\", \"encryption_required\": false}, {\"id\": \"46f1e4e1-213f-4ae0-8207-492e5abcc29f\", \"key\": \"/list_catalog_v1_Product_DocumentOutput/response[]/spec\", \"type\": \"object\", \"order\": 58.0, \"title\": \"spec\", \"value\": {\"type\": \"object\", \"requiredFlag\": true}, \"isLeaf\": false, \"children\": [{\"id\": \"46f1e4e1-213f-4ae0-8207-492e5abcc29f\", \"key\": \"/list_catalog_v1_Product_DocumentOutput/response[]/spec/description\", \"type\": \"string\", \"order\": 59.0, \"title\": \"description\", \"value\": {\"type\": \"string\", \"requiredFlag\": false}, \"isLeaf\": true, \"entityType\": \"componentConfig\", \"childrenSet\": false, \"hasChildren\": false, \"dataElementType\": \"string\", \"encryption_required\": false}, {\"id\": \"46f1e4e1-213f-4ae0-8207-492e5abcc29f\", \"key\": \"/list_catalog_v1_Product_DocumentOutput/response[]/spec/rank\", \"type\": \"number\", \"order\": 60.0, \"title\": \"rank\", \"value\": {\"type\": \"number\", \"requiredFlag\": false}, \"isLeaf\": true, \"entityType\": \"componentConfig\", \"childrenSet\": false, \"hasChildren\": false, \"dataElementType\": \"number\", \"encryption_required\": false}, {\"id\": \"46f1e4e1-213f-4ae0-8207-492e5abcc29f\", \"key\": \"/list_catalog_v1_Product_DocumentOutput/response[]/spec/sections[]\", \"type\": \"array\", \"order\": 61.0, \"title\": \"sections\", \"value\": {\"type\": \"array\", \"requiredFlag\": false}, \"isLeaf\": false, \"children\": [{\"id\": \"46f1e4e1-213f-4ae0-8207-492e5abcc29f\", \"key\": \"/list_catalog_v1_Product_DocumentOutput/response[]/spec/sections[]/title\", \"type\": \"string\", \"order\": 62.0, \"title\": \"title\", \"value\": {\"type\": \"string\", \"requiredFlag\": true}, \"isLeaf\": true, \"entityType\": \"componentConfig\", \"childrenSet\": false, \"hasChildren\": false, \"dataElementType\": \"string\", \"encryption_required\": false}, {\"id\": \"46f1e4e1-213f-4ae0-8207-492e5abcc29f\", \"key\": \"/list_catalog_v1_Product_DocumentOutput/response[]/spec/sections[]/description\", \"type\": \"string\", \"order\": 63.0, \"title\": \"description\", \"value\": {\"type\": \"string\", \"requiredFlag\": false}, \"isLeaf\": true, \"entityType\": \"componentConfig\", \"childrenSet\": false, \"hasChildren\": false, \"dataElementType\": \"string\", \"encryption_required\": false}, {\"id\": \"46f1e4e1-213f-4ae0-8207-492e5abcc29f\", \"key\": \"/list_catalog_v1_Product_DocumentOutput/response[]/spec/sections[]/articles[]\", \"type\": \"array\", \"order\": 64.0, \"title\": \"articles\", \"value\": {\"type\": \"array\", \"requiredFlag\": false}, \"isLeaf\": false, \"children\": [{\"id\": \"46f1e4e1-213f-4ae0-8207-492e5abcc29f\", \"key\": \"/list_catalog_v1_Product_DocumentOutput/response[]/spec/sections[]/articles[]/kind\", \"type\": \"string\", \"order\": 65.0, \"title\": \"kind\", \"value\": {\"type\": \"string\", \"_enum\": [\"DocumentResource\"], \"requiredFlag\": false}, \"isLeaf\": true, \"entityType\": \"componentConfig\", \"childrenSet\": false, \"hasChildren\": false, \"dataElementType\": \"string\", \"encryption_required\": false}, {\"id\": \"46f1e4e1-213f-4ae0-8207-492e5abcc29f\", \"key\": \"/list_catalog_v1_Product_DocumentOutput/response[]/spec/sections[]/articles[]/name\", \"type\": \"string\", \"order\": 66.0, \"title\": \"name\", \"value\": {\"type\": \"string\", \"requiredFlag\": false}, \"isLeaf\": true, \"entityType\": \"componentConfig\", \"childrenSet\": false, \"hasChildren\": false, \"dataElementType\": \"string\", \"encryption_required\": false}, {\"id\": \"46f1e4e1-213f-4ae0-8207-492e5abcc29f\", \"key\": \"/list_catalog_v1_Product_DocumentOutput/response[]/spec/sections[]/articles[]/title\", \"type\": \"string\", \"order\": 67.0, \"title\": \"title\", \"value\": {\"type\": \"string\", \"requiredFlag\": false}, \"isLeaf\": true, \"entityType\": \"componentConfig\", \"childrenSet\": false, \"hasChildren\": false, \"dataElementType\": \"string\", \"encryption_required\": false}], \"entityType\": \"componentConfig\", \"childrenSet\": false, \"hasChildren\": false, \"dataElementType\": \"documentArray\", \"encryption_required\": false}], \"entityType\": \"componentConfig\", \"childrenSet\": false, \"hasChildren\": false, \"dataElementType\": \"documentArray\", \"encryption_required\": false}], \"entityType\": \"componentConfig\", \"childrenSet\": false, \"hasChildren\": false, \"dataElementType\": \"document\", \"encryption_required\": false}, {\"id\": \"46f1e4e1-213f-4ae0-8207-492e5abcc29f\", \"key\": \"/list_catalog_v1_Product_DocumentOutput/response[]/icon\", \"type\": \"string\", \"order\": 68.0, \"title\": \"icon\", \"value\": {\"type\": \"string\", \"requiredFlag\": false}, \"isLeaf\": true, \"entityType\": \"componentConfig\", \"childrenSet\": false, \"hasChildren\": false, \"dataElementType\": \"string\", \"encryption_required\": false}, {\"id\": \"46f1e4e1-213f-4ae0-8207-492e5abcc29f\", \"key\": \"/list_catalog_v1_Product_DocumentOutput/response[]/status\", \"type\": \"object\", \"order\": 69.0, \"title\": \"status\", \"value\": {\"type\": \"object\", \"requiredFlag\": false}, \"isLeaf\": false, \"children\": [{\"id\": \"46f1e4e1-213f-4ae0-8207-492e5abcc29f\", \"key\": \"/list_catalog_v1_Product_DocumentOutput/response[]/status/level\", \"type\": \"string\", \"order\": 70.0, \"title\": \"level\", \"value\": {\"type\": \"string\", \"_enum\": [\"Error\", \"Success\"], \"requiredFlag\": true}, \"isLeaf\": true, \"entityType\": \"componentConfig\", \"childrenSet\": false, \"hasChildren\": false, \"dataElementType\": \"string\", \"encryption_required\": false}, {\"id\": \"46f1e4e1-213f-4ae0-8207-492e5abcc29f\", \"key\": \"/list_catalog_v1_Product_DocumentOutput/response[]/status/reasons[]\", \"type\": \"array\", \"order\": 71.0, \"title\": \"reasons\", \"value\": {\"type\": \"array\", \"requiredFlag\": false}, \"isLeaf\": false, \"children\": [{\"id\": \"46f1e4e1-213f-4ae0-8207-492e5abcc29f\", \"key\": \"/list_catalog_v1_Product_DocumentOutput/response[]/status/reasons[]/type\", \"type\": \"string\", \"order\": 72.0, \"title\": \"type\", \"value\": {\"type\": \"string\", \"_enum\": [\"Success\"], \"requiredFlag\": false}, \"isLeaf\": true, \"entityType\": \"componentConfig\", \"childrenSet\": false, \"hasChildren\": false, \"dataElementType\": \"string\", \"encryption_required\": false}, {\"id\": \"46f1e4e1-213f-4ae0-8207-492e5abcc29f\", \"key\": \"/list_catalog_v1_Product_DocumentOutput/response[]/status/reasons[]/detail\", \"type\": \"string\", \"order\": 73.0, \"title\": \"detail\", \"value\": {\"type\": \"string\", \"requiredFlag\": false}, \"isLeaf\": true, \"entityType\": \"componentConfig\", \"childrenSet\": false, \"hasChildren\": false, \"dataElementType\": \"string\", \"encryption_required\": false}, {\"id\": \"46f1e4e1-213f-4ae0-8207-492e5abcc29f\", \"key\": \"/list_catalog_v1_Product_DocumentOutput/response[]/status/reasons[]/timestamp\", \"type\": \"string\", \"order\": 74.0, \"title\": \"timestamp\", \"value\": {\"type\": \"string\", \"format\": \"date-time\", \"requiredFlag\": false}, \"isLeaf\": true, \"entityType\": \"componentConfig\", \"childrenSet\": false, \"hasChildren\": false, \"dataElementType\": \"string\", \"encryption_required\": false}, {\"id\": \"46f1e4e1-213f-4ae0-8207-492e5abcc29f\", \"key\": \"/list_catalog_v1_Product_DocumentOutput/response[]/status/reasons[]/meta\", \"type\": \"object\", \"order\": 75.0, \"title\": \"meta\", \"value\": {\"type\": \"object\", \"requiredFlag\": false}, \"isLeaf\": false, \"entityType\": \"componentConfig\", \"childrenSet\": false, \"hasChildren\": false, \"dataElementType\": \"object\", \"encryption_required\": false}], \"entityType\": \"componentConfig\", \"childrenSet\": false, \"hasChildren\": false, \"dataElementType\": \"documentArray\", \"encryption_required\": false}], \"entityType\": \"componentConfig\", \"childrenSet\": false, \"hasChildren\": false, \"dataElementType\": \"document\", \"encryption_required\": false}, {\"id\": \"46f1e4e1-213f-4ae0-8207-492e5abcc29f\", \"key\": \"/list_catalog_v1_Product_DocumentOutput/response[]/languages\", \"type\": \"object\", \"order\": 76.0, \"title\": \"languages\", \"value\": {\"type\": \"object\", \"requiredFlag\": false}, \"isLeaf\": false, \"children\": [{\"id\": \"46f1e4e1-213f-4ae0-8207-492e5abcc29f\", \"key\": \"/list_catalog_v1_Product_DocumentOutput/response[]/languages/resource\", \"type\": \"object\", \"order\": 77.0, \"title\": \"resource\", \"value\": {\"type\": \"object\", \"requiredFlag\": false}, \"isLeaf\": false, \"children\": [{\"id\": \"46f1e4e1-213f-4ae0-8207-492e5abcc29f\", \"key\": \"/list_catalog_v1_Product_DocumentOutput/response[]/languages/resource/code\", \"type\": \"string\", \"order\": 78.0, \"title\": \"code\", \"value\": {\"type\": \"string\", \"requiredFlag\": true}, \"isLeaf\": true, \"entityType\": \"componentConfig\", \"childrenSet\": false, \"hasChildren\": false, \"dataElementType\": \"string\", \"encryption_required\": false}], \"entityType\": \"componentConfig\", \"childrenSet\": false, \"hasChildren\": false, \"dataElementType\": \"document\", \"encryption_required\": false}, {\"id\": \"46f1e4e1-213f-4ae0-8207-492e5abcc29f\", \"key\": \"/list_catalog_v1_Product_DocumentOutput/response[]/languages/metadata\", \"type\": \"object\", \"order\": 79.0, \"title\": \"metadata\", \"value\": {\"type\": \"object\", \"requiredFlag\": false}, \"isLeaf\": false, \"children\": [{\"id\": \"46f1e4e1-213f-4ae0-8207-492e5abcc29f\", \"key\": \"/list_catalog_v1_Product_DocumentOutput/response[]/languages/metadata/additional[]\", \"type\": \"array\", \"order\": 80.0, \"title\": \"additional\", \"value\": {\"type\": \"array\", \"requiredFlag\": false}, \"isLeaf\": false, \"children\": [{\"id\": \"46f1e4e1-213f-4ae0-8207-492e5abcc29f\", \"key\": \"/list_catalog_v1_Product_DocumentOutput/response[]/languages/metadata/additional[]/code\", \"type\": \"string\", \"order\": 81.0, \"title\": \"code\", \"value\": {\"type\": \"string\", \"requiredFlag\": false}, \"isLeaf\": true, \"entityType\": \"componentConfig\", \"childrenSet\": false, \"hasChildren\": false, \"dataElementType\": \"string\", \"encryption_required\": false}, {\"id\": \"46f1e4e1-213f-4ae0-8207-492e5abcc29f\", \"key\": \"/list_catalog_v1_Product_DocumentOutput/response[]/languages/metadata/additional[]/status\", \"type\": \"string\", \"order\": 82.0, \"title\": \"status\", \"value\": {\"type\": \"string\", \"_enum\": [\"complete\", \"toReview\", \"undefined\"], \"requiredFlag\": false}, \"isLeaf\": true, \"entityType\": \"componentConfig\", \"childrenSet\": false, \"hasChildren\": false, \"dataElementType\": \"string\", \"encryption_required\": false}], \"entityType\": \"componentConfig\", \"childrenSet\": false, \"hasChildren\": false, \"dataElementType\": \"documentArray\", \"encryption_required\": false}, {\"id\": \"46f1e4e1-213f-4ae0-8207-492e5abcc29f\", \"key\": \"/list_catalog_v1_Product_DocumentOutput/response[]/languages/metadata/audit\", \"type\": \"object\", \"order\": 83.0, \"title\": \"audit\", \"value\": {\"type\": \"object\", \"requiredFlag\": false}, \"isLeaf\": false, \"children\": [{\"id\": \"46f1e4e1-213f-4ae0-8207-492e5abcc29f\", \"key\": \"/list_catalog_v1_Product_DocumentOutput/response[]/languages/metadata/audit/createTimestamp\", \"type\": \"string\", \"order\": 84.0, \"title\": \"createTimestamp\", \"value\": {\"type\": \"string\", \"format\": \"date-time\", \"requiredFlag\": false}, \"isLeaf\": true, \"entityType\": \"componentConfig\", \"childrenSet\": false, \"hasChildren\": false, \"dataElementType\": \"string\", \"encryption_required\": false}, {\"id\": \"46f1e4e1-213f-4ae0-8207-492e5abcc29f\", \"key\": \"/list_catalog_v1_Product_DocumentOutput/response[]/languages/metadata/audit/createUserId\", \"type\": \"string\", \"order\": 85.0, \"title\": \"createUserId\", \"value\": {\"type\": \"string\", \"requiredFlag\": false}, \"isLeaf\": true, \"entityType\": \"componentConfig\", \"childrenSet\": false, \"hasChildren\": false, \"dataElementType\": \"string\", \"encryption_required\": false}, {\"id\": \"46f1e4e1-213f-4ae0-8207-492e5abcc29f\", \"key\": \"/list_catalog_v1_Product_DocumentOutput/response[]/languages/metadata/audit/modifyTimestamp\", \"type\": \"string\", \"order\": 86.0, \"title\": \"modifyTimestamp\", \"value\": {\"type\": \"string\", \"format\": \"date-time\", \"requiredFlag\": false}, \"isLeaf\": true, \"entityType\": \"componentConfig\", \"childrenSet\": false, \"hasChildren\": false, \"dataElementType\": \"string\", \"encryption_required\": false}, {\"id\": \"46f1e4e1-213f-4ae0-8207-492e5abcc29f\", \"key\": \"/list_catalog_v1_Product_DocumentOutput/response[]/languages/metadata/audit/modifyUserId\", \"type\": \"string\", \"order\": 87.0, \"title\": \"modifyUserId\", \"value\": {\"type\": \"string\", \"requiredFlag\": false}, \"isLeaf\": true, \"entityType\": \"componentConfig\", \"childrenSet\": false, \"hasChildren\": false, \"dataElementType\": \"string\", \"encryption_required\": false}], \"entityType\": \"componentConfig\", \"childrenSet\": false, \"hasChildren\": false, \"dataElementType\": \"document\", \"encryption_required\": false}], \"entityType\": \"componentConfig\", \"childrenSet\": false, \"hasChildren\": false, \"dataElementType\": \"document\", \"encryption_required\": false}], \"entityType\": \"componentConfig\", \"childrenSet\": false, \"hasChildren\": false, \"dataElementType\": \"document\", \"encryption_required\": false}, {\"id\": \"46f1e4e1-213f-4ae0-8207-492e5abcc29f\", \"key\": \"/list_catalog_v1_Product_DocumentOutput/response[]/languages-en-us\", \"type\": \"object\", \"order\": 88.0, \"title\": \"languages-en-us\", \"value\": {\"type\": \"object\", \"requiredFlag\": false}, \"isLeaf\": false, \"children\": [{\"id\": \"46f1e4e1-213f-4ae0-8207-492e5abcc29f\", \"key\": \"/list_catalog_v1_Product_DocumentOutput/response[]/languages-en-us/metadata\", \"type\": \"object\", \"order\": 89.0, \"title\": \"metadata\", \"value\": {\"type\": \"object\", \"requiredFlag\": false}, \"isLeaf\": false, \"children\": [{\"id\": \"46f1e4e1-213f-4ae0-8207-492e5abcc29f\", \"key\": \"/list_catalog_v1_Product_DocumentOutput/response[]/languages-en-us/metadata/code\", \"type\": \"string\", \"order\": 90.0, \"title\": \"code\", \"value\": {\"type\": \"string\", \"requiredFlag\": false}, \"isLeaf\": true, \"entityType\": \"componentConfig\", \"childrenSet\": false, \"hasChildren\": false, \"dataElementType\": \"string\", \"encryption_required\": false}, {\"id\": \"46f1e4e1-213f-4ae0-8207-492e5abcc29f\", \"key\": \"/list_catalog_v1_Product_DocumentOutput/response[]/languages-en-us/metadata/status\", \"type\": \"string\", \"order\": 91.0, \"title\": \"status\", \"value\": {\"type\": \"string\", \"_enum\": [\"complete\", \"toReview\", \"undefined\"], \"requiredFlag\": false}, \"isLeaf\": true, \"entityType\": \"componentConfig\", \"childrenSet\": false, \"hasChildren\": false, \"dataElementType\": \"string\", \"encryption_required\": false}, {\"id\": \"46f1e4e1-213f-4ae0-8207-492e5abcc29f\", \"key\": \"/list_catalog_v1_Product_DocumentOutput/response[]/languages-en-us/metadata/paths\", \"type\": \"object\", \"order\": 92.0, \"title\": \"paths\", \"value\": {\"type\": \"object\", \"requiredFlag\": false}, \"isLeaf\": false, \"children\": [{\"id\": \"46f1e4e1-213f-4ae0-8207-492e5abcc29f\", \"key\": \"/list_catalog_v1_Product_DocumentOutput/response[]/languages-en-us/metadata/paths/toReview[]\", \"type\": \"array\", \"order\": 93.0, \"title\": \"toReview\", \"value\": {\"type\": \"array\", \"requiredFlag\": false}, \"isLeaf\": false, \"entityType\": \"componentConfig\", \"childrenSet\": false, \"hasChildren\": false, \"dataElementType\": \"stringArray\", \"encryption_required\": false}, {\"id\": \"46f1e4e1-213f-4ae0-8207-492e5abcc29f\", \"key\": \"/list_catalog_v1_Product_DocumentOutput/response[]/languages-en-us/metadata/paths/undefined[]\", \"type\": \"array\", \"order\": 94.0, \"title\": \"undefined\", \"value\": {\"type\": \"array\", \"requiredFlag\": false}, \"isLeaf\": false, \"entityType\": \"componentConfig\", \"childrenSet\": false, \"hasChildren\": false, \"dataElementType\": \"stringArray\", \"encryption_required\": false}], \"entityType\": \"componentConfig\", \"childrenSet\": false, \"hasChildren\": false, \"dataElementType\": \"document\", \"encryption_required\": false}, {\"id\": \"46f1e4e1-213f-4ae0-8207-492e5abcc29f\", \"key\": \"/list_catalog_v1_Product_DocumentOutput/response[]/languages-en-us/metadata/audit\", \"type\": \"object\", \"order\": 95.0, \"title\": \"audit\", \"value\": {\"type\": \"object\", \"requiredFlag\": false}, \"isLeaf\": false, \"children\": [{\"id\": \"46f1e4e1-213f-4ae0-8207-492e5abcc29f\", \"key\": \"/list_catalog_v1_Product_DocumentOutput/response[]/languages-en-us/metadata/audit/createTimestamp\", \"type\": \"string\", \"order\": 96.0, \"title\": \"createTimestamp\", \"value\": {\"type\": \"string\", \"format\": \"date-time\", \"requiredFlag\": false}, \"isLeaf\": true, \"entityType\": \"componentConfig\", \"childrenSet\": false, \"hasChildren\": false, \"dataElementType\": \"string\", \"encryption_required\": false}, {\"id\": \"46f1e4e1-213f-4ae0-8207-492e5abcc29f\", \"key\": \"/list_catalog_v1_Product_DocumentOutput/response[]/languages-en-us/metadata/audit/createUserId\", \"type\": \"string\", \"order\": 97.0, \"title\": \"createUserId\", \"value\": {\"type\": \"string\", \"requiredFlag\": false}, \"isLeaf\": true, \"entityType\": \"componentConfig\", \"childrenSet\": false, \"hasChildren\": false, \"dataElementType\": \"string\", \"encryption_required\": false}, {\"id\": \"46f1e4e1-213f-4ae0-8207-492e5abcc29f\", \"key\": \"/list_catalog_v1_Product_DocumentOutput/response[]/languages-en-us/metadata/audit/modifyTimestamp\", \"type\": \"string\", \"order\": 98.0, \"title\": \"modifyTimestamp\", \"value\": {\"type\": \"string\", \"format\": \"date-time\", \"requiredFlag\": false}, \"isLeaf\": true, \"entityType\": \"componentConfig\", \"childrenSet\": false, \"hasChildren\": false, \"dataElementType\": \"string\", \"encryption_required\": false}, {\"id\": \"46f1e4e1-213f-4ae0-8207-492e5abcc29f\", \"key\": \"/list_catalog_v1_Product_DocumentOutput/response[]/languages-en-us/metadata/audit/modifyUserId\", \"type\": \"string\", \"order\": 99.0, \"title\": \"modifyUserId\", \"value\": {\"type\": \"string\", \"requiredFlag\": false}, \"isLeaf\": true, \"entityType\": \"componentConfig\", \"childrenSet\": false, \"hasChildren\": false, \"dataElementType\": \"string\", \"encryption_required\": false}], \"entityType\": \"componentConfig\", \"childrenSet\": false, \"hasChildren\": false, \"dataElementType\": \"document\", \"encryption_required\": false}], \"entityType\": \"componentConfig\", \"childrenSet\": false, \"hasChildren\": false, \"dataElementType\": \"document\", \"encryption_required\": false}, {\"id\": \"46f1e4e1-213f-4ae0-8207-492e5abcc29f\", \"key\": \"/list_catalog_v1_Product_DocumentOutput/response[]/languages-en-us/values[]\", \"type\": \"array\", \"order\": 100.0, \"title\": \"values\", \"value\": {\"type\": \"array\", \"requiredFlag\": false}, \"isLeaf\": false, \"children\": [{\"id\": \"46f1e4e1-213f-4ae0-8207-492e5abcc29f\", \"key\": \"/list_catalog_v1_Product_DocumentOutput/response[]/languages-en-us/values[]/path\", \"type\": \"string\", \"order\": 101.0, \"title\": \"path\", \"value\": {\"type\": \"string\", \"requiredFlag\": false}, \"isLeaf\": true, \"entityType\": \"componentConfig\", \"childrenSet\": false, \"hasChildren\": false, \"dataElementType\": \"string\", \"encryption_required\": false}, {\"id\": \"46f1e4e1-213f-4ae0-8207-492e5abcc29f\", \"key\": \"/list_catalog_v1_Product_DocumentOutput/response[]/languages-en-us/values[]/value\", \"type\": \"object\", \"order\": 102.0, \"title\": \"value\", \"value\": {\"type\": \"object\", \"requiredFlag\": false}, \"isLeaf\": false, \"entityType\": \"componentConfig\", \"childrenSet\": false, \"hasChildren\": false, \"dataElementType\": \"object\", \"encryption_required\": false}, {\"id\": \"46f1e4e1-213f-4ae0-8207-492e5abcc29f\", \"key\": \"/list_catalog_v1_Product_DocumentOutput/response[]/languages-en-us/values[]/status\", \"type\": \"string\", \"order\": 103.0, \"title\": \"status\", \"value\": {\"type\": \"string\", \"_enum\": [\"complete\", \"toReview\", \"undefined\"], \"requiredFlag\": false}, \"isLeaf\": true, \"entityType\": \"componentConfig\", \"childrenSet\": false, \"hasChildren\": false, \"dataElementType\": \"string\", \"encryption_required\": false}], \"entityType\": \"componentConfig\", \"childrenSet\": false, \"hasChildren\": false, \"dataElementType\": \"documentArray\", \"encryption_required\": false}], \"entityType\": \"componentConfig\", \"childrenSet\": false, \"hasChildren\": false, \"dataElementType\": \"document\", \"encryption_required\": false}, {\"id\": \"46f1e4e1-213f-4ae0-8207-492e5abcc29f\", \"key\": \"/list_catalog_v1_Product_DocumentOutput/response[]/languages-pt-br\", \"type\": \"object\", \"order\": 104.0, \"title\": \"languages-pt-br\", \"value\": {\"type\": \"object\", \"requiredFlag\": false}, \"isLeaf\": false, \"children\": [{\"id\": \"46f1e4e1-213f-4ae0-8207-492e5abcc29f\", \"key\": \"/list_catalog_v1_Product_DocumentOutput/response[]/languages-pt-br/metadata\", \"type\": \"object\", \"order\": 105.0, \"title\": \"metadata\", \"value\": {\"type\": \"object\", \"requiredFlag\": false}, \"isLeaf\": false, \"children\": [{\"id\": \"46f1e4e1-213f-4ae0-8207-492e5abcc29f\", \"key\": \"/list_catalog_v1_Product_DocumentOutput/response[]/languages-pt-br/metadata/code\", \"type\": \"string\", \"order\": 106.0, \"title\": \"code\", \"value\": {\"type\": \"string\", \"requiredFlag\": false}, \"isLeaf\": true, \"entityType\": \"componentConfig\", \"childrenSet\": false, \"hasChildren\": false, \"dataElementType\": \"string\", \"encryption_required\": false}, {\"id\": \"46f1e4e1-213f-4ae0-8207-492e5abcc29f\", \"key\": \"/list_catalog_v1_Product_DocumentOutput/response[]/languages-pt-br/metadata/status\", \"type\": \"string\", \"order\": 107.0, \"title\": \"status\", \"value\": {\"type\": \"string\", \"_enum\": [\"complete\", \"toReview\", \"undefined\"], \"requiredFlag\": false}, \"isLeaf\": true, \"entityType\": \"componentConfig\", \"childrenSet\": false, \"hasChildren\": false, \"dataElementType\": \"string\", \"encryption_required\": false}, {\"id\": \"46f1e4e1-213f-4ae0-8207-492e5abcc29f\", \"key\": \"/list_catalog_v1_Product_DocumentOutput/response[]/languages-pt-br/metadata/paths\", \"type\": \"object\", \"order\": 108.0, \"title\": \"paths\", \"value\": {\"type\": \"object\", \"requiredFlag\": false}, \"isLeaf\": false, \"children\": [{\"id\": \"46f1e4e1-213f-4ae0-8207-492e5abcc29f\", \"key\": \"/list_catalog_v1_Product_DocumentOutput/response[]/languages-pt-br/metadata/paths/toReview[]\", \"type\": \"array\", \"order\": 109.0, \"title\": \"toReview\", \"value\": {\"type\": \"array\", \"requiredFlag\": false}, \"isLeaf\": false, \"entityType\": \"componentConfig\", \"childrenSet\": false, \"hasChildren\": false, \"dataElementType\": \"stringArray\", \"encryption_required\": false}, {\"id\": \"46f1e4e1-213f-4ae0-8207-492e5abcc29f\", \"key\": \"/list_catalog_v1_Product_DocumentOutput/response[]/languages-pt-br/metadata/paths/undefined[]\", \"type\": \"array\", \"order\": 110.0, \"title\": \"undefined\", \"value\": {\"type\": \"array\", \"requiredFlag\": false}, \"isLeaf\": false, \"entityType\": \"componentConfig\", \"childrenSet\": false, \"hasChildren\": false, \"dataElementType\": \"stringArray\", \"encryption_required\": false}], \"entityType\": \"componentConfig\", \"childrenSet\": false, \"hasChildren\": false, \"dataElementType\": \"document\", \"encryption_required\": false}, {\"id\": \"46f1e4e1-213f-4ae0-8207-492e5abcc29f\", \"key\": \"/list_catalog_v1_Product_DocumentOutput/response[]/languages-pt-br/metadata/audit\", \"type\": \"object\", \"order\": 111.0, \"title\": \"audit\", \"value\": {\"type\": \"object\", \"requiredFlag\": false}, \"isLeaf\": false, \"children\": [{\"id\": \"46f1e4e1-213f-4ae0-8207-492e5abcc29f\", \"key\": \"/list_catalog_v1_Product_DocumentOutput/response[]/languages-pt-br/metadata/audit/createTimestamp\", \"type\": \"string\", \"order\": 112.0, \"title\": \"createTimestamp\", \"value\": {\"type\": \"string\", \"format\": \"date-time\", \"requiredFlag\": false}, \"isLeaf\": true, \"entityType\": \"componentConfig\", \"childrenSet\": false, \"hasChildren\": false, \"dataElementType\": \"string\", \"encryption_required\": false}, {\"id\": \"46f1e4e1-213f-4ae0-8207-492e5abcc29f\", \"key\": \"/list_catalog_v1_Product_DocumentOutput/response[]/languages-pt-br/metadata/audit/createUserId\", \"type\": \"string\", \"order\": 113.0, \"title\": \"createUserId\", \"value\": {\"type\": \"string\", \"requiredFlag\": false}, \"isLeaf\": true, \"entityType\": \"componentConfig\", \"childrenSet\": false, \"hasChildren\": false, \"dataElementType\": \"string\", \"encryption_required\": false}, {\"id\": \"46f1e4e1-213f-4ae0-8207-492e5abcc29f\", \"key\": \"/list_catalog_v1_Product_DocumentOutput/response[]/languages-pt-br/metadata/audit/modifyTimestamp\", \"type\": \"string\", \"order\": 114.0, \"title\": \"modifyTimestamp\", \"value\": {\"type\": \"string\", \"format\": \"date-time\", \"requiredFlag\": false}, \"isLeaf\": true, \"entityType\": \"componentConfig\", \"childrenSet\": false, \"hasChildren\": false, \"dataElementType\": \"string\", \"encryption_required\": false}, {\"id\": \"46f1e4e1-213f-4ae0-8207-492e5abcc29f\", \"key\": \"/list_catalog_v1_Product_DocumentOutput/response[]/languages-pt-br/metadata/audit/modifyUserId\", \"type\": \"string\", \"order\": 115.0, \"title\": \"modifyUserId\", \"value\": {\"type\": \"string\", \"requiredFlag\": false}, \"isLeaf\": true, \"entityType\": \"componentConfig\", \"childrenSet\": false, \"hasChildren\": false, \"dataElementType\": \"string\", \"encryption_required\": false}], \"entityType\": \"componentConfig\", \"childrenSet\": false, \"hasChildren\": false, \"dataElementType\": \"document\", \"encryption_required\": false}], \"entityType\": \"componentConfig\", \"childrenSet\": false, \"hasChildren\": false, \"dataElementType\": \"document\", \"encryption_required\": false}, {\"id\": \"46f1e4e1-213f-4ae0-8207-492e5abcc29f\", \"key\": \"/list_catalog_v1_Product_DocumentOutput/response[]/languages-pt-br/values[]\", \"type\": \"array\", \"order\": 116.0, \"title\": \"values\", \"value\": {\"type\": \"array\", \"requiredFlag\": false}, \"isLeaf\": false, \"children\": [{\"id\": \"46f1e4e1-213f-4ae0-8207-492e5abcc29f\", \"key\": \"/list_catalog_v1_Product_DocumentOutput/response[]/languages-pt-br/values[]/path\", \"type\": \"string\", \"order\": 117.0, \"title\": \"path\", \"value\": {\"type\": \"string\", \"requiredFlag\": false}, \"isLeaf\": true, \"entityType\": \"componentConfig\", \"childrenSet\": false, \"hasChildren\": false, \"dataElementType\": \"string\", \"encryption_required\": false}, {\"id\": \"46f1e4e1-213f-4ae0-8207-492e5abcc29f\", \"key\": \"/list_catalog_v1_Product_DocumentOutput/response[]/languages-pt-br/values[]/value\", \"type\": \"object\", \"order\": 118.0, \"title\": \"value\", \"value\": {\"type\": \"object\", \"requiredFlag\": false}, \"isLeaf\": false, \"entityType\": \"componentConfig\", \"childrenSet\": false, \"hasChildren\": false, \"dataElementType\": \"object\", \"encryption_required\": false}, {\"id\": \"46f1e4e1-213f-4ae0-8207-492e5abcc29f\", \"key\": \"/list_catalog_v1_Product_DocumentOutput/response[]/languages-pt-br/values[]/status\", \"type\": \"string\", \"order\": 119.0, \"title\": \"status\", \"value\": {\"type\": \"string\", \"_enum\": [\"complete\", \"toReview\", \"undefined\"], \"requiredFlag\": false}, \"isLeaf\": true, \"entityType\": \"componentConfig\", \"childrenSet\": false, \"hasChildren\": false, \"dataElementType\": \"string\", \"encryption_required\": false}], \"entityType\": \"componentConfig\", \"childrenSet\": false, \"hasChildren\": false, \"dataElementType\": \"documentArray\", \"encryption_required\": false}], \"entityType\": \"componentConfig\", \"childrenSet\": false, \"hasChildren\": false, \"dataElementType\": \"document\", \"encryption_required\": false}, {\"id\": \"46f1e4e1-213f-4ae0-8207-492e5abcc29f\", \"key\": \"/list_catalog_v1_Product_DocumentOutput/response[]/languages-de-de\", \"type\": \"object\", \"order\": 120.0, \"title\": \"languages-de-de\", \"value\": {\"type\": \"object\", \"requiredFlag\": false}, \"isLeaf\": false, \"children\": [{\"id\": \"46f1e4e1-213f-4ae0-8207-492e5abcc29f\", \"key\": \"/list_catalog_v1_Product_DocumentOutput/response[]/languages-de-de/metadata\", \"type\": \"object\", \"order\": 121.0, \"title\": \"metadata\", \"value\": {\"type\": \"object\", \"requiredFlag\": false}, \"isLeaf\": false, \"children\": [{\"id\": \"46f1e4e1-213f-4ae0-8207-492e5abcc29f\", \"key\": \"/list_catalog_v1_Product_DocumentOutput/response[]/languages-de-de/metadata/code\", \"type\": \"string\", \"order\": 122.0, \"title\": \"code\", \"value\": {\"type\": \"string\", \"requiredFlag\": false}, \"isLeaf\": true, \"entityType\": \"componentConfig\", \"childrenSet\": false, \"hasChildren\": false, \"dataElementType\": \"string\", \"encryption_required\": false}, {\"id\": \"46f1e4e1-213f-4ae0-8207-492e5abcc29f\", \"key\": \"/list_catalog_v1_Product_DocumentOutput/response[]/languages-de-de/metadata/status\", \"type\": \"string\", \"order\": 123.0, \"title\": \"status\", \"value\": {\"type\": \"string\", \"_enum\": [\"complete\", \"toReview\", \"undefined\"], \"requiredFlag\": false}, \"isLeaf\": true, \"entityType\": \"componentConfig\", \"childrenSet\": false, \"hasChildren\": false, \"dataElementType\": \"string\", \"encryption_required\": false}, {\"id\": \"46f1e4e1-213f-4ae0-8207-492e5abcc29f\", \"key\": \"/list_catalog_v1_Product_DocumentOutput/response[]/languages-de-de/metadata/paths\", \"type\": \"object\", \"order\": 124.0, \"title\": \"paths\", \"value\": {\"type\": \"object\", \"requiredFlag\": false}, \"isLeaf\": false, \"children\": [{\"id\": \"46f1e4e1-213f-4ae0-8207-492e5abcc29f\", \"key\": \"/list_catalog_v1_Product_DocumentOutput/response[]/languages-de-de/metadata/paths/toReview[]\", \"type\": \"array\", \"order\": 125.0, \"title\": \"toReview\", \"value\": {\"type\": \"array\", \"requiredFlag\": false}, \"isLeaf\": false, \"entityType\": \"componentConfig\", \"childrenSet\": false, \"hasChildren\": false, \"dataElementType\": \"stringArray\", \"encryption_required\": false}, {\"id\": \"46f1e4e1-213f-4ae0-8207-492e5abcc29f\", \"key\": \"/list_catalog_v1_Product_DocumentOutput/response[]/languages-de-de/metadata/paths/undefined[]\", \"type\": \"array\", \"order\": 126.0, \"title\": \"undefined\", \"value\": {\"type\": \"array\", \"requiredFlag\": false}, \"isLeaf\": false, \"entityType\": \"componentConfig\", \"childrenSet\": false, \"hasChildren\": false, \"dataElementType\": \"stringArray\", \"encryption_required\": false}], \"entityType\": \"componentConfig\", \"childrenSet\": false, \"hasChildren\": false, \"dataElementType\": \"document\", \"encryption_required\": false}, {\"id\": \"46f1e4e1-213f-4ae0-8207-492e5abcc29f\", \"key\": \"/list_catalog_v1_Product_DocumentOutput/response[]/languages-de-de/metadata/audit\", \"type\": \"object\", \"order\": 127.0, \"title\": \"audit\", \"value\": {\"type\": \"object\", \"requiredFlag\": false}, \"isLeaf\": false, \"children\": [{\"id\": \"46f1e4e1-213f-4ae0-8207-492e5abcc29f\", \"key\": \"/list_catalog_v1_Product_DocumentOutput/response[]/languages-de-de/metadata/audit/createTimestamp\", \"type\": \"string\", \"order\": 128.0, \"title\": \"createTimestamp\", \"value\": {\"type\": \"string\", \"format\": \"date-time\", \"requiredFlag\": false}, \"isLeaf\": true, \"entityType\": \"componentConfig\", \"childrenSet\": false, \"hasChildren\": false, \"dataElementType\": \"string\", \"encryption_required\": false}, {\"id\": \"46f1e4e1-213f-4ae0-8207-492e5abcc29f\", \"key\": \"/list_catalog_v1_Product_DocumentOutput/response[]/languages-de-de/metadata/audit/createUserId\", \"type\": \"string\", \"order\": 129.0, \"title\": \"createUserId\", \"value\": {\"type\": \"string\", \"requiredFlag\": false}, \"isLeaf\": true, \"entityType\": \"componentConfig\", \"childrenSet\": false, \"hasChildren\": false, \"dataElementType\": \"string\", \"encryption_required\": false}, {\"id\": \"46f1e4e1-213f-4ae0-8207-492e5abcc29f\", \"key\": \"/list_catalog_v1_Product_DocumentOutput/response[]/languages-de-de/metadata/audit/modifyTimestamp\", \"type\": \"string\", \"order\": 130.0, \"title\": \"modifyTimestamp\", \"value\": {\"type\": \"string\", \"format\": \"date-time\", \"requiredFlag\": false}, \"isLeaf\": true, \"entityType\": \"componentConfig\", \"childrenSet\": false, \"hasChildren\": false, \"dataElementType\": \"string\", \"encryption_required\": false}, {\"id\": \"46f1e4e1-213f-4ae0-8207-492e5abcc29f\", \"key\": \"/list_catalog_v1_Product_DocumentOutput/response[]/languages-de-de/metadata/audit/modifyUserId\", \"type\": \"string\", \"order\": 131.0, \"title\": \"modifyUserId\", \"value\": {\"type\": \"string\", \"requiredFlag\": false}, \"isLeaf\": true, \"entityType\": \"componentConfig\", \"childrenSet\": false, \"hasChildren\": false, \"dataElementType\": \"string\", \"encryption_required\": false}], \"entityType\": \"componentConfig\", \"childrenSet\": false, \"hasChildren\": false, \"dataElementType\": \"document\", \"encryption_required\": false}], \"entityType\": \"componentConfig\", \"childrenSet\": false, \"hasChildren\": false, \"dataElementType\": \"document\", \"encryption_required\": false}, {\"id\": \"46f1e4e1-213f-4ae0-8207-492e5abcc29f\", \"key\": \"/list_catalog_v1_Product_DocumentOutput/response[]/languages-de-de/values[]\", \"type\": \"array\", \"order\": 132.0, \"title\": \"values\", \"value\": {\"type\": \"array\", \"requiredFlag\": false}, \"isLeaf\": false, \"children\": [{\"id\": \"46f1e4e1-213f-4ae0-8207-492e5abcc29f\", \"key\": \"/list_catalog_v1_Product_DocumentOutput/response[]/languages-de-de/values[]/path\", \"type\": \"string\", \"order\": 133.0, \"title\": \"path\", \"value\": {\"type\": \"string\", \"requiredFlag\": false}, \"isLeaf\": true, \"entityType\": \"componentConfig\", \"childrenSet\": false, \"hasChildren\": false, \"dataElementType\": \"string\", \"encryption_required\": false}, {\"id\": \"46f1e4e1-213f-4ae0-8207-492e5abcc29f\", \"key\": \"/list_catalog_v1_Product_DocumentOutput/response[]/languages-de-de/values[]/value\", \"type\": \"object\", \"order\": 134.0, \"title\": \"value\", \"value\": {\"type\": \"object\", \"requiredFlag\": false}, \"isLeaf\": false, \"entityType\": \"componentConfig\", \"childrenSet\": false, \"hasChildren\": false, \"dataElementType\": \"object\", \"encryption_required\": false}, {\"id\": \"46f1e4e1-213f-4ae0-8207-492e5abcc29f\", \"key\": \"/list_catalog_v1_Product_DocumentOutput/response[]/languages-de-de/values[]/status\", \"type\": \"string\", \"order\": 135.0, \"title\": \"status\", \"value\": {\"type\": \"string\", \"_enum\": [\"complete\", \"toReview\", \"undefined\"], \"requiredFlag\": false}, \"isLeaf\": true, \"entityType\": \"componentConfig\", \"childrenSet\": false, \"hasChildren\": false, \"dataElementType\": \"string\", \"encryption_required\": false}], \"entityType\": \"componentConfig\", \"childrenSet\": false, \"hasChildren\": false, \"dataElementType\": \"documentArray\", \"encryption_required\": false}], \"entityType\": \"componentConfig\", \"childrenSet\": false, \"hasChildren\": false, \"dataElementType\": \"document\", \"encryption_required\": false}, {\"id\": \"46f1e4e1-213f-4ae0-8207-492e5abcc29f\", \"key\": \"/list_catalog_v1_Product_DocumentOutput/response[]/languages-fr-fr\", \"type\": \"object\", \"order\": 136.0, \"title\": \"languages-fr-fr\", \"value\": {\"type\": \"object\", \"requiredFlag\": false}, \"isLeaf\": false, \"children\": [{\"id\": \"46f1e4e1-213f-4ae0-8207-492e5abcc29f\", \"key\": \"/list_catalog_v1_Product_DocumentOutput/response[]/languages-fr-fr/metadata\", \"type\": \"object\", \"order\": 137.0, \"title\": \"metadata\", \"value\": {\"type\": \"object\", \"requiredFlag\": false}, \"isLeaf\": false, \"children\": [{\"id\": \"46f1e4e1-213f-4ae0-8207-492e5abcc29f\", \"key\": \"/list_catalog_v1_Product_DocumentOutput/response[]/languages-fr-fr/metadata/code\", \"type\": \"string\", \"order\": 138.0, \"title\": \"code\", \"value\": {\"type\": \"string\", \"requiredFlag\": false}, \"isLeaf\": true, \"entityType\": \"componentConfig\", \"childrenSet\": false, \"hasChildren\": false, \"dataElementType\": \"string\", \"encryption_required\": false}, {\"id\": \"46f1e4e1-213f-4ae0-8207-492e5abcc29f\", \"key\": \"/list_catalog_v1_Product_DocumentOutput/response[]/languages-fr-fr/metadata/status\", \"type\": \"string\", \"order\": 139.0, \"title\": \"status\", \"value\": {\"type\": \"string\", \"_enum\": [\"complete\", \"toReview\", \"undefined\"], \"requiredFlag\": false}, \"isLeaf\": true, \"entityType\": \"componentConfig\", \"childrenSet\": false, \"hasChildren\": false, \"dataElementType\": \"string\", \"encryption_required\": false}, {\"id\": \"46f1e4e1-213f-4ae0-8207-492e5abcc29f\", \"key\": \"/list_catalog_v1_Product_DocumentOutput/response[]/languages-fr-fr/metadata/paths\", \"type\": \"object\", \"order\": 140.0, \"title\": \"paths\", \"value\": {\"type\": \"object\", \"requiredFlag\": false}, \"isLeaf\": false, \"children\": [{\"id\": \"46f1e4e1-213f-4ae0-8207-492e5abcc29f\", \"key\": \"/list_catalog_v1_Product_DocumentOutput/response[]/languages-fr-fr/metadata/paths/toReview[]\", \"type\": \"array\", \"order\": 141.0, \"title\": \"toReview\", \"value\": {\"type\": \"array\", \"requiredFlag\": false}, \"isLeaf\": false, \"entityType\": \"componentConfig\", \"childrenSet\": false, \"hasChildren\": false, \"dataElementType\": \"stringArray\", \"encryption_required\": false}, {\"id\": \"46f1e4e1-213f-4ae0-8207-492e5abcc29f\", \"key\": \"/list_catalog_v1_Product_DocumentOutput/response[]/languages-fr-fr/metadata/paths/undefined[]\", \"type\": \"array\", \"order\": 142.0, \"title\": \"undefined\", \"value\": {\"type\": \"array\", \"requiredFlag\": false}, \"isLeaf\": false, \"entityType\": \"componentConfig\", \"childrenSet\": false, \"hasChildren\": false, \"dataElementType\": \"stringArray\", \"encryption_required\": false}], \"entityType\": \"componentConfig\", \"childrenSet\": false, \"hasChildren\": false, \"dataElementType\": \"document\", \"encryption_required\": false}, {\"id\": \"46f1e4e1-213f-4ae0-8207-492e5abcc29f\", \"key\": \"/list_catalog_v1_Product_DocumentOutput/response[]/languages-fr-fr/metadata/audit\", \"type\": \"object\", \"order\": 143.0, \"title\": \"audit\", \"value\": {\"type\": \"object\", \"requiredFlag\": false}, \"isLeaf\": false, \"children\": [{\"id\": \"46f1e4e1-213f-4ae0-8207-492e5abcc29f\", \"key\": \"/list_catalog_v1_Product_DocumentOutput/response[]/languages-fr-fr/metadata/audit/createTimestamp\", \"type\": \"string\", \"order\": 144.0, \"title\": \"createTimestamp\", \"value\": {\"type\": \"string\", \"format\": \"date-time\", \"requiredFlag\": false}, \"isLeaf\": true, \"entityType\": \"componentConfig\", \"childrenSet\": false, \"hasChildren\": false, \"dataElementType\": \"string\", \"encryption_required\": false}, {\"id\": \"46f1e4e1-213f-4ae0-8207-492e5abcc29f\", \"key\": \"/list_catalog_v1_Product_DocumentOutput/response[]/languages-fr-fr/metadata/audit/createUserId\", \"type\": \"string\", \"order\": 145.0, \"title\": \"createUserId\", \"value\": {\"type\": \"string\", \"requiredFlag\": false}, \"isLeaf\": true, \"entityType\": \"componentConfig\", \"childrenSet\": false, \"hasChildren\": false, \"dataElementType\": \"string\", \"encryption_required\": false}, {\"id\": \"46f1e4e1-213f-4ae0-8207-492e5abcc29f\", \"key\": \"/list_catalog_v1_Product_DocumentOutput/response[]/languages-fr-fr/metadata/audit/modifyTimestamp\", \"type\": \"string\", \"order\": 146.0, \"title\": \"modifyTimestamp\", \"value\": {\"type\": \"string\", \"format\": \"date-time\", \"requiredFlag\": false}, \"isLeaf\": true, \"entityType\": \"componentConfig\", \"childrenSet\": false, \"hasChildren\": false, \"dataElementType\": \"string\", \"encryption_required\": false}, {\"id\": \"46f1e4e1-213f-4ae0-8207-492e5abcc29f\", \"key\": \"/list_catalog_v1_Product_DocumentOutput/response[]/languages-fr-fr/metadata/audit/modifyUserId\", \"type\": \"string\", \"order\": 147.0, \"title\": \"modifyUserId\", \"value\": {\"type\": \"string\", \"requiredFlag\": false}, \"isLeaf\": true, \"entityType\": \"componentConfig\", \"childrenSet\": false, \"hasChildren\": false, \"dataElementType\": \"string\", \"encryption_required\": false}], \"entityType\": \"componentConfig\", \"childrenSet\": false, \"hasChildren\": false, \"dataElementType\": \"document\", \"encryption_required\": false}], \"entityType\": \"componentConfig\", \"childrenSet\": false, \"hasChildren\": false, \"dataElementType\": \"document\", \"encryption_required\": false}, {\"id\": \"46f1e4e1-213f-4ae0-8207-492e5abcc29f\", \"key\": \"/list_catalog_v1_Product_DocumentOutput/response[]/languages-fr-fr/values[]\", \"type\": \"array\", \"order\": 148.0, \"title\": \"values\", \"value\": {\"type\": \"array\", \"requiredFlag\": false}, \"isLeaf\": false, \"children\": [{\"id\": \"46f1e4e1-213f-4ae0-8207-492e5abcc29f\", \"key\": \"/list_catalog_v1_Product_DocumentOutput/response[]/languages-fr-fr/values[]/path\", \"type\": \"string\", \"order\": 149.0, \"title\": \"path\", \"value\": {\"type\": \"string\", \"requiredFlag\": false}, \"isLeaf\": true, \"entityType\": \"componentConfig\", \"childrenSet\": false, \"hasChildren\": false, \"dataElementType\": \"string\", \"encryption_required\": false}, {\"id\": \"46f1e4e1-213f-4ae0-8207-492e5abcc29f\", \"key\": \"/list_catalog_v1_Product_DocumentOutput/response[]/languages-fr-fr/values[]/value\", \"type\": \"object\", \"order\": 150.0, \"title\": \"value\", \"value\": {\"type\": \"object\", \"requiredFlag\": false}, \"isLeaf\": false, \"entityType\": \"componentConfig\", \"childrenSet\": false, \"hasChildren\": false, \"dataElementType\": \"object\", \"encryption_required\": false}, {\"id\": \"46f1e4e1-213f-4ae0-8207-492e5abcc29f\", \"key\": \"/list_catalog_v1_Product_DocumentOutput/response[]/languages-fr-fr/values[]/status\", \"type\": \"string\", \"order\": 151.0, \"title\": \"status\", \"value\": {\"type\": \"string\", \"_enum\": [\"complete\", \"toReview\", \"undefined\"], \"requiredFlag\": false}, \"isLeaf\": true, \"entityType\": \"componentConfig\", \"childrenSet\": false, \"hasChildren\": false, \"dataElementType\": \"string\", \"encryption_required\": false}], \"entityType\": \"componentConfig\", \"childrenSet\": false, \"hasChildren\": false, \"dataElementType\": \"documentArray\", \"encryption_required\": false}], \"entityType\": \"componentConfig\", \"childrenSet\": false, \"hasChildren\": false, \"dataElementType\": \"document\", \"encryption_required\": false}, {\"id\": \"46f1e4e1-213f-4ae0-8207-492e5abcc29f\", \"key\": \"/list_catalog_v1_Product_DocumentOutput/response[]/_embedded\", \"type\": \"object\", \"order\": 152.0, \"title\": \"_embedded\", \"value\": {\"type\": \"object\", \"requiredFlag\": false}, \"isLeaf\": false, \"children\": [{\"id\": \"46f1e4e1-213f-4ae0-8207-492e5abcc29f\", \"key\": \"/list_catalog_v1_Product_DocumentOutput/response[]/_embedded/metadata\", \"type\": \"object\", \"order\": 153.0, \"title\": \"metadata\", \"value\": {\"type\": \"object\", \"requiredFlag\": false}, \"isLeaf\": false, \"children\": [{\"id\": \"46f1e4e1-213f-4ae0-8207-492e5abcc29f\", \"key\": \"/list_catalog_v1_Product_DocumentOutput/response[]/_embedded/metadata/referencedByResources[]\", \"type\": \"array\", \"order\": 154.0, \"title\": \"referencedByResources\", \"value\": {\"type\": \"array\", \"requiredFlag\": false}, \"isLeaf\": false, \"children\": [{\"id\": \"46f1e4e1-213f-4ae0-8207-492e5abcc29f\", \"key\": \"/list_catalog_v1_Product_DocumentOutput/response[]/_embedded/metadata/referencedByResources[]/kind\", \"type\": \"string\", \"order\": 155.0, \"title\": \"kind\", \"value\": {\"type\": \"string\", \"requiredFlag\": false}, \"isLeaf\": true, \"entityType\": \"componentConfig\", \"childrenSet\": false, \"hasChildren\": false, \"dataElementType\": \"string\", \"encryption_required\": false}, {\"id\": \"46f1e4e1-213f-4ae0-8207-492e5abcc29f\", \"key\": \"/list_catalog_v1_Product_DocumentOutput/response[]/_embedded/metadata/referencedByResources[]/scopeKind\", \"type\": \"string\", \"order\": 156.0, \"title\": \"scopeKind\", \"value\": {\"type\": \"string\", \"requiredFlag\": false}, \"isLeaf\": true, \"entityType\": \"componentConfig\", \"childrenSet\": false, \"hasChildren\": false, \"dataElementType\": \"string\", \"encryption_required\": false}, {\"id\": \"46f1e4e1-213f-4ae0-8207-492e5abcc29f\", \"key\": \"/list_catalog_v1_Product_DocumentOutput/response[]/_embedded/metadata/referencedByResources[]/group\", \"type\": \"string\", \"order\": 157.0, \"title\": \"group\", \"value\": {\"type\": \"string\", \"requiredFlag\": false}, \"isLeaf\": true, \"entityType\": \"componentConfig\", \"childrenSet\": false, \"hasChildren\": false, \"dataElementType\": \"string\", \"encryption_required\": false}, {\"id\": \"46f1e4e1-213f-4ae0-8207-492e5abcc29f\", \"key\": \"/list_catalog_v1_Product_DocumentOutput/response[]/_embedded/metadata/referencedByResources[]/count\", \"type\": \"integer\", \"order\": 158.0, \"title\": \"count\", \"value\": {\"type\": \"integer\", \"requiredFlag\": false}, \"isLeaf\": true, \"entityType\": \"componentConfig\", \"childrenSet\": false, \"hasChildren\": false, \"dataElementType\": \"integer\", \"encryption_required\": false}, {\"id\": \"46f1e4e1-213f-4ae0-8207-492e5abcc29f\", \"key\": \"/list_catalog_v1_Product_DocumentOutput/response[]/_embedded/metadata/referencedByResources[]/link\", \"type\": \"string\", \"order\": 159.0, \"title\": \"link\", \"value\": {\"type\": \"string\", \"requiredFlag\": false}, \"isLeaf\": true, \"entityType\": \"componentConfig\", \"childrenSet\": false, \"hasChildren\": false, \"dataElementType\": \"string\", \"encryption_required\": false}], \"entityType\": \"componentConfig\", \"childrenSet\": false, \"hasChildren\": false, \"dataElementType\": \"documentArray\", \"encryption_required\": false}, {\"id\": \"46f1e4e1-213f-4ae0-8207-492e5abcc29f\", \"key\": \"/list_catalog_v1_Product_DocumentOutput/response[]/_embedded/metadata/scopedResources[]\", \"type\": \"array\", \"order\": 160.0, \"title\": \"scopedResources\", \"value\": {\"type\": \"array\", \"requiredFlag\": false}, \"isLeaf\": false, \"children\": [{\"id\": \"46f1e4e1-213f-4ae0-8207-492e5abcc29f\", \"key\": \"/list_catalog_v1_Product_DocumentOutput/response[]/_embedded/metadata/scopedResources[]/kind\", \"type\": \"string\", \"order\": 161.0, \"title\": \"kind\", \"value\": {\"type\": \"string\", \"requiredFlag\": false}, \"isLeaf\": true, \"entityType\": \"componentConfig\", \"childrenSet\": false, \"hasChildren\": false, \"dataElementType\": \"string\", \"encryption_required\": false}, {\"id\": \"46f1e4e1-213f-4ae0-8207-492e5abcc29f\", \"key\": \"/list_catalog_v1_Product_DocumentOutput/response[]/_embedded/metadata/scopedResources[]/count\", \"type\": \"integer\", \"order\": 162.0, \"title\": \"count\", \"value\": {\"type\": \"integer\", \"requiredFlag\": false}, \"isLeaf\": true, \"entityType\": \"componentConfig\", \"childrenSet\": false, \"hasChildren\": false, \"dataElementType\": \"integer\", \"encryption_required\": false}, {\"id\": \"46f1e4e1-213f-4ae0-8207-492e5abcc29f\", \"key\": \"/list_catalog_v1_Product_DocumentOutput/response[]/_embedded/metadata/scopedResources[]/link\", \"type\": \"string\", \"order\": 163.0, \"title\": \"link\", \"value\": {\"type\": \"string\", \"requiredFlag\": false}, \"isLeaf\": true, \"entityType\": \"componentConfig\", \"childrenSet\": false, \"hasChildren\": false, \"dataElementType\": \"string\", \"encryption_required\": false}], \"entityType\": \"componentConfig\", \"childrenSet\": false, \"hasChildren\": false, \"dataElementType\": \"documentArray\", \"encryption_required\": false}, {\"id\": \"46f1e4e1-213f-4ae0-8207-492e5abcc29f\", \"key\": \"/list_catalog_v1_Product_DocumentOutput/response[]/_embedded/metadata/references[]\", \"type\": \"array\", \"order\": 164.0, \"title\": \"references\", \"value\": {\"type\": \"array\", \"requiredFlag\": false}, \"isLeaf\": false, \"children\": [{\"id\": \"46f1e4e1-213f-4ae0-8207-492e5abcc29f\", \"key\": \"/list_catalog_v1_Product_DocumentOutput/response[]/_embedded/metadata/references[]/group\", \"type\": \"string\", \"order\": 165.0, \"title\": \"group\", \"value\": {\"type\": \"string\", \"requiredFlag\": false}, \"isLeaf\": true, \"entityType\": \"componentConfig\", \"childrenSet\": false, \"hasChildren\": false, \"dataElementType\": \"string\", \"encryption_required\": false}, {\"id\": \"46f1e4e1-213f-4ae0-8207-492e5abcc29f\", \"key\": \"/list_catalog_v1_Product_DocumentOutput/response[]/_embedded/metadata/references[]/apiVersion\", \"type\": \"string\", \"order\": 166.0, \"title\": \"apiVersion\", \"value\": {\"type\": \"string\", \"requiredFlag\": false}, \"isLeaf\": true, \"entityType\": \"componentConfig\", \"childrenSet\": false, \"hasChildren\": false, \"dataElementType\": \"string\", \"encryption_required\": false}, {\"id\": \"46f1e4e1-213f-4ae0-8207-492e5abcc29f\", \"key\": \"/list_catalog_v1_Product_DocumentOutput/response[]/_embedded/metadata/references[]/kind\", \"type\": \"string\", \"order\": 167.0, \"title\": \"kind\", \"value\": {\"type\": \"string\", \"requiredFlag\": false}, \"isLeaf\": true, \"entityType\": \"componentConfig\", \"childrenSet\": false, \"hasChildren\": false, \"dataElementType\": \"string\", \"encryption_required\": false}, {\"id\": \"46f1e4e1-213f-4ae0-8207-492e5abcc29f\", \"key\": \"/list_catalog_v1_Product_DocumentOutput/response[]/_embedded/metadata/references[]/name\", \"type\": \"string\", \"order\": 168.0, \"title\": \"name\", \"value\": {\"type\": \"string\", \"requiredFlag\": false}, \"isLeaf\": true, \"entityType\": \"componentConfig\", \"childrenSet\": false, \"hasChildren\": false, \"dataElementType\": \"string\", \"encryption_required\": false}, {\"id\": \"46f1e4e1-213f-4ae0-8207-492e5abcc29f\", \"key\": \"/list_catalog_v1_Product_DocumentOutput/response[]/_embedded/metadata/references[]/title\", \"type\": \"string\", \"order\": 169.0, \"title\": \"title\", \"value\": {\"type\": \"string\", \"requiredFlag\": false}, \"isLeaf\": true, \"entityType\": \"componentConfig\", \"childrenSet\": false, \"hasChildren\": false, \"dataElementType\": \"string\", \"encryption_required\": false}, {\"id\": \"46f1e4e1-213f-4ae0-8207-492e5abcc29f\", \"key\": \"/list_catalog_v1_Product_DocumentOutput/response[]/_embedded/metadata/references[]/metadata\", \"type\": \"object\", \"order\": 170.0, \"title\": \"metadata\", \"value\": {\"type\": \"object\", \"requiredFlag\": false}, \"isLeaf\": false, \"children\": [{\"id\": \"46f1e4e1-213f-4ae0-8207-492e5abcc29f\", \"key\": \"/list_catalog_v1_Product_DocumentOutput/response[]/_embedded/metadata/references[]/metadata/id\", \"type\": \"string\", \"order\": 171.0, \"title\": \"id\", \"value\": {\"type\": \"string\", \"requiredFlag\": false}, \"isLeaf\": true, \"entityType\": \"componentConfig\", \"childrenSet\": false, \"hasChildren\": false, \"dataElementType\": \"string\", \"encryption_required\": false}, {\"id\": \"46f1e4e1-213f-4ae0-8207-492e5abcc29f\", \"key\": \"/list_catalog_v1_Product_DocumentOutput/response[]/_embedded/metadata/references[]/metadata/accessRights\", \"type\": \"object\", \"order\": 172.0, \"title\": \"accessRights\", \"value\": {\"type\": \"object\", \"requiredFlag\": false}, \"isLeaf\": false, \"children\": [{\"id\": \"46f1e4e1-213f-4ae0-8207-492e5abcc29f\", \"key\": \"/list_catalog_v1_Product_DocumentOutput/response[]/_embedded/metadata/references[]/metadata/accessRights/canChangeOwner\", \"type\": \"boolean\", \"order\": 173.0, \"title\": \"canChangeOwner\", \"value\": {\"type\": \"boolean\", \"requiredFlag\": false}, \"isLeaf\": true, \"entityType\": \"componentConfig\", \"childrenSet\": false, \"hasChildren\": false, \"dataElementType\": \"boolean\", \"encryption_required\": false}, {\"id\": \"46f1e4e1-213f-4ae0-8207-492e5abcc29f\", \"key\": \"/list_catalog_v1_Product_DocumentOutput/response[]/_embedded/metadata/references[]/metadata/accessRights/canDelete\", \"type\": \"boolean\", \"order\": 174.0, \"title\": \"canDelete\", \"value\": {\"type\": \"boolean\", \"requiredFlag\": false}, \"isLeaf\": true, \"entityType\": \"componentConfig\", \"childrenSet\": false, \"hasChildren\": false, \"dataElementType\": \"boolean\", \"encryption_required\": false}, {\"id\": \"46f1e4e1-213f-4ae0-8207-492e5abcc29f\", \"key\": \"/list_catalog_v1_Product_DocumentOutput/response[]/_embedded/metadata/references[]/metadata/accessRights/canWrite\", \"type\": \"boolean\", \"order\": 175.0, \"title\": \"canWrite\", \"value\": {\"type\": \"boolean\", \"requiredFlag\": false}, \"isLeaf\": true, \"entityType\": \"componentConfig\", \"childrenSet\": false, \"hasChildren\": false, \"dataElementType\": \"boolean\", \"encryption_required\": false}, {\"id\": \"46f1e4e1-213f-4ae0-8207-492e5abcc29f\", \"key\": \"/list_catalog_v1_Product_DocumentOutput/response[]/_embedded/metadata/references[]/metadata/accessRights/canRead\", \"type\": \"boolean\", \"order\": 176.0, \"title\": \"canRead\", \"value\": {\"type\": \"boolean\", \"requiredFlag\": false}, \"isLeaf\": true, \"entityType\": \"componentConfig\", \"childrenSet\": false, \"hasChildren\": false, \"dataElementType\": \"boolean\", \"encryption_required\": false}], \"entityType\": \"componentConfig\", \"childrenSet\": false, \"hasChildren\": false, \"dataElementType\": \"document\", \"encryption_required\": false}, {\"id\": \"46f1e4e1-213f-4ae0-8207-492e5abcc29f\", \"key\": \"/list_catalog_v1_Product_DocumentOutput/response[]/_embedded/metadata/references[]/metadata/selfLink\", \"type\": \"string\", \"order\": 177.0, \"title\": \"selfLink\", \"value\": {\"type\": \"string\", \"requiredFlag\": false}, \"isLeaf\": true, \"entityType\": \"componentConfig\", \"childrenSet\": false, \"hasChildren\": false, \"dataElementType\": \"string\", \"encryption_required\": false}], \"entityType\": \"componentConfig\", \"childrenSet\": false, \"hasChildren\": false, \"dataElementType\": \"document\", \"encryption_required\": false}], \"entityType\": \"componentConfig\", \"childrenSet\": false, \"hasChildren\": false, \"dataElementType\": \"documentArray\", \"encryption_required\": false}], \"entityType\": \"componentConfig\", \"childrenSet\": false, \"hasChildren\": false, \"dataElementType\": \"document\", \"encryption_required\": false}], \"entityType\": \"componentConfig\", \"childrenSet\": false, \"hasChildren\": false, \"dataElementType\": \"document\", \"encryption_required\": false}], \"entityType\": \"componentConfig\", \"childrenSet\": false, \"hasChildren\": false, \"dataElementType\": \"documentArray\", \"encryption_required\": false}, {\"id\": \"46f1e4e1-213f-4ae0-8207-492e5abcc29f\", \"key\": \"/list_catalog_v1_Product_DocumentOutput/errors\", \"type\": \"object\", \"order\": 178.0, \"title\": \"errors\", \"value\": {\"type\": \"object\", \"description\": \"Detail for standard error responses.\", \"requiredFlag\": false}, \"isLeaf\": false, \"children\": [{\"id\": \"46f1e4e1-213f-4ae0-8207-492e5abcc29f\", \"key\": \"/list_catalog_v1_Product_DocumentOutput/errors/errors[]\", \"type\": \"array\", \"order\": 179.0, \"title\": \"errors\", \"value\": {\"type\": \"array\", \"requiredFlag\": false}, \"isLeaf\": false, \"children\": [{\"id\": \"46f1e4e1-213f-4ae0-8207-492e5abcc29f\", \"key\": \"/list_catalog_v1_Product_DocumentOutput/errors/errors[]/status\", \"type\": \"integer\", \"order\": 180.0, \"title\": \"status\", \"value\": {\"type\": \"integer\", \"requiredFlag\": false}, \"isLeaf\": true, \"entityType\": \"componentConfig\", \"childrenSet\": false, \"hasChildren\": false, \"dataElementType\": \"integer\", \"encryption_required\": false}, {\"id\": \"46f1e4e1-213f-4ae0-8207-492e5abcc29f\", \"key\": \"/list_catalog_v1_Product_DocumentOutput/errors/errors[]/title\", \"type\": \"string\", \"order\": 181.0, \"title\": \"title\", \"value\": {\"type\": \"string\", \"requiredFlag\": false}, \"isLeaf\": true, \"entityType\": \"componentConfig\", \"childrenSet\": false, \"hasChildren\": false, \"dataElementType\": \"string\", \"encryption_required\": false}, {\"id\": \"46f1e4e1-213f-4ae0-8207-492e5abcc29f\", \"key\": \"/list_catalog_v1_Product_DocumentOutput/errors/errors[]/detail\", \"type\": \"string\", \"order\": 182.0, \"title\": \"detail\", \"value\": {\"type\": \"string\", \"requiredFlag\": false}, \"isLeaf\": true, \"entityType\": \"componentConfig\", \"childrenSet\": false, \"hasChildren\": false, \"dataElementType\": \"string\", \"encryption_required\": false}, {\"id\": \"46f1e4e1-213f-4ae0-8207-492e5abcc29f\", \"key\": \"/list_catalog_v1_Product_DocumentOutput/errors/errors[]/meta\", \"type\": \"object\", \"order\": 183.0, \"title\": \"meta\", \"value\": {\"type\": \"object\", \"requiredFlag\": false}, \"isLeaf\": false, \"children\": [{\"id\": \"46f1e4e1-213f-4ae0-8207-492e5abcc29f\", \"key\": \"/list_catalog_v1_Product_DocumentOutput/errors/errors[]/meta/tenantId\", \"type\": \"string\", \"order\": 184.0, \"title\": \"tenantId\", \"value\": {\"type\": \"string\", \"requiredFlag\": false}, \"isLeaf\": true, \"entityType\": \"componentConfig\", \"childrenSet\": false, \"hasChildren\": false, \"dataElementType\": \"string\", \"encryption_required\": false}], \"entityType\": \"componentConfig\", \"childrenSet\": false, \"hasChildren\": false, \"dataElementType\": \"document\", \"encryption_required\": false}], \"entityType\": \"componentConfig\", \"childrenSet\": false, \"hasChildren\": false, \"dataElementType\": \"documentArray\", \"encryption_required\": false}], \"entityType\": \"componentConfig\", \"childrenSet\": false, \"hasChildren\": false, \"dataElementType\": \"document\", \"encryption_required\": false}, {\"id\": \"46f1e4e1-213f-4ae0-8207-492e5abcc29f\", \"key\": \"/list_catalog_v1_Product_DocumentOutput/responseHeaders\", \"order\": 4.0, \"title\": \"responseHeaders\", \"value\": {\"type\": \"object\"}, \"isLeaf\": true, \"children\": [], \"entityType\": \"componentConfig\", \"childrenSet\": false, \"hasChildren\": false, \"dataElementType\": \"document\", \"encryption_required\": false}], \"entityType\": \"componentConfig\", \"childrenSet\": false, \"hasChildren\": false, \"dataElementType\": \"document\", \"encryption_required\": false}]",
    "null" : false
  },
  "config_plug_id" : null,
  "override_plug" : false,
  "config_java_service_id" : null,
  "service_tag" : "V26",
  "endpoint_tag" : "EMPTY",
  "config_service_tag" : "",
  "config_imap_tag" : "",
  "config_b2b_document_type_tag" : "",
  "active" : false,
  "parent_component_config_service_tag" : "V26",
  "service_project_id" : "27edbc36-f404-4005-832a-6f6f32f16f6e",
  "service_project_tag" : "V26",
  "config_service_project_id" : null,
  "config_service_project_tag" : "",
  "config_imap_project_id" : null,
  "config_imap_project_tag" : "",
  "config_b2b_document_type_project_id" : null,
  "config_b2b_document_type_project_tag" : "",
  "endpoint_project_id" : "27edbc36-f404-4005-832a-6f6f32f16f6e",
  "endpoint_project_tag" : "EMPTY",
  "config_plug_tag" : null,
  "config_plug_project_id" : null,
  "config_plug_project_tag" : null,
  "config_java_service_tag" : "",
  "config_java_service_project_id" : null,
  "config_java_service_project_tag" : "",
  "disabled" : false,
  "config" : {
    "type" : "json",
    "value" : "{\"objectName\":\"catalog\",\"operationName\":\"list_catalog_v1_Product_Document\",\"actionConfig\":{\"resourcePath\":\"/catalog/v1/products/{productName}/documents\",\"produces\":[\"application/json\"],\"methodName\":\"get\",\"consumes\":[\"application/json\"]}}",
    "null" : false
  },
  "config_b2b_document_type_project_mode_id" : "112c1cb8-4b9e-4d1a-a042-0bd031dc7d05",
  "config_imap_project_mode_id" : "112c1cb8-4b9e-4d1a-a042-0bd031dc7d05",
  "config_java_service_project_mode_id" : "112c1cb8-4b9e-4d1a-a042-0bd031dc7d05",
  "config_plug_project_mode_id" : "112c1cb8-4b9e-4d1a-a042-0bd031dc7d05",
  "config_service_project_mode_id" : "112c1cb8-4b9e-4d1a-a042-0bd031dc7d05",
  "endpoint_project_mode_id" : "112c1cb8-4b9e-4d1a-a042-0bd031dc7d05",
  "service_project_mode_id" : "112c1cb8-4b9e-4d1a-a042-0bd031dc7d05",
  "parent_component_config_service_project_mode_id" : "112c1cb8-4b9e-4d1a-a042-0bd031dc7d05",
  "is_audit" : true,
  "keys_with_order" : null
}