{
  "component_config_id" : "5747fd76-8d1c-44ff-836b-2d26407ef91d",
  "endpoint_config_json" : {
    "type" : "jsonb",
    "value" : "{\"crossRef\": [], \"services\": [], \"multistep\": [], \"operations\": []}",
    "null" : false
  },
  "input_config_json" : {
    "type" : "jsonb",
    "value" : "{\"crossRef\": [], \"services\": [], \"multistep\": [], \"operations\": [{\"map\": {\"id\": \"52464d30-12a3-4a2d-923f-13bbb44c238b\", \"root\": false, \"type\": \"setValue\", \"cached\": false, \"target\": \"/HTTPSGetInput/basePath\", \"mapNull\": false, \"disabled\": false, \"extractXml\": false, \"extractJson\": false, \"targetOrder\": 3.0, \"targetValue\": \"/apis/management/v1alpha1/environments/%{/CreateAndReleaseAssetForAPIServiceInput/environmentLogicalName}%/apiservices/%{/CreateAndReleaseAssetForAPIServiceInput/apiLogicalName}%\", \"mapEmptyString\": false, \"targetJavaType\": \"java.lang.String\", \"variableSubstitution\": true}}, {\"map\": {\"id\": \"3e641853-d6a5-4680-96e5-4d72dc210561\", \"root\": false, \"type\": \"setValue\", \"cached\": false, \"target\": \"/HTTPSGetInput/queryParams/fields\", \"mapNull\": false, \"disabled\": false, \"extractXml\": false, \"extractJson\": false, \"targetOrder\": 1.0, \"targetValue\": \"name,metadata.id,title\", \"mapEmptyString\": false, \"targetJavaType\": \"java.lang.String\", \"variableSubstitution\": false}}]}",
    "null" : false
  },
  "output_config_json" : {
    "type" : "jsonb",
    "value" : "{\"crossRef\": [], \"services\": [], \"multistep\": [], \"operations\": [{\"map\": {\"id\": \"6a524127-ddc8-40ab-9255-0097500a7502\", \"root\": true, \"type\": \"map\", \"cached\": false, \"source\": \"/HTTPSGetOutput\", \"target\": \"/HTTPSGetOutput\", \"mapNull\": false, \"disabled\": false, \"extractXml\": false, \"extractJson\": false, \"mapEmptyString\": false}}, {\"map\": {\"id\": \"664478b8-c7d1-4581-b021-d5be7d658c11\", \"root\": true, \"type\": \"map\", \"cached\": false, \"source\": \"/HTTPSGetOutput/response\", \"target\": \"/APIServiceDetails\", \"mapNull\": false, \"disabled\": false, \"extractXml\": false, \"extractJson\": true, \"targetOrder\": 1.0, \"mapEmptyString\": false, \"sourceJavaType\": \"java.lang.Object\"}}, {\"map\": {\"id\": \"0a0b161a-5d98-46c1-b7f3-92253bcc06b9\", \"root\": false, \"type\": \"setValue\", \"cached\": false, \"target\": \"/CreateAndReleaseAssetForAPIServiceOutput/success\", \"mapNull\": false, \"disabled\": false, \"extractXml\": false, \"extractJson\": false, \"targetOrder\": 1.0, \"targetValue\": \"true\", \"mapEmptyString\": false, \"targetJavaType\": \"java.lang.Boolean\", \"variableSubstitution\": false}}]}",
    "null" : false
  },
  "component_id" : "1dd81dfd-e452-4eb3-bbd7-bc6f0da00cbd",
  "service_id" : "607a5cf9-b441-43f8-94f9-25a076cac494",
  "endpoint_id" : null,
  "parent_component_config_id" : null,
  "component_config_order" : 1.0,
  "action_id" : "1b4bc7a2-679b-4779-ad98-79fc11210459",
  "name" : "GetAPIService",
  "description" : "",
  "override_endpoint" : false,
  "input_structure_json" : {
    "type" : "jsonb",
    "value" : "{\"maps\": [{\"/HTTPSGetInput/basePath\": [{\"type\": \"setValue\", \"target\": {\"path\": \"/HTTPSGetInput/basePath\", \"order\": 3, \"title\": \"basePath\", \"dataElementType\": \"string\"}, \"values\": [{\"id\": \"8c61164e-3c4a-4fa1-a32d-2fcf10a015ae\", \"key\": \"/HTTPSGetInput/basePath\", \"type\": \"object\", \"order\": 3, \"title\": \"basePath\", \"isLeaf\": false, \"children\": [], \"setValue\": null, \"uiElement\": \"/apis/management/v1alpha1/environments/<input _ngcontent-ng-c3785946430=\\\"\\\" class=\\\"chip\\\" title=\\\"/CreateAndReleaseAssetForAPIServiceInput/environmentLogicalName\\\" readonly=\\\"true\\\" disabled=\\\"true\\\" type=\\\"button\\\" value=\\\"environmentLogicalName\\\">/apiservices/<input _ngcontent-ng-c3785946430=\\\"\\\" class=\\\"chip\\\" title=\\\"/CreateAndReleaseAssetForAPIServiceInput/apiLogicalName\\\" readonly=\\\"true\\\" disabled=\\\"true\\\" type=\\\"button\\\" value=\\\"apiLogicalName\\\">\", \"isSetValue\": false, \"childrenSet\": false, \"hasChildren\": false, \"dataElementType\": \"string\", \"encryption_required\": false}], \"mapCondition\": {\"isConditionSet\": false, \"sourceTreeIndex\": [], \"targetTreeIndex\": [], \"mapConditionFormValue\": {}}, \"variableSubstitution\": true, \"overwritePipelineValue\": false}]}, {\"/HTTPSGetInput/queryParams/fields\": [{\"type\": \"setValue\", \"target\": {\"path\": \"/HTTPSGetInput/queryParams/fields\", \"order\": 1, \"title\": \"fields\", \"dataElementType\": \"string\"}, \"values\": [{\"id\": \"f057d450-03b4-411b-97a7-f96bcb08fb5b\", \"key\": \"/HTTPSGetInput/queryParams/fields\", \"type\": \"node\", \"order\": 1, \"title\": \"fields\", \"children\": [], \"setValue\": null, \"editAllow\": true, \"uiElement\": \"name,metadata.id,title\", \"isSetValue\": false, \"dataElementType\": \"string\", \"componentConfigId\": \"5747fd76-8d1c-44ff-836b-2d26407ef91d\", \"componentConfigName\": \"HTTPS\"}], \"mapCondition\": {\"isConditionSet\": false, \"sourceTreeIndex\": [], \"targetTreeIndex\": [], \"mapConditionFormValue\": {}}, \"variableSubstitution\": false, \"overwritePipelineValue\": false}]}], \"mappedNodes\": [\"/HTTPSGetOutput\", \"/HTTPSGetOutputpipeOut\", \"/HTTPSGetInput/basePath actionIn\", \"/HTTPSGetInput actionIn\", \"/HTTPSGetOutput/response\", \"/APIServiceDetailspipeOut\", \"/HTTPSGetInput actionIn\", \"/CreateAndReleaseAssetForAPIServiceOutput/successpipeOut\", \"/CreateAndReleaseAssetForAPIServiceOutputpipeOut\", \"/HTTPSGetInput actionIn\", \"/CreateAndReleaseAssetForAPIServiceOutputpipeOut\", \"/HTTPSGetInput/queryParams/fields actionIn\", \"/HTTPSGetInput/queryParams actionIn\", \"/HTTPSGetInput actionIn\", \"/HTTPSGetInput actionIn\", \"/HTTPSGetInput/queryParams actionIn\", \"/HTTPSGetInput actionIn\", \"/CreateAndReleaseAssetForAPIServiceOutputpipeOut\", \"/HTTPSGetInput/queryParams/fields actionIn\", \"/HTTPSGetInput/queryParams actionIn\", \"/HTTPSGetInput actionIn\"], \"addVariables\": [{\"id\": \"c93cb89c-49b5-4985-9c2b-fcc9028425ac\", \"key\": \"/HTTPSGetInput/queryParams/fields\", \"type\": \"node\", \"order\": 1, \"title\": \"fields\", \"value\": {\"type\": \"string\"}, \"children\": [], \"editAllow\": true, \"componentName\": \"\", \"dataElementType\": \"string\", \"componentConfigId\": \"5747fd76-8d1c-44ff-836b-2d26407ef91d\", \"componentConfigName\": \"HTTPS\"}]}",
    "null" : false
  },
  "output_structure_json" : {
    "type" : "jsonb",
    "value" : "{\"maps\": [{\"/HTTPSGetOutput\": [{\"type\": \"map\", \"source\": {\"path\": \"/HTTPSGetOutput\", \"title\": \"HTTPSGetOutput\", \"dataElementType\": \"document\"}, \"target\": {\"path\": \"/HTTPSGetOutput\", \"alias\": null, \"order\": null, \"title\": \"HTTPSGetOutput\", \"dataElementType\": \"document\"}, \"mapCondition\": {\"mapNull\": null, \"defaultValue\": null, \"isConditionSet\": false, \"mapEmptyString\": null, \"sourceTreeIndex\": [], \"targetTreeIndex\": [], \"mapConditionFormValue\": {\"fields\": null}}}]}, {\"/APIServiceDetails\": [{\"type\": \"map\", \"source\": {\"path\": \"/HTTPSGetOutput/response\", \"title\": \"response\", \"dataElementType\": \"object\"}, \"target\": {\"path\": \"/APIServiceDetails\", \"order\": 1, \"title\": \"APIServiceDetails\", \"dataElementType\": \"document\"}, \"extractJson\": true, \"mapCondition\": {\"isConditionSet\": false, \"sourceTreeIndex\": [], \"targetTreeIndex\": [], \"mapConditionFormValue\": {}}}]}, {\"/CreateAndReleaseAssetForAPIServiceOutput/success\": [{\"type\": \"setValue\", \"order\": 1, \"target\": {\"path\": \"/CreateAndReleaseAssetForAPIServiceOutput/success\", \"order\": 1, \"title\": \"success\", \"dataElementType\": \"boolean\"}, \"values\": [{\"id\": \"7646e8e8-4e39-4328-a701-8a445001945c\", \"key\": \"/CreateAndReleaseAssetForAPIServiceOutput/success\", \"type\": \"node\", \"order\": 1, \"title\": \"success\", \"children\": [], \"setValue\": \"true\", \"editAllow\": true, \"uiElement\": \"true\", \"isSetValue\": false, \"childrenSet\": false, \"hasChildren\": false, \"dataElementType\": \"boolean\", \"encryption_required\": false}], \"mapCondition\": {\"isConditionSet\": false, \"sourceTreeIndex\": [], \"targetTreeIndex\": [], \"mapConditionFormValue\": {}}, \"dataElementType\": \"boolean\", \"variableSubstitution\": false, \"overwritePipelineValue\": false}]}], \"transformer\": []}",
    "null" : false
  },
  "endpoint_structure_json" : {
    "type" : "jsonb",
    "value" : "{\"maps\": []}",
    "null" : false
  },
  "is_error" : false,
  "no_of_errors" : 0,
  "action_input_type" : null,
  "config_service_id" : null,
  "config_imap_id" : null,
  "config_b2b_document_type_id" : null,
  "config_document_id" : null,
  "add_variables" : {
    "type" : "jsonb",
    "value" : "[{\"id\": \"e976c461-516f-43ff-a89e-168322461e04\", \"key\": \"/APIServiceDetails\", \"type\": \"node\", \"order\": 1, \"title\": \"APIServiceDetails\", \"value\": {}, \"children\": [{\"id\": \"0001fb1a-a10f-411d-ae1e-c9f207f8aad1\", \"key\": \"/APIServiceDetails/group\", \"type\": \"node\", \"order\": 1, \"title\": \"group\", \"value\": {\"type\": \"string\"}, \"isLeaf\": true, \"editAllow\": true, \"extractXml\": false, \"childrenSet\": false, \"extractJson\": true, \"hasChildren\": false, \"dataElementType\": \"string\", \"componentConfigId\": \"5747fd76-8d1c-44ff-836b-2d26407ef91d\", \"encryption_required\": false}, {\"id\": \"9f377e57-90c3-45c0-9ce5-72dc62ce13c4\", \"key\": \"/APIServiceDetails/apiVersion\", \"type\": \"node\", \"order\": 2, \"title\": \"apiVersion\", \"value\": {\"type\": \"string\"}, \"isLeaf\": true, \"editAllow\": true, \"extractXml\": false, \"childrenSet\": false, \"extractJson\": true, \"hasChildren\": false, \"dataElementType\": \"string\", \"componentConfigId\": \"5747fd76-8d1c-44ff-836b-2d26407ef91d\", \"encryption_required\": false}, {\"id\": \"e1156d48-da43-4a7d-8bd6-8e582fceb88b\", \"key\": \"/APIServiceDetails/kind\", \"type\": \"node\", \"order\": 3, \"title\": \"kind\", \"value\": {\"type\": \"string\"}, \"isLeaf\": true, \"editAllow\": true, \"extractXml\": false, \"childrenSet\": false, \"extractJson\": true, \"hasChildren\": false, \"dataElementType\": \"string\", \"componentConfigId\": \"5747fd76-8d1c-44ff-836b-2d26407ef91d\", \"encryption_required\": false}, {\"id\": \"eba97885-e7f0-4ca9-a3df-58739754b1a0\", \"key\": \"/APIServiceDetails/name\", \"type\": \"node\", \"order\": 4, \"title\": \"name\", \"value\": {\"type\": \"string\"}, \"isLeaf\": true, \"editAllow\": true, \"extractXml\": false, \"childrenSet\": false, \"extractJson\": true, \"hasChildren\": false, \"dataElementType\": \"string\", \"componentConfigId\": \"5747fd76-8d1c-44ff-836b-2d26407ef91d\", \"encryption_required\": false}, {\"id\": \"e881088a-f3aa-483d-98a7-9b6fd70e73bb\", \"key\": \"/APIServiceDetails/title\", \"type\": \"node\", \"order\": 5, \"title\": \"title\", \"value\": {\"type\": \"string\"}, \"isLeaf\": true, \"editAllow\": true, \"extractXml\": false, \"childrenSet\": false, \"extractJson\": true, \"hasChildren\": false, \"dataElementType\": \"string\", \"componentConfigId\": \"5747fd76-8d1c-44ff-836b-2d26407ef91d\", \"encryption_required\": false}, {\"id\": \"5c27888c-9900-43cc-9042-5d18fa1c7adb\", \"key\": \"/APIServiceDetails/metadata\", \"type\": \"node\", \"order\": 6, \"title\": \"metadata\", \"value\": {\"type\": \"object\"}, \"isLeaf\": false, \"children\": [{\"id\": \"ee6bb03a-dbad-45ca-b6c2-d0c11f4b1a47\", \"key\": \"/APIServiceDetails/metadata/id\", \"type\": \"node\", \"order\": 7, \"title\": \"id\", \"value\": {\"type\": \"string\"}, \"isLeaf\": true, \"editAllow\": true, \"extractXml\": false, \"childrenSet\": false, \"extractJson\": true, \"hasChildren\": false, \"dataElementType\": \"string\", \"componentConfigId\": \"5747fd76-8d1c-44ff-836b-2d26407ef91d\", \"encryption_required\": false}, {\"id\": \"1e4b05e1-a818-4151-a5f5-8599c567569e\", \"key\": \"/APIServiceDetails/metadata/audit\", \"type\": \"node\", \"order\": 8, \"title\": \"audit\", \"value\": {\"type\": \"object\"}, \"isLeaf\": false, \"children\": [{\"id\": \"6ec20377-d176-4b22-bb8a-71667f218b62\", \"key\": \"/APIServiceDetails/metadata/audit/createTimestamp\", \"type\": \"node\", \"order\": 9, \"title\": \"createTimestamp\", \"value\": {\"type\": \"string\"}, \"isLeaf\": true, \"editAllow\": true, \"extractXml\": false, \"childrenSet\": false, \"extractJson\": true, \"hasChildren\": false, \"dataElementType\": \"string\", \"componentConfigId\": \"5747fd76-8d1c-44ff-836b-2d26407ef91d\", \"encryption_required\": false}, {\"id\": \"dcef2586-3593-4ce6-9a42-d8f6b6c00110\", \"key\": \"/APIServiceDetails/metadata/audit/createUserId\", \"type\": \"node\", \"order\": 10, \"title\": \"createUserId\", \"value\": {\"type\": \"string\"}, \"isLeaf\": true, \"editAllow\": true, \"extractXml\": false, \"childrenSet\": false, \"extractJson\": true, \"hasChildren\": false, \"dataElementType\": \"string\", \"componentConfigId\": \"5747fd76-8d1c-44ff-836b-2d26407ef91d\", \"encryption_required\": false}, {\"id\": \"724645a1-3e1d-4e94-8fd5-d154bdbe8899\", \"key\": \"/APIServiceDetails/metadata/audit/modifyTimestamp\", \"type\": \"node\", \"order\": 11, \"title\": \"modifyTimestamp\", \"value\": {\"type\": \"string\"}, \"isLeaf\": true, \"editAllow\": true, \"extractXml\": false, \"childrenSet\": false, \"extractJson\": true, \"hasChildren\": false, \"dataElementType\": \"string\", \"componentConfigId\": \"5747fd76-8d1c-44ff-836b-2d26407ef91d\", \"encryption_required\": false}, {\"id\": \"02956bae-2156-459e-948a-b048653ee8a1\", \"key\": \"/APIServiceDetails/metadata/audit/modifyUserId\", \"type\": \"node\", \"order\": 12, \"title\": \"modifyUserId\", \"value\": {\"type\": \"string\"}, \"isLeaf\": true, \"editAllow\": true, \"extractXml\": false, \"childrenSet\": false, \"extractJson\": true, \"hasChildren\": false, \"dataElementType\": \"string\", \"componentConfigId\": \"5747fd76-8d1c-44ff-836b-2d26407ef91d\", \"encryption_required\": false}], \"editAllow\": true, \"extractXml\": false, \"childrenSet\": false, \"extractJson\": true, \"hasChildren\": false, \"dataElementType\": \"document\", \"componentConfigId\": \"5747fd76-8d1c-44ff-836b-2d26407ef91d\", \"encryption_required\": false}, {\"id\": \"a1495b31-3028-4406-a8a9-b59d63a3ca44\", \"key\": \"/APIServiceDetails/metadata/scope\", \"type\": \"node\", \"order\": 13, \"title\": \"scope\", \"value\": {\"type\": \"object\"}, \"isLeaf\": false, \"children\": [{\"id\": \"02325219-70c6-452f-8dc1-97bc2d552902\", \"key\": \"/APIServiceDetails/metadata/scope/id\", \"type\": \"node\", \"order\": 14, \"title\": \"id\", \"value\": {\"type\": \"string\"}, \"isLeaf\": true, \"editAllow\": true, \"extractXml\": false, \"childrenSet\": false, \"extractJson\": true, \"hasChildren\": false, \"dataElementType\": \"string\", \"componentConfigId\": \"5747fd76-8d1c-44ff-836b-2d26407ef91d\", \"encryption_required\": false}, {\"id\": \"692f30b1-030d-4b0c-a6a1-b7d6714f1556\", \"key\": \"/APIServiceDetails/metadata/scope/kind\", \"type\": \"node\", \"order\": 15, \"title\": \"kind\", \"value\": {\"type\": \"string\"}, \"isLeaf\": true, \"editAllow\": true, \"extractXml\": false, \"childrenSet\": false, \"extractJson\": true, \"hasChildren\": false, \"dataElementType\": \"string\", \"componentConfigId\": \"5747fd76-8d1c-44ff-836b-2d26407ef91d\", \"encryption_required\": false}, {\"id\": \"01bf2391-a75e-488b-b760-fbcbfa86739d\", \"key\": \"/APIServiceDetails/metadata/scope/name\", \"type\": \"node\", \"order\": 16, \"title\": \"name\", \"value\": {\"type\": \"string\"}, \"isLeaf\": true, \"editAllow\": true, \"extractXml\": false, \"childrenSet\": false, \"extractJson\": true, \"hasChildren\": false, \"dataElementType\": \"string\", \"componentConfigId\": \"5747fd76-8d1c-44ff-836b-2d26407ef91d\", \"encryption_required\": false}, {\"id\": \"c208a9e9-cf1a-4be8-ba03-0add29190a4a\", \"key\": \"/APIServiceDetails/metadata/scope/title\", \"type\": \"node\", \"order\": 17, \"title\": \"title\", \"value\": {\"type\": \"string\"}, \"isLeaf\": true, \"editAllow\": true, \"extractXml\": false, \"childrenSet\": false, \"extractJson\": true, \"hasChildren\": false, \"dataElementType\": \"string\", \"componentConfigId\": \"5747fd76-8d1c-44ff-836b-2d26407ef91d\", \"encryption_required\": false}, {\"id\": \"21312baa-089b-4b7b-8f1a-9f6968f45ceb\", \"key\": \"/APIServiceDetails/metadata/scope/selfLink\", \"type\": \"node\", \"order\": 18, \"title\": \"selfLink\", \"value\": {\"type\": \"string\"}, \"isLeaf\": true, \"editAllow\": true, \"extractXml\": false, \"childrenSet\": false, \"extractJson\": true, \"hasChildren\": false, \"dataElementType\": \"string\", \"componentConfigId\": \"5747fd76-8d1c-44ff-836b-2d26407ef91d\", \"encryption_required\": false}], \"editAllow\": true, \"extractXml\": false, \"childrenSet\": false, \"extractJson\": true, \"hasChildren\": false, \"dataElementType\": \"document\", \"componentConfigId\": \"5747fd76-8d1c-44ff-836b-2d26407ef91d\", \"encryption_required\": false}, {\"id\": \"e6d497da-462a-4f32-9b44-8a19b082e23a\", \"key\": \"/APIServiceDetails/metadata/acl[]\", \"type\": \"node\", \"order\": 19, \"title\": \"acl\", \"value\": {\"type\": \"array\"}, \"isLeaf\": false, \"editAllow\": true, \"extractXml\": false, \"childrenSet\": false, \"extractJson\": true, \"hasChildren\": false, \"dataElementType\": \"objectArray\", \"componentConfigId\": \"5747fd76-8d1c-44ff-836b-2d26407ef91d\", \"encryption_required\": false}, {\"id\": \"ee3dc2ff-6de2-4ada-9ceb-d215425c0792\", \"key\": \"/APIServiceDetails/metadata/accessRights\", \"type\": \"node\", \"order\": 20, \"title\": \"accessRights\", \"value\": {\"type\": \"object\"}, \"isLeaf\": false, \"children\": [{\"id\": \"df2b8f87-78c1-4cf0-85f7-ef03467a4cb0\", \"key\": \"/APIServiceDetails/metadata/accessRights/canChangeOwner\", \"type\": \"node\", \"order\": 21, \"title\": \"canChangeOwner\", \"value\": {\"type\": \"boolean\"}, \"isLeaf\": true, \"editAllow\": true, \"extractXml\": false, \"childrenSet\": false, \"extractJson\": true, \"hasChildren\": false, \"dataElementType\": \"boolean\", \"componentConfigId\": \"5747fd76-8d1c-44ff-836b-2d26407ef91d\", \"encryption_required\": false}, {\"id\": \"317eb32a-a91f-4fc9-b1af-b73766f809e3\", \"key\": \"/APIServiceDetails/metadata/accessRights/canDelete\", \"type\": \"node\", \"order\": 22, \"title\": \"canDelete\", \"value\": {\"type\": \"boolean\"}, \"isLeaf\": true, \"editAllow\": true, \"extractXml\": false, \"childrenSet\": false, \"extractJson\": true, \"hasChildren\": false, \"dataElementType\": \"boolean\", \"componentConfigId\": \"5747fd76-8d1c-44ff-836b-2d26407ef91d\", \"encryption_required\": false}, {\"id\": \"87be05c4-2664-4008-9afb-ff5e638218b4\", \"key\": \"/APIServiceDetails/metadata/accessRights/canWrite\", \"type\": \"node\", \"order\": 23, \"title\": \"canWrite\", \"value\": {\"type\": \"boolean\"}, \"isLeaf\": true, \"editAllow\": true, \"extractXml\": false, \"childrenSet\": false, \"extractJson\": true, \"hasChildren\": false, \"dataElementType\": \"boolean\", \"componentConfigId\": \"5747fd76-8d1c-44ff-836b-2d26407ef91d\", \"encryption_required\": false}, {\"id\": \"ede5ba95-dc02-40a2-8325-d6e10cd9a46e\", \"key\": \"/APIServiceDetails/metadata/accessRights/canRead\", \"type\": \"node\", \"order\": 24, \"title\": \"canRead\", \"value\": {\"type\": \"boolean\"}, \"isLeaf\": true, \"editAllow\": true, \"extractXml\": false, \"childrenSet\": false, \"extractJson\": true, \"hasChildren\": false, \"dataElementType\": \"boolean\", \"componentConfigId\": \"5747fd76-8d1c-44ff-836b-2d26407ef91d\", \"encryption_required\": false}], \"editAllow\": true, \"extractXml\": false, \"childrenSet\": false, \"extractJson\": true, \"hasChildren\": false, \"dataElementType\": \"document\", \"componentConfigId\": \"5747fd76-8d1c-44ff-836b-2d26407ef91d\", \"encryption_required\": false}, {\"id\": \"5869a2b9-ca48-46f8-af1b-d2809de83301\", \"key\": \"/APIServiceDetails/metadata/resourceVersion\", \"type\": \"node\", \"order\": 25, \"title\": \"resourceVersion\", \"value\": {\"type\": \"string\"}, \"isLeaf\": true, \"editAllow\": true, \"extractXml\": false, \"childrenSet\": false, \"extractJson\": true, \"hasChildren\": false, \"dataElementType\": \"string\", \"componentConfigId\": \"5747fd76-8d1c-44ff-836b-2d26407ef91d\", \"encryption_required\": false}, {\"id\": \"cc3d0e87-6852-4e28-b5c1-51773d47ff8a\", \"key\": \"/APIServiceDetails/metadata/references[]\", \"type\": \"node\", \"order\": 26, \"title\": \"references\", \"value\": {\"type\": \"array\"}, \"isLeaf\": false, \"editAllow\": true, \"extractXml\": false, \"childrenSet\": false, \"extractJson\": true, \"hasChildren\": false, \"dataElementType\": \"objectArray\", \"componentConfigId\": \"5747fd76-8d1c-44ff-836b-2d26407ef91d\", \"encryption_required\": false}, {\"id\": \"3de27814-9a91-4064-9579-0c8c62fb8b19\", \"key\": \"/APIServiceDetails/metadata/selfLink\", \"type\": \"node\", \"order\": 27, \"title\": \"selfLink\", \"value\": {\"type\": \"string\"}, \"isLeaf\": true, \"editAllow\": true, \"extractXml\": false, \"childrenSet\": false, \"extractJson\": true, \"hasChildren\": false, \"dataElementType\": \"string\", \"componentConfigId\": \"5747fd76-8d1c-44ff-836b-2d26407ef91d\", \"encryption_required\": false}], \"editAllow\": true, \"extractXml\": false, \"childrenSet\": false, \"extractJson\": true, \"hasChildren\": false, \"dataElementType\": \"document\", \"componentConfigId\": \"5747fd76-8d1c-44ff-836b-2d26407ef91d\", \"encryption_required\": false}, {\"id\": \"04524e07-ed77-43db-94e5-0c413ed6bae0\", \"key\": \"/APIServiceDetails/attributes\", \"type\": \"node\", \"order\": 28, \"title\": \"attributes\", \"value\": {\"type\": \"object\"}, \"isLeaf\": false, \"children\": [{\"id\": \"2d8b7b54-4b5e-4b12-a784-10a391305bd0\", \"key\": \"/APIServiceDetails/attributes/APIProxyId\", \"type\": \"node\", \"order\": 29, \"title\": \"APIProxyId\", \"value\": {\"type\": \"string\"}, \"isLeaf\": true, \"editAllow\": true, \"extractXml\": false, \"childrenSet\": false, \"extractJson\": true, \"hasChildren\": false, \"dataElementType\": \"string\", \"componentConfigId\": \"5747fd76-8d1c-44ff-836b-2d26407ef91d\", \"encryption_required\": false}, {\"id\": \"c35b8b83-2d05-40b0-93bc-b753941d80c1\", \"key\": \"/APIServiceDetails/attributes/Tenant\", \"type\": \"node\", \"order\": 30, \"title\": \"Tenant\", \"value\": {\"type\": \"string\"}, \"isLeaf\": true, \"editAllow\": true, \"extractXml\": false, \"childrenSet\": false, \"extractJson\": true, \"hasChildren\": false, \"dataElementType\": \"string\", \"componentConfigId\": \"5747fd76-8d1c-44ff-836b-2d26407ef91d\", \"encryption_required\": false}, {\"id\": \"bdba5c7f-aab7-45f9-8b83-68bb0755f08f\", \"key\": \"/APIServiceDetails/attributes/ClusterId\", \"type\": \"node\", \"order\": 31, \"title\": \"ClusterId\", \"value\": {\"type\": \"string\"}, \"isLeaf\": true, \"editAllow\": true, \"extractXml\": false, \"childrenSet\": false, \"extractJson\": true, \"hasChildren\": false, \"dataElementType\": \"string\", \"componentConfigId\": \"5747fd76-8d1c-44ff-836b-2d26407ef91d\", \"encryption_required\": false}, {\"id\": \"c9bd9ec2-4045-4e02-aafe-3bf65ada5955\", \"key\": \"/APIServiceDetails/attributes/Mode\", \"type\": \"node\", \"order\": 32, \"title\": \"Mode\", \"value\": {\"type\": \"string\"}, \"isLeaf\": true, \"editAllow\": true, \"extractXml\": false, \"childrenSet\": false, \"extractJson\": true, \"hasChildren\": false, \"dataElementType\": \"string\", \"componentConfigId\": \"5747fd76-8d1c-44ff-836b-2d26407ef91d\", \"encryption_required\": false}], \"editAllow\": true, \"extractXml\": false, \"childrenSet\": false, \"extractJson\": true, \"hasChildren\": false, \"dataElementType\": \"document\", \"componentConfigId\": \"5747fd76-8d1c-44ff-836b-2d26407ef91d\", \"encryption_required\": false}, {\"id\": \"1d8f4f8d-5cac-438c-bfe4-ebc00168fd08\", \"key\": \"/APIServiceDetails/finalizers[]\", \"type\": \"node\", \"order\": 33, \"title\": \"finalizers\", \"value\": {\"type\": \"array\"}, \"isLeaf\": false, \"editAllow\": true, \"extractXml\": false, \"childrenSet\": false, \"extractJson\": true, \"hasChildren\": false, \"dataElementType\": \"objectArray\", \"componentConfigId\": \"5747fd76-8d1c-44ff-836b-2d26407ef91d\", \"encryption_required\": false}, {\"id\": \"36674353-d830-444f-bbf9-48e4163bf3a9\", \"key\": \"/APIServiceDetails/tags[]\", \"type\": \"node\", \"order\": 34, \"title\": \"tags\", \"value\": {\"type\": \"array\"}, \"isLeaf\": false, \"editAllow\": true, \"extractXml\": false, \"childrenSet\": false, \"extractJson\": true, \"hasChildren\": false, \"dataElementType\": \"objectArray\", \"componentConfigId\": \"5747fd76-8d1c-44ff-836b-2d26407ef91d\", \"encryption_required\": false}, {\"id\": \"4846dbb4-bc29-4e3e-82ba-c86805c98926\", \"key\": \"/APIServiceDetails/spec\", \"type\": \"node\", \"order\": 35, \"title\": \"spec\", \"value\": {\"type\": \"object\"}, \"isLeaf\": false, \"children\": [{\"id\": \"8a548ae5-6efd-424a-ac70-4300672e819a\", \"key\": \"/APIServiceDetails/spec/description\", \"type\": \"node\", \"order\": 36, \"title\": \"description\", \"value\": {\"type\": \"string\"}, \"isLeaf\": true, \"editAllow\": true, \"extractXml\": false, \"childrenSet\": false, \"extractJson\": true, \"hasChildren\": false, \"dataElementType\": \"string\", \"componentConfigId\": \"5747fd76-8d1c-44ff-836b-2d26407ef91d\", \"encryption_required\": false}], \"editAllow\": true, \"extractXml\": false, \"childrenSet\": false, \"extractJson\": true, \"hasChildren\": false, \"dataElementType\": \"document\", \"componentConfigId\": \"5747fd76-8d1c-44ff-836b-2d26407ef91d\", \"encryption_required\": false}, {\"id\": \"9861554a-efb3-4ae0-aad5-9890340c6fb4\", \"key\": \"/APIServiceDetails/details\", \"type\": \"node\", \"order\": 37, \"title\": \"details\", \"value\": {\"type\": \"object\"}, \"isLeaf\": false, \"children\": [{\"id\": \"e89f4e7d-4d67-48fc-a3c7-accf03ef5357\", \"key\": \"/APIServiceDetails/details/specType\", \"type\": \"node\", \"order\": 38, \"title\": \"specType\", \"value\": {\"type\": \"string\"}, \"isLeaf\": true, \"editAllow\": true, \"extractXml\": false, \"childrenSet\": false, \"extractJson\": true, \"hasChildren\": false, \"dataElementType\": \"string\", \"componentConfigId\": \"5747fd76-8d1c-44ff-836b-2d26407ef91d\", \"encryption_required\": false}], \"editAllow\": true, \"extractXml\": false, \"childrenSet\": false, \"extractJson\": true, \"hasChildren\": false, \"dataElementType\": \"document\", \"componentConfigId\": \"5747fd76-8d1c-44ff-836b-2d26407ef91d\", \"encryption_required\": false}], \"editAllow\": true, \"extractXml\": false, \"extractJson\": true, \"componentName\": \"\", \"dataElementType\": \"document\", \"componentConfigId\": \"5747fd76-8d1c-44ff-836b-2d26407ef91d\", \"componentConfigName\": \"HTTPS\"}]",
    "null" : false
  },
  "drop_variables" : {
    "type" : "jsonb",
    "value" : "[]",
    "null" : false
  },
  "plug_input_structure" : null,
  "plug_output_structure" : null,
  "config_plug_id" : null,
  "override_plug" : false,
  "config_java_service_id" : null,
  "service_tag" : "V26",
  "endpoint_tag" : "EMPTY",
  "config_service_tag" : "EMPTY",
  "config_imap_tag" : "EMPTY",
  "config_b2b_document_type_tag" : "EMPTY",
  "active" : false,
  "parent_component_config_service_tag" : "V26",
  "service_project_id" : "27edbc36-f404-4005-832a-6f6f32f16f6e",
  "service_project_tag" : "V26",
  "config_service_project_id" : null,
  "config_service_project_tag" : "EMPTY",
  "config_imap_project_id" : null,
  "config_imap_project_tag" : "EMPTY",
  "config_b2b_document_type_project_id" : null,
  "config_b2b_document_type_project_tag" : "EMPTY",
  "endpoint_project_id" : null,
  "endpoint_project_tag" : "EMPTY",
  "config_plug_tag" : "EMPTY",
  "config_plug_project_id" : null,
  "config_plug_project_tag" : "EMPTY",
  "config_java_service_tag" : "EMPTY",
  "config_java_service_project_id" : null,
  "config_java_service_project_tag" : "EMPTY",
  "disabled" : false,
  "config" : {
    "type" : "json",
    "value" : "{}",
    "null" : false
  },
  "config_b2b_document_type_project_mode_id" : "112c1cb8-4b9e-4d1a-a042-0bd031dc7d05",
  "config_imap_project_mode_id" : "112c1cb8-4b9e-4d1a-a042-0bd031dc7d05",
  "config_java_service_project_mode_id" : "112c1cb8-4b9e-4d1a-a042-0bd031dc7d05",
  "config_plug_project_mode_id" : "112c1cb8-4b9e-4d1a-a042-0bd031dc7d05",
  "config_service_project_mode_id" : "112c1cb8-4b9e-4d1a-a042-0bd031dc7d05",
  "endpoint_project_mode_id" : "112c1cb8-4b9e-4d1a-a042-0bd031dc7d05",
  "service_project_mode_id" : "112c1cb8-4b9e-4d1a-a042-0bd031dc7d05",
  "parent_component_config_service_project_mode_id" : "112c1cb8-4b9e-4d1a-a042-0bd031dc7d05",
  "is_audit" : true,
  "keys_with_order" : null
}