{
  "component_config_id" : "018f7619-5f12-4767-bc96-febfcf83531d",
  "endpoint_config_json" : {
    "type" : "jsonb",
    "value" : "{\"crossRef\": [], \"services\": [], \"multistep\": [], \"operations\": []}",
    "null" : false
  },
  "input_config_json" : {
    "type" : "jsonb",
    "value" : "{\"crossRef\": [], \"services\": [], \"multistep\": [], \"operations\": []}",
    "null" : false
  },
  "output_config_json" : {
    "type" : "jsonb",
    "value" : "{\"crossRef\": [], \"services\": [], \"multistep\": [], \"operations\": [{\"map\": {\"id\": \"a9338d46-db74-4fcc-9471-e6b422ecba5c\", \"root\": false, \"type\": \"setValue\", \"cached\": false, \"target\": \"/UpdateProductDocumentation-ServiceOutput/responseToolText\", \"mapNull\": false, \"disabled\": false, \"extractXml\": false, \"extractJson\": false, \"targetOrder\": 1.0, \"targetValue\": \"Documentation successfully updated for product %{/UpdateProductDocumentation-ServiceInput/productName}%. Product URL is: %{/GetAPICentralBaseURLOutput/amplifyAPICentralBaseURL}%/products/details/%{/UpdateProductDocumentation-ServiceInput/productName}%\", \"mapEmptyString\": false, \"targetJavaType\": \"java.lang.String\", \"variableSubstitution\": true}}]}",
    "null" : false
  },
  "component_id" : "8ac5fe03-27a2-4e6a-a449-6a8893818223",
  "service_id" : "98dd99ca-9b24-4f83-ae8e-96c2c199c011",
  "endpoint_id" : null,
  "parent_component_config_id" : null,
  "component_config_order" : 7.59765625,
  "action_id" : "06843b78-eab0-45da-afab-8c8277d7553f",
  "name" : "Set success output",
  "description" : "",
  "override_endpoint" : false,
  "input_structure_json" : {
    "type" : "jsonb",
    "value" : "{\"maps\": [], \"mappedNodes\": [\"/UpdateProductDocumentation-ServiceOutput/responseToolTextpipeOut\", \"/UpdateProductDocumentation-ServiceOutputpipeOut\", \"/UpdateProductDocumentation-ServiceOutputpipeOut\", \"/UpdateProductDocumentation-ServiceOutput/responseToolTextpipeOut\", \"/UpdateProductDocumentation-ServiceOutputpipeOut\", \"/UpdateProductDocumentation-ServiceOutputpipeOut\", \"/UpdateProductDocumentation-ServiceOutput/responseToolTextpipeOut\", \"/UpdateProductDocumentation-ServiceOutputpipeOut\"]}",
    "null" : false
  },
  "output_structure_json" : {
    "type" : "jsonb",
    "value" : "{\"maps\": [{\"/UpdateProductDocumentation-ServiceOutput/responseToolText\": [{\"type\": \"setValue\", \"order\": 1, \"target\": {\"path\": \"/UpdateProductDocumentation-ServiceOutput/responseToolText\", \"order\": 1, \"title\": \"responseToolText\", \"dataElementType\": \"string\"}, \"values\": [{\"id\": \"f03701bb-a900-4ff3-a52a-7affc563e7b6\", \"key\": \"/UpdateProductDocumentation-ServiceOutput/responseToolText\", \"type\": \"node\", \"order\": 1, \"title\": \"responseToolText\", \"children\": [], \"setValue\": null, \"editAllow\": true, \"uiElement\": \"Documentation successfully updated for product <input _ngcontent-ng-c393407261=\\\"\\\" class=\\\"chip\\\" title=\\\"/UpdateProductDocumentation-ServiceInput/productName\\\" readonly=\\\"true\\\" disabled=\\\"true\\\" type=\\\"button\\\" value=\\\"productName\\\">. Product URL is: <input _ngcontent-ng-c393407261=\\\"\\\" class=\\\"chip\\\" title=\\\"/GetAPICentralBaseURLOutput/amplifyAPICentralBaseURL\\\" readonly=\\\"true\\\" disabled=\\\"true\\\" type=\\\"button\\\" value=\\\"amplifyAPICentralBaseURL\\\">/products/details/<input _ngcontent-ng-c393407261=\\\"\\\" class=\\\"chip\\\" title=\\\"/UpdateProductDocumentation-ServiceInput/productName\\\" readonly=\\\"true\\\" disabled=\\\"true\\\" type=\\\"button\\\" value=\\\"productName\\\">\", \"isSetValue\": false, \"childrenSet\": false, \"hasChildren\": false, \"dataElementType\": \"string\", \"encryption_required\": false}], \"mapCondition\": {\"isConditionSet\": false, \"sourceTreeIndex\": [], \"targetTreeIndex\": [], \"mapConditionFormValue\": {}}, \"dataElementType\": \"string\", \"variableSubstitution\": true, \"overwritePipelineValue\": false}]}], \"tracks\": {}, \"transformer\": []}",
    "null" : false
  },
  "endpoint_structure_json" : {
    "type" : "jsonb",
    "value" : "{\"maps\": []}",
    "null" : false
  },
  "is_error" : false,
  "no_of_errors" : 0,
  "action_input_type" : null,
  "config_service_id" : null,
  "config_imap_id" : null,
  "config_b2b_document_type_id" : null,
  "config_document_id" : null,
  "add_variables" : {
    "type" : "jsonb",
    "value" : "[]",
    "null" : false
  },
  "drop_variables" : {
    "type" : "jsonb",
    "value" : "[]",
    "null" : false
  },
  "plug_input_structure" : null,
  "plug_output_structure" : null,
  "config_plug_id" : null,
  "override_plug" : false,
  "config_java_service_id" : null,
  "service_tag" : "V26",
  "endpoint_tag" : null,
  "config_service_tag" : "",
  "config_imap_tag" : "",
  "config_b2b_document_type_tag" : "",
  "active" : false,
  "parent_component_config_service_tag" : "V26",
  "service_project_id" : "27edbc36-f404-4005-832a-6f6f32f16f6e",
  "service_project_tag" : "V26",
  "config_service_project_id" : null,
  "config_service_project_tag" : "",
  "config_imap_project_id" : null,
  "config_imap_project_tag" : "",
  "config_b2b_document_type_project_id" : null,
  "config_b2b_document_type_project_tag" : "",
  "endpoint_project_id" : null,
  "endpoint_project_tag" : null,
  "config_plug_tag" : null,
  "config_plug_project_id" : null,
  "config_plug_project_tag" : null,
  "config_java_service_tag" : "",
  "config_java_service_project_id" : null,
  "config_java_service_project_tag" : "",
  "disabled" : false,
  "config" : null,
  "config_b2b_document_type_project_mode_id" : "112c1cb8-4b9e-4d1a-a042-0bd031dc7d05",
  "config_imap_project_mode_id" : "112c1cb8-4b9e-4d1a-a042-0bd031dc7d05",
  "config_java_service_project_mode_id" : "112c1cb8-4b9e-4d1a-a042-0bd031dc7d05",
  "config_plug_project_mode_id" : "112c1cb8-4b9e-4d1a-a042-0bd031dc7d05",
  "config_service_project_mode_id" : "112c1cb8-4b9e-4d1a-a042-0bd031dc7d05",
  "endpoint_project_mode_id" : "112c1cb8-4b9e-4d1a-a042-0bd031dc7d05",
  "service_project_mode_id" : "112c1cb8-4b9e-4d1a-a042-0bd031dc7d05",
  "parent_component_config_service_project_mode_id" : "112c1cb8-4b9e-4d1a-a042-0bd031dc7d05",
  "is_audit" : true,
  "keys_with_order" : null
}