{
  "component_config_id" : "05d2ed15-e775-4006-b8e9-63217dcbb5ff",
  "endpoint_config_json" : {
    "type" : "jsonb",
    "value" : "{\"crossRef\": [], \"services\": [], \"multistep\": [], \"operations\": []}",
    "null" : false
  },
  "input_config_json" : {
    "type" : "jsonb",
    "value" : "{\"crossRef\": [], \"services\": [], \"multistep\": [], \"operations\": []}",
    "null" : false
  },
  "output_config_json" : {
    "type" : "jsonb",
    "value" : "{\"crossRef\": [], \"services\": [], \"multistep\": [], \"operations\": [{\"map\": {\"id\": \"b0688c41-f89d-43f6-8c4f-b94d69ad9409\", \"root\": false, \"type\": \"setValue\", \"cached\": false, \"target\": \"/WhatCanFusionAmplifyMCPServerDo-ServiceOutput/responseToolType\", \"mapNull\": false, \"disabled\": false, \"extractXml\": false, \"extractJson\": false, \"targetOrder\": 1.0, \"targetValue\": \"TextContent\", \"mapEmptyString\": false, \"targetJavaType\": \"java.lang.String\", \"variableSubstitution\": false}}, {\"map\": {\"id\": \"279c6666-50ab-41f3-b2a7-cd938646422e\", \"root\": false, \"type\": \"setValue\", \"cached\": false, \"target\": \"/WhatCanFusionAmplifyMCPServerDo-ServiceOutput/responseToolText\", \"mapNull\": false, \"disabled\": false, \"extractXml\": false, \"extractJson\": false, \"targetOrder\": 1.0, \"targetValue\": \"An MCP Server implemented in Amplify Fusion for interacting with Amplify Central and Engage\\n\\nSupported use cases include:\\n* Get MCP Server capabilities\\n* Get Amplify Overview metrics\\n* List/Approve pending Amplify Marketplace product subscription request\\n* List/Approve pending Amplify Marketplace application registration request\\n* Retrieve API Metrics for analysis\\n* List Marketplace products\\n* Create/Update Marketplace product documentation\\n* Create/Update Marketplace product icon\\n* Release Marketplace products\\n\\n## Current MCP Server Tools\\n\\n* **WhatCanFusionAmplifyMCPServerDo** - What can Fusion Amplify MCP Server do. What capabilities and features does this MCP have\\n* **GetAmplifyOverviewMetrics** - Get Amplify overview metrics such as number of environments, products, platform users, platform teams, marketplaces, etc...\\n\\n* **GetAmplifyMarketplacePendingProductSubscriptions** - Get Amplify marketplace pending subscription requests\\n* **UpdateAmplifyMarketplacePendingProductSubscription** - Updated Amplify marketplace pending subscription request to approved or rejected\\n\\n* **GetAmplifyMarketplacePendingApplicationRegistrations** - Get Amplify marketplace pending application registration requests\\n* **UpdateAmplifyMarketplacePendingApplicationRegistration** - Updated Amplify marketplace pending application registration request to approved or rejected\\n\\n* **GetAmplifyAPIMetrics**\\t- Get Engage Business Insights (API Metrics) by duration\\n\\n* **GetAmplifyMarketplaceProducts** - Get a list of your marketplace products\\n* **GetAmplifyMarketplaceProductDetails** - Get Amplify Marketplace product details by product name. Used by UpdateAmplifyMarketplaceProductDocumentation to create documentation\\n* **UpdateAmplifyMarketplaceProductDocumentation** - Update product documentation. Use product name and markdown contents to update the product\\n* **UpdateAmplifyMarketplaceProductIcon** - Update product icon. Uses OpenAI API image generation which requires OpenAI API organization validation\\n* **ActivateAmplifyMarketplaceProduct** - Activate an amplify marketplace product based on product name and release type\", \"mapEmptyString\": false, \"targetJavaType\": \"java.lang.String\", \"variableSubstitution\": false}}]}",
    "null" : false
  },
  "component_id" : "8ac5fe03-27a2-4e6a-a449-6a8893818223",
  "service_id" : "e8a92737-8e79-4835-8436-f87ff8a3ce8e",
  "endpoint_id" : null,
  "parent_component_config_id" : null,
  "component_config_order" : 1.0,
  "action_id" : "06843b78-eab0-45da-afab-8c8277d7553f",
  "name" : "Set output",
  "description" : "",
  "override_endpoint" : false,
  "input_structure_json" : {
    "type" : "jsonb",
    "value" : "{\"maps\": [], \"mappedNodes\": [\"/WhatCanFusionAmplifyMCPServerDo-ServiceOutput/responseToolTypepipeOut\", \"/WhatCanFusionAmplifyMCPServerDo-ServiceOutputpipeOut\", \"/WhatCanFusionAmplifyMCPServerDo-ServiceOutput/responseToolTextpipeOut\", \"/WhatCanFusionAmplifyMCPServerDo-ServiceOutputpipeOut\", \"/WhatCanFusionAmplifyMCPServerDo-ServiceOutputpipeOut\", \"/WhatCanFusionAmplifyMCPServerDo-ServiceOutputpipeOut\", \"/WhatCanFusionAmplifyMCPServerDo-ServiceOutput/responseToolTextpipeOut\", \"/WhatCanFusionAmplifyMCPServerDo-ServiceOutputpipeOut\", \"/WhatCanFusionAmplifyMCPServerDo-ServiceOutputpipeOut\", \"/WhatCanFusionAmplifyMCPServerDo-ServiceOutputpipeOut\", \"/WhatCanFusionAmplifyMCPServerDo-ServiceOutput/responseToolTextpipeOut\", \"/WhatCanFusionAmplifyMCPServerDo-ServiceOutputpipeOut\", \"/WhatCanFusionAmplifyMCPServerDo-ServiceOutputpipeOut\", \"/WhatCanFusionAmplifyMCPServerDo-ServiceOutputpipeOut\", \"/WhatCanFusionAmplifyMCPServerDo-ServiceOutput/responseToolTextpipeOut\", \"/WhatCanFusionAmplifyMCPServerDo-ServiceOutputpipeOut\", \"/WhatCanFusionAmplifyMCPServerDo-ServiceOutputpipeOut\", \"/WhatCanFusionAmplifyMCPServerDo-ServiceOutputpipeOut\", \"/WhatCanFusionAmplifyMCPServerDo-ServiceOutput/responseToolTextpipeOut\", \"/WhatCanFusionAmplifyMCPServerDo-ServiceOutputpipeOut\"]}",
    "null" : false
  },
  "output_structure_json" : {
    "type" : "jsonb",
    "value" : "{\"maps\": [{\"/WhatCanFusionAmplifyMCPServerDo-ServiceOutput/responseToolType\": [{\"type\": \"setValue\", \"order\": 1, \"target\": {\"path\": \"/WhatCanFusionAmplifyMCPServerDo-ServiceOutput/responseToolType\", \"order\": 1, \"title\": \"responseToolType\", \"dataElementType\": \"string\"}, \"values\": [{\"id\": \"e358e14a-d8d8-43e2-92de-a3201ed9f26a\", \"key\": \"/WhatCanFusionAmplifyMCPServerDo-ServiceOutput/responseToolType\", \"type\": \"node\", \"order\": 1, \"title\": \"responseToolType\", \"children\": [], \"setValue\": null, \"editAllow\": true, \"uiElement\": \"TextContent\", \"isSetValue\": false, \"childrenSet\": false, \"hasChildren\": false, \"dataElementType\": \"string\", \"encryption_required\": false}], \"mapCondition\": {\"isConditionSet\": false, \"sourceTreeIndex\": [], \"targetTreeIndex\": [], \"mapConditionFormValue\": {}}, \"dataElementType\": \"string\", \"variableSubstitution\": false, \"overwritePipelineValue\": false}]}, {\"/WhatCanFusionAmplifyMCPServerDo-ServiceOutput/responseToolText\": [{\"type\": \"setValue\", \"order\": 1, \"target\": {\"path\": \"/WhatCanFusionAmplifyMCPServerDo-ServiceOutput/responseToolText\", \"order\": 1, \"title\": \"responseToolText\", \"dataElementType\": \"string\"}, \"values\": [{\"id\": \"5df45f81-ae1a-4435-b1ce-84af799b3efe\", \"key\": \"/WhatCanFusionAmplifyMCPServerDo-ServiceOutput/responseToolText\", \"type\": \"node\", \"order\": 1, \"title\": \"responseToolText\", \"children\": [], \"setValue\": null, \"editAllow\": true, \"uiElement\": \"An MCP Server implemented in Amplify Fusion for interacting with Amplify Central and Engage\\n\\nSupported use cases include:<br>* Get MCP Server capabilities<br>* Get Amplify Overview metrics\\n* List/Approve pending Amplify Marketplace product subscription request\\n* List/Approve pending Amplify Marketplace application registration request\\n* Retrieve API Metrics for analysis\\n* List Marketplace products\\n* Create/Update Marketplace product documentation\\n* Create/Update Marketplace product icon<br>* Release Marketplace products\\n\\n## Current MCP Server Tools<br><br>* **WhatCanFusionAmplifyMCPServerDo** - What can Fusion Amplify MCP Server do. What capabilities and features does this MCP have\\n* **GetAmplifyOverviewMetrics** - Get Amplify overview metrics such as number of environments, products, platform users, platform teams, marketplaces, etc...\\n\\n* **GetAmplifyMarketplacePendingProductSubscriptions** - Get Amplify marketplace pending subscription requests\\n* **UpdateAmplifyMarketplacePendingProductSubscription** - Updated Amplify marketplace pending subscription request to approved or rejected\\n\\n* **GetAmplifyMarketplacePendingApplicationRegistrations** - Get Amplify marketplace pending application registration requests\\n* **UpdateAmplifyMarketplacePendingApplicationRegistration** - Updated Amplify marketplace pending application registration request to approved or rejected\\n\\n* **GetAmplifyAPIMetrics**\\t- Get Engage Business Insights (API Metrics) by duration\\n\\n* **GetAmplifyMarketplaceProducts** - Get a list of your marketplace products\\n* **GetAmplifyMarketplaceProductDetails** - Get Amplify Marketplace product details by product name. Used by UpdateAmplifyMarketplaceProductDocumentation to create documentation\\n* **UpdateAmplifyMarketplaceProductDocumentation** - Update product documentation. Use product name and markdown contents to update the product\\n* **UpdateAmplifyMarketplaceProductIcon** - Update product icon. Uses OpenAI API image generation which requires OpenAI API organization validation\\n* **ActivateAmplifyMarketplaceProduct** - Activate an amplify marketplace product based on product name and release type\", \"isSetValue\": false, \"childrenSet\": false, \"hasChildren\": false, \"dataElementType\": \"string\", \"encryption_required\": false}], \"mapCondition\": {\"isConditionSet\": false, \"sourceTreeIndex\": [], \"targetTreeIndex\": [], \"mapConditionFormValue\": {}}, \"dataElementType\": \"string\", \"variableSubstitution\": false, \"overwritePipelineValue\": false}]}], \"tracks\": {}, \"transformer\": []}",
    "null" : false
  },
  "endpoint_structure_json" : {
    "type" : "jsonb",
    "value" : "{\"maps\": []}",
    "null" : false
  },
  "is_error" : false,
  "no_of_errors" : 0,
  "action_input_type" : null,
  "config_service_id" : null,
  "config_imap_id" : null,
  "config_b2b_document_type_id" : null,
  "config_document_id" : null,
  "add_variables" : {
    "type" : "jsonb",
    "value" : "[]",
    "null" : false
  },
  "drop_variables" : {
    "type" : "jsonb",
    "value" : "[]",
    "null" : false
  },
  "plug_input_structure" : null,
  "plug_output_structure" : null,
  "config_plug_id" : null,
  "override_plug" : false,
  "config_java_service_id" : null,
  "service_tag" : "V26",
  "endpoint_tag" : null,
  "config_service_tag" : "",
  "config_imap_tag" : "",
  "config_b2b_document_type_tag" : "",
  "active" : false,
  "parent_component_config_service_tag" : "V26",
  "service_project_id" : "27edbc36-f404-4005-832a-6f6f32f16f6e",
  "service_project_tag" : "V26",
  "config_service_project_id" : null,
  "config_service_project_tag" : "",
  "config_imap_project_id" : null,
  "config_imap_project_tag" : "",
  "config_b2b_document_type_project_id" : null,
  "config_b2b_document_type_project_tag" : "",
  "endpoint_project_id" : null,
  "endpoint_project_tag" : null,
  "config_plug_tag" : null,
  "config_plug_project_id" : null,
  "config_plug_project_tag" : null,
  "config_java_service_tag" : "",
  "config_java_service_project_id" : null,
  "config_java_service_project_tag" : "",
  "disabled" : false,
  "config" : null,
  "config_b2b_document_type_project_mode_id" : "112c1cb8-4b9e-4d1a-a042-0bd031dc7d05",
  "config_imap_project_mode_id" : "112c1cb8-4b9e-4d1a-a042-0bd031dc7d05",
  "config_java_service_project_mode_id" : "112c1cb8-4b9e-4d1a-a042-0bd031dc7d05",
  "config_plug_project_mode_id" : "112c1cb8-4b9e-4d1a-a042-0bd031dc7d05",
  "config_service_project_mode_id" : "112c1cb8-4b9e-4d1a-a042-0bd031dc7d05",
  "endpoint_project_mode_id" : "112c1cb8-4b9e-4d1a-a042-0bd031dc7d05",
  "service_project_mode_id" : "112c1cb8-4b9e-4d1a-a042-0bd031dc7d05",
  "parent_component_config_service_project_mode_id" : "112c1cb8-4b9e-4d1a-a042-0bd031dc7d05",
  "is_audit" : true,
  "keys_with_order" : null
}