{
  "component_config_id" : "2778c102-5344-4680-8cb3-ed73d49fdea1",
  "endpoint_config_json" : {
    "type" : "jsonb",
    "value" : "{\"crossRef\": [], \"services\": [], \"multistep\": [], \"operations\": []}",
    "null" : false
  },
  "input_config_json" : {
    "type" : "jsonb",
    "value" : "{\"crossRef\": [], \"services\": [], \"multistep\": [], \"operations\": []}",
    "null" : false
  },
  "output_config_json" : {
    "type" : "jsonb",
    "value" : "{\"crossRef\": [], \"services\": [], \"multistep\": [], \"operations\": [{\"transformer\": {\"id\": \"b825f910-1304-4f39-a1d1-79e0c783f7dd\", \"name\": \"DATETIME_ADD_MONTHS\", \"type\": \"DateTime\", \"query\": null, \"inputs\": [{\"id\": \"10ea5024-c249-4dd0-84d1-00e4a86cfb6a\", \"root\": false, \"type\": \"map\", \"cached\": false, \"source\": \"/DtNow\", \"target\": \"/DATETIME_ADD_MONTHS_INPUT/sourceDate\", \"mapNull\": false, \"disabled\": false, \"extractXml\": false, \"extractJson\": false, \"mapEmptyString\": false, \"sourceJavaType\": \"java.lang.String\", \"targetJavaType\": \"java.lang.String\"}, {\"id\": \"492ddbdc-baca-4601-afa5-a6b91e1be815\", \"root\": false, \"type\": \"setValue\", \"cached\": false, \"target\": \"/DATETIME_ADD_MONTHS_INPUT/addMonths\", \"mapNull\": false, \"disabled\": false, \"extractXml\": false, \"extractJson\": false, \"targetValue\": \"-12\", \"mapEmptyString\": false, \"targetJavaType\": \"java.lang.Float\", \"variableSubstitution\": false}, {\"id\": \"d42543ee-ad57-4601-be89-693cb765214f\", \"root\": false, \"type\": \"setValue\", \"cached\": false, \"target\": \"/DATETIME_ADD_MONTHS_INPUT/format\", \"mapNull\": false, \"disabled\": false, \"extractXml\": false, \"extractJson\": false, \"targetValue\": \"yyyy-MM-dd HH:mm:ss SSS\", \"mapEmptyString\": false, \"targetJavaType\": \"java.lang.String\", \"variableSubstitution\": false}], \"outputs\": [{\"id\": \"74830539-929e-4158-ab6e-2c71c617c109\", \"root\": false, \"type\": \"map\", \"cached\": false, \"source\": \"/DATETIME_ADD_MONTHS_OUTPUT/output\", \"target\": \"/DtThen\", \"mapNull\": false, \"disabled\": false, \"extractXml\": false, \"extractJson\": false, \"targetOrder\": 1.0, \"mapEmptyString\": false, \"sourceJavaType\": \"java.lang.String\", \"targetJavaType\": \"java.lang.String\"}], \"tableId\": null, \"configId\": null, \"disabled\": false, \"serviceId\": null, \"expression\": null}}]}",
    "null" : false
  },
  "component_id" : "8ac5fe03-27a2-4e6a-a449-6a8893818223",
  "service_id" : "21aabb05-11fe-4fec-ac58-02788fd4f0ad",
  "endpoint_id" : null,
  "parent_component_config_id" : "e0f188f4-813d-4839-831b-b4cb2abab690",
  "component_config_order" : 2.984375,
  "action_id" : "06843b78-eab0-45da-afab-8c8277d7553f",
  "name" : "Set from time (12m)",
  "description" : "",
  "override_endpoint" : false,
  "input_structure_json" : {
    "type" : "jsonb",
    "value" : "{\"maps\": [], \"mappedNodes\": [\"/DATETIME_ADD_MONTHS_INPUT/addMonths\", \"/DATETIME_ADD_MONTHS_INPUT\", \"/DATETIME_ADD_MONTHS_INPUT/format\", \"/DATETIME_ADD_MONTHS_INPUT\", \"/DtNow pipeIn\", \"/DATETIME_ADD_MONTHS_INPUT/sourceDate0\", \"/DATETIME_ADD_MONTHS_OUTPUT/output0\", \"/DtThenpipeOut\"]}",
    "null" : false
  },
  "output_structure_json" : {
    "type" : "jsonb",
    "value" : "{\"maps\": [], \"tracks\": {}, \"transformer\": [{\"inputs\": {\"/DATETIME_ADD_MONTHS_INPUT/format\": [{\"type\": \"setValue\", \"target\": {\"path\": \"/DATETIME_ADD_MONTHS_INPUT/format\", \"order\": \"\", \"title\": \"format\", \"dataElementType\": \"string\"}, \"values\": [{\"id\": \"3062f9ea-eef7-4e3e-b6ee-d49078ddafc4\", \"key\": \"/DATETIME_ADD_MONTHS_INPUT/format\", \"type\": \"string\", \"title\": \"format\", \"isLeaf\": true, \"secret\": false, \"children\": [], \"setValue\": null, \"uiElement\": \"yyyy-MM-dd HH:mm:ss SSS\", \"isSetValue\": false, \"dataElementType\": \"string\"}], \"mapCondition\": {\"isConditionSet\": false, \"sourceTreeIndex\": [], \"targetTreeIndex\": [], \"mapConditionFormValue\": {}}, \"variableSubstitution\": false, \"overwritePipelineValue\": false}], \"/DATETIME_ADD_MONTHS_INPUT/addMonths\": [{\"type\": \"setValue\", \"target\": {\"path\": \"/DATETIME_ADD_MONTHS_INPUT/addMonths\", \"order\": \"\", \"title\": \"addMonths\", \"dataElementType\": \"number\"}, \"values\": [{\"id\": \"15b231c9-aeca-4653-b8ed-4d0aa1d6ba03\", \"key\": \"/DATETIME_ADD_MONTHS_INPUT/addMonths\", \"type\": \"number\", \"title\": \"addMonths\", \"isLeaf\": true, \"secret\": false, \"children\": [], \"setValue\": null, \"uiElement\": \"-12\", \"isSetValue\": false, \"dataElementType\": \"number\"}], \"mapCondition\": {\"isConditionSet\": false, \"sourceTreeIndex\": [], \"targetTreeIndex\": [], \"mapConditionFormValue\": {}}, \"variableSubstitution\": false, \"overwritePipelineValue\": false}], \"/DATETIME_ADD_MONTHS_INPUT/sourceDate\": [{\"type\": \"map\", \"source\": {\"path\": \"/DtNow\", \"title\": \"DtNow\", \"dataElementType\": \"string\"}, \"target\": {\"path\": \"/DATETIME_ADD_MONTHS_INPUT/sourceDate\", \"title\": \"sourceDate\", \"dataElementType\": \"string\"}, \"mapCondition\": {\"isConditionSet\": false, \"sourceTreeIndex\": [], \"targetTreeIndex\": [], \"mapConditionFormValue\": {}}}]}, \"outputs\": {\"/DtThen\": [{\"type\": \"map\", \"source\": {\"path\": \"/DATETIME_ADD_MONTHS_OUTPUT/output\", \"title\": \"output\", \"dataElementType\": \"string\"}, \"target\": {\"path\": \"/DtThen\", \"order\": 1, \"title\": \"DtThen\", \"dataElementType\": \"string\"}, \"mapCondition\": {\"isConditionSet\": false, \"sourceTreeIndex\": [], \"targetTreeIndex\": [], \"mapConditionFormValue\": {}}}]}, \"functionInfo\": {\"id\": \"c7cbdfac-9cf2-4678-b3c5-615c2ed2510d\", \"name\": \"AddMonths\", \"category\": {\"id\": \"da0984d0-ef2d-4ac1-b61c-b9b378d7ddf9\"}, \"internalName\": \"DATETIME_ADD_MONTHS\"}}]}",
    "null" : false
  },
  "endpoint_structure_json" : {
    "type" : "jsonb",
    "value" : "{\"maps\": []}",
    "null" : false
  },
  "is_error" : false,
  "no_of_errors" : 0,
  "action_input_type" : null,
  "config_service_id" : null,
  "config_imap_id" : null,
  "config_b2b_document_type_id" : null,
  "config_document_id" : null,
  "add_variables" : {
    "type" : "jsonb",
    "value" : "[]",
    "null" : false
  },
  "drop_variables" : {
    "type" : "jsonb",
    "value" : "[]",
    "null" : false
  },
  "plug_input_structure" : null,
  "plug_output_structure" : null,
  "config_plug_id" : null,
  "override_plug" : false,
  "config_java_service_id" : null,
  "service_tag" : "V26",
  "endpoint_tag" : null,
  "config_service_tag" : "",
  "config_imap_tag" : "",
  "config_b2b_document_type_tag" : "",
  "active" : false,
  "parent_component_config_service_tag" : "V26",
  "service_project_id" : "27edbc36-f404-4005-832a-6f6f32f16f6e",
  "service_project_tag" : "V26",
  "config_service_project_id" : null,
  "config_service_project_tag" : "",
  "config_imap_project_id" : null,
  "config_imap_project_tag" : "",
  "config_b2b_document_type_project_id" : null,
  "config_b2b_document_type_project_tag" : "",
  "endpoint_project_id" : null,
  "endpoint_project_tag" : null,
  "config_plug_tag" : null,
  "config_plug_project_id" : null,
  "config_plug_project_tag" : null,
  "config_java_service_tag" : "",
  "config_java_service_project_id" : null,
  "config_java_service_project_tag" : "",
  "disabled" : false,
  "config" : null,
  "config_b2b_document_type_project_mode_id" : "112c1cb8-4b9e-4d1a-a042-0bd031dc7d05",
  "config_imap_project_mode_id" : "112c1cb8-4b9e-4d1a-a042-0bd031dc7d05",
  "config_java_service_project_mode_id" : "112c1cb8-4b9e-4d1a-a042-0bd031dc7d05",
  "config_plug_project_mode_id" : "112c1cb8-4b9e-4d1a-a042-0bd031dc7d05",
  "config_service_project_mode_id" : "112c1cb8-4b9e-4d1a-a042-0bd031dc7d05",
  "endpoint_project_mode_id" : "112c1cb8-4b9e-4d1a-a042-0bd031dc7d05",
  "service_project_mode_id" : "112c1cb8-4b9e-4d1a-a042-0bd031dc7d05",
  "parent_component_config_service_project_mode_id" : "112c1cb8-4b9e-4d1a-a042-0bd031dc7d05",
  "is_audit" : true,
  "keys_with_order" : null
}