{
  "id" : "72164053-32c6-4992-ba68-f4008baecbea",
  "name" : "GetAmplifyMarketplacePendingAssetRequestsIntegration-Service",
  "description" : "",
  "iserror" : false,
  "no_of_errors" : 0,
  "service_input" : {
    "type" : "jsonb",
    "value" : "[{\"id\": \"c254912a-101c-4745-b257-65b0b7fb3775\", \"key\": \"/GetAmplifyMarketplacePendingAssetRequestsIntegration-ServiceInput\", \"type\": \"object\", \"order\": 1.0, \"title\": \"GetAmplifyMarketplacePendingAssetRequestsIntegration-ServiceInput\", \"value\": {\"type\": \"object\"}, \"isLeaf\": false, \"children\": [], \"childrenSet\": false, \"hasChildren\": false, \"dataElementType\": \"document\", \"encryption_required\": false}]",
    "null" : false
  },
  "service_output" : {
    "type" : "jsonb",
    "value" : "[{\"id\": \"66840be3-3358-41bd-babb-781b09694ac5\", \"key\": \"/GetAmplifyMarketplacePendingAssetRequestsIntegration-ServiceOutput\", \"type\": \"object\", \"order\": 1.0, \"title\": \"GetAmplifyMarketplacePendingAssetRequestsIntegration-ServiceOutput\", \"value\": {\"type\": \"object\"}, \"isLeaf\": false, \"children\": [{\"id\": \"e5d5df73-1ace-469a-a093-3a585b315503\", \"key\": \"/GetAmplifyMarketplacePendingAssetRequestsIntegration-ServiceOutput/toolResponseType\", \"type\": \"node\", \"order\": 1.0, \"title\": \"toolResponseType\", \"value\": {\"type\": \"string\"}, \"children\": [], \"editAllow\": true, \"childrenSet\": false, \"hasChildren\": false, \"dataElementType\": \"string\", \"encryption_required\": false}, {\"id\": \"e7584d89-aef3-479e-8d32-4bc9cd648f00\", \"key\": \"/GetAmplifyMarketplacePendingAssetRequestsIntegration-ServiceOutput/toolResponseText\", \"type\": \"node\", \"order\": 1.0, \"title\": \"toolResponseText\", \"value\": {\"type\": \"string\"}, \"children\": [], \"editAllow\": true, \"childrenSet\": false, \"hasChildren\": false, \"dataElementType\": \"string\", \"encryption_required\": false}], \"childrenSet\": false, \"hasChildren\": false, \"dataElementType\": \"document\", \"encryption_required\": false}]",
    "null" : false
  },
  "service_input_json_schema" : {
    "type" : "jsonb",
    "value" : "{\"required\": [], \"properties\": {\"GetAmplifyMarketplacePendingAssetRequestsIntegration-ServiceInput\": {\"type\": \"object\", \"required\": []}}, \"additionalProperties\": false}",
    "null" : false
  },
  "service_output_json_schema" : {
    "type" : "jsonb",
    "value" : "{\"required\": [], \"properties\": {\"GetAmplifyMarketplacePendingAssetRequestsIntegration-ServiceOutput\": {\"type\": \"object\", \"required\": [], \"properties\": {\"toolResponseText\": {\"type\": \"string\"}, \"toolResponseType\": {\"type\": \"string\"}}, \"additionalProperties\": false}}, \"additionalProperties\": false}",
    "null" : false
  },
  "type" : "SERVICE",
  "error_handler" : false,
  "tag" : "V13",
  "active" : false,
  "is_changed" : false,
  "comment" : "Added WhatCanFusionAmplifyMCPServerDo tool",
  "base_tag" : "V12",
  "test_input" : {
    "type" : "jsonb",
    "value" : "{}",
    "null" : false
  },
  "test_input_structure" : {
    "type" : "jsonb",
    "value" : "[{\"id\": \"c254912a-101c-4745-b257-65b0b7fb3775\", \"key\": \"/GetAmplifyMarketplacePendingAssetRequestsIntegration-ServiceInput\", \"type\": \"object\", \"order\": 1, \"title\": \"GetAmplifyMarketplacePendingAssetRequestsIntegration-ServiceInput\", \"value\": {\"type\": \"object\"}, \"isLeaf\": false, \"children\": [], \"childrenSet\": false, \"hasChildren\": false, \"dataElementType\": \"document\", \"encryption_required\": false}]",
    "null" : false
  }
}