{
  "id" : "5d700bf2-2918-418c-b9a8-696981b173d8",
  "name" : "GetMarketplaceProducts",
  "description" : null,
  "iserror" : false,
  "no_of_errors" : 0,
  "service_input" : null,
  "service_output" : null,
  "service_input_json_schema" : null,
  "service_output_json_schema" : null,
  "type" : "EVENTDRIVEN",
  "error_handler" : false,
  "tag" : "V13",
  "active" : false,
  "is_changed" : false,
  "comment" : "Added WhatCanFusionAmplifyMCPServerDo tool",
  "base_tag" : "V12",
  "test_input" : {
    "type" : "jsonb",
    "value" : "[]",
    "null" : false
  },
  "test_input_structure" : {
    "type" : "jsonb",
    "value" : "[]",
    "null" : false
  }
}