{
  "document_type_id" : "7012ba69-5af3-412e-82f6-010f6179d030",
  "name" : "APIServiceResult",
  "description" : "",
  "version" : null,
  "business_document_type_id" : null,
  "document_format_id" : "edc154a0-55fc-11e9-8647-d663bd873d93",
  "root_tag" : null,
  "structure" : {
    "type" : "jsonb",
    "value" : "[{\"key\": \"/JsonArray[]\", \"type\": \"array\", \"order\": 1.0, \"title\": \"JsonArray\", \"value\": {\"type\": \"array\", \"requiredFlag\": false}, \"isLeaf\": false, \"children\": [{\"key\": \"/JsonArray[]/title\", \"type\": \"string\", \"order\": 2.0, \"title\": \"title\", \"value\": {\"type\": \"string\", \"requiredFlag\": false}, \"isLeaf\": true, \"childrenSet\": false, \"hasChildren\": false, \"dataElementType\": \"string\", \"encryption_required\": false}, {\"key\": \"/JsonArray[]/metadata\", \"type\": \"object\", \"order\": 3.0, \"title\": \"metadata\", \"value\": {\"type\": \"object\", \"requiredFlag\": false}, \"isLeaf\": false, \"children\": [{\"key\": \"/JsonArray[]/metadata/id\", \"type\": \"string\", \"order\": 4.0, \"title\": \"id\", \"value\": {\"type\": \"string\", \"requiredFlag\": false}, \"isLeaf\": true, \"childrenSet\": false, \"hasChildren\": false, \"dataElementType\": \"string\", \"encryption_required\": false}, {\"key\": \"/JsonArray[]/metadata/scope\", \"type\": \"object\", \"order\": 5.0, \"title\": \"scope\", \"value\": {\"type\": \"object\", \"requiredFlag\": false}, \"isLeaf\": false, \"children\": [{\"key\": \"/JsonArray[]/metadata/scope/title\", \"type\": \"string\", \"order\": 6.0, \"title\": \"title\", \"value\": {\"type\": \"string\", \"requiredFlag\": false}, \"isLeaf\": true, \"childrenSet\": false, \"hasChildren\": false, \"dataElementType\": \"string\", \"encryption_required\": false}], \"childrenSet\": false, \"hasChildren\": false, \"dataElementType\": \"document\", \"encryption_required\": false}], \"childrenSet\": false, \"hasChildren\": false, \"dataElementType\": \"document\", \"encryption_required\": false}, {\"key\": \"/JsonArray[]/compliance\", \"type\": \"object\", \"order\": 7.0, \"title\": \"compliance\", \"value\": {\"type\": \"object\", \"requiredFlag\": false}, \"isLeaf\": false, \"children\": [{\"key\": \"/JsonArray[]/compliance/design\", \"type\": \"object\", \"order\": 8.0, \"title\": \"design\", \"value\": {\"type\": \"object\", \"requiredFlag\": false}, \"isLeaf\": false, \"children\": [{\"key\": \"/JsonArray[]/compliance/design/result\", \"type\": \"object\", \"order\": 9.0, \"title\": \"result\", \"value\": {\"type\": \"object\", \"requiredFlag\": false}, \"isLeaf\": false, \"children\": [{\"key\": \"/JsonArray[]/compliance/design/result/grade\", \"type\": \"string\", \"order\": 10.0, \"title\": \"grade\", \"value\": {\"type\": \"string\", \"requiredFlag\": false}, \"isLeaf\": true, \"childrenSet\": false, \"hasChildren\": false, \"dataElementType\": \"string\", \"encryption_required\": false}, {\"key\": \"/JsonArray[]/compliance/design/result/hintCount\", \"type\": \"integer\", \"order\": 11.0, \"title\": \"hintCount\", \"value\": {\"type\": \"integer\", \"requiredFlag\": false}, \"isLeaf\": true, \"childrenSet\": false, \"hasChildren\": false, \"dataElementType\": \"integer\", \"encryption_required\": false}, {\"key\": \"/JsonArray[]/compliance/design/result/infoCount\", \"type\": \"integer\", \"order\": 12.0, \"title\": \"infoCount\", \"value\": {\"type\": \"integer\", \"requiredFlag\": false}, \"isLeaf\": true, \"childrenSet\": false, \"hasChildren\": false, \"dataElementType\": \"integer\", \"encryption_required\": false}, {\"key\": \"/JsonArray[]/compliance/design/result/errorCount\", \"type\": \"integer\", \"order\": 13.0, \"title\": \"errorCount\", \"value\": {\"type\": \"integer\", \"requiredFlag\": false}, \"isLeaf\": true, \"childrenSet\": false, \"hasChildren\": false, \"dataElementType\": \"integer\", \"encryption_required\": false}, {\"key\": \"/JsonArray[]/compliance/design/result/warningCount\", \"type\": \"integer\", \"order\": 14.0, \"title\": \"warningCount\", \"value\": {\"type\": \"integer\", \"requiredFlag\": false}, \"isLeaf\": true, \"childrenSet\": false, \"hasChildren\": false, \"dataElementType\": \"integer\", \"encryption_required\": false}], \"childrenSet\": false, \"hasChildren\": false, \"dataElementType\": \"document\", \"encryption_required\": false}], \"childrenSet\": false, \"hasChildren\": false, \"dataElementType\": \"document\", \"encryption_required\": false}], \"childrenSet\": false, \"hasChildren\": false, \"dataElementType\": \"document\", \"encryption_required\": false}], \"childrenSet\": false, \"hasChildren\": false, \"dataElementType\": \"documentArray\", \"encryption_required\": false}]",
    "null" : false
  },
  "key_fields" : null,
  "schema" : {
    "type" : "json",
    "value" : "{\"$id\":\"APIServiceResult\",\"$schema\":\"http://json-schema.org/draft-07/schema#\",\"type\":\"object\",\"properties\":{\"JsonArray\":{\"type\":\"array\",\"title\":\"JsonArray\",\"properties\":{},\"items\":{\"type\":\"object\",\"properties\":{\"title\":{\"type\":\"string\",\"title\":\"title\",\"default\":\"\",\"examples\":[\"Car Listing API\"],\"properties\":{},\"pattern\":\"^(.*)$\"},\"metadata\":{\"type\":\"object\",\"title\":\"metadata\",\"properties\":{\"id\":{\"type\":\"string\",\"title\":\"id\",\"default\":\"\",\"examples\":[\"8a2e8b69995425cb01995dc7527d390c\"],\"properties\":{},\"pattern\":\"^(.*)$\"},\"scope\":{\"type\":\"object\",\"title\":\"scope\",\"properties\":{\"title\":{\"type\":\"string\",\"title\":\"title\",\"default\":\"\",\"examples\":[\"Shared Data Plane (DESIGN)\"],\"properties\":{},\"pattern\":\"^(.*)$\"}}}}},\"compliance\":{\"type\":\"object\",\"title\":\"compliance\",\"properties\":{\"design\":{\"type\":\"object\",\"title\":\"design\",\"properties\":{\"result\":{\"type\":\"object\",\"title\":\"result\",\"properties\":{\"grade\":{\"type\":\"string\",\"title\":\"grade\",\"default\":\"\",\"examples\":[\"C\"],\"properties\":{},\"pattern\":\"^(.*)$\"},\"hintCount\":{\"type\":\"integer\",\"title\":\"hintCount\",\"default\":0,\"examples\":[0],\"properties\":{}},\"infoCount\":{\"type\":\"integer\",\"title\":\"infoCount\",\"default\":0,\"examples\":[0],\"properties\":{}},\"errorCount\":{\"type\":\"integer\",\"title\":\"errorCount\",\"default\":0,\"examples\":[0],\"properties\":{}},\"warningCount\":{\"type\":\"integer\",\"title\":\"warningCount\",\"default\":0,\"examples\":[4],\"properties\":{}}}}}}}}}}}}}",
    "null" : false
  },
  "source_schema" : "{\"JsonArray\" :[\n    {\n        \"title\": \"Car Listing API\",\n        \"metadata\": {\n            \"id\": \"8a2e8b69995425cb01995dc7527d390c\",\n            \"scope\": {\n                \"title\": \"Shared Data Plane (DESIGN)\"\n            }\n        },\n        \"compliance\": {\n            \"design\": {\n                \"result\": {\n                    \"grade\": \"C\",\n                    \"hintCount\": 0,\n                    \"infoCount\": 0,\n                    \"errorCount\": 0,\n                    \"warningCount\": 4\n                }\n            }\n        }\n    }\n]\n}",
  "type" : "custom",
  "doc_type" : null,
  "source_type" : "jsonsample",
  "ignore_missing_schemas" : false,
  "has_ref_schemas" : false,
  "flat_file_config" : null,
  "active" : false,
  "is_changed" : false,
  "tag" : "V26",
  "comment" : "Removed last depency",
  "base_tag" : "V25"
}