{
  "id" : "cda60f8e-5ca3-47c4-9fc8-7093f1ddc643",
  "name" : "APIsForLintingGrade",
  "description" : "",
  "iserror" : false,
  "no_of_errors" : 0,
  "service_input" : {
    "type" : "jsonb",
    "value" : "[{\"id\": \"fcd57969-6431-4659-bcca-845f7b446b5e\", \"key\": \"/APIsForLintingGradeInput\", \"type\": \"object\", \"order\": 1, \"title\": \"APIsForLintingGradeInput\", \"value\": {\"type\": \"object\"}, \"isLeaf\": false, \"children\": [{\"id\": \"3e3bca6f-343b-4592-b252-6ad6f6ca230b\", \"key\": \"/APIsForLintingGradeInput/designGrade\", \"type\": \"node\", \"order\": 1, \"title\": \"designGrade\", \"value\": {\"type\": \"string\"}, \"children\": [], \"editAllow\": true, \"childrenSet\": false, \"hasChildren\": false, \"dataElementType\": \"string\", \"encryption_required\": false}], \"childrenSet\": false, \"hasChildren\": false, \"dataElementType\": \"document\", \"documentReference\": [], \"encryption_required\": false}]",
    "null" : false
  },
  "service_output" : {
    "type" : "jsonb",
    "value" : "[{\"id\": \"c5937b5e-49ae-4bd7-8ad7-2eba30e80b7d\", \"key\": \"/APIsForLintingGradeOutput\", \"type\": \"object\", \"order\": 1, \"title\": \"APIsForLintingGradeOutput\", \"value\": {\"type\": \"object\"}, \"isLeaf\": false, \"children\": [{\"id\": \"10689180-19a5-4754-b254-39d21bbd22f2\", \"key\": \"/APIsForLintingGradeOutput/responseToolText\", \"edit\": false, \"type\": \"node\", \"order\": 1, \"title\": \"responseToolText\", \"value\": {\"type\": \"string\"}, \"children\": [], \"editAllow\": true, \"dataElementType\": \"string\"}, {\"id\": \"d19209cf-f4c8-4213-84e2-be712636b0b9\", \"key\": \"/APIsForLintingGradeOutput/responseToolType\", \"edit\": false, \"type\": \"node\", \"order\": 1, \"title\": \"responseToolType\", \"value\": {\"type\": \"string\"}, \"children\": [], \"editAllow\": true, \"dataElementType\": \"string\"}], \"childrenSet\": false, \"hasChildren\": false, \"dataElementType\": \"document\", \"documentReference\": [], \"encryption_required\": false}]",
    "null" : false
  },
  "service_input_json_schema" : {
    "type" : "jsonb",
    "value" : "{\"required\": [], \"properties\": {\"APIsForLintingGradeInput\": {\"type\": \"object\", \"required\": [], \"properties\": {\"designGrade\": {\"type\": \"string\"}}, \"additionalProperties\": false}}, \"additionalProperties\": false}",
    "null" : false
  },
  "service_output_json_schema" : {
    "type" : "jsonb",
    "value" : "{\"required\": [], \"properties\": {\"APIsForLintingGradeOutput\": {\"type\": \"object\", \"required\": [], \"properties\": {\"responseToolText\": {\"type\": \"string\"}, \"responseToolType\": {\"type\": \"string\"}}, \"additionalProperties\": false}}, \"additionalProperties\": false}",
    "null" : false
  },
  "type" : "SERVICE",
  "error_handler" : false,
  "tag" : "V26",
  "active" : false,
  "is_changed" : true,
  "comment" : "Removed last depency",
  "base_tag" : "V25",
  "test_input" : {
    "type" : "jsonb",
    "value" : "{}",
    "null" : false
  },
  "test_input_structure" : {
    "type" : "jsonb",
    "value" : "[{\"id\": \"fcd57969-6431-4659-bcca-845f7b446b5e\", \"key\": \"/APIsForLintingGradeInput\", \"type\": \"object\", \"order\": 1, \"title\": \"APIsForLintingGradeInput\", \"value\": {\"type\": \"object\"}, \"isLeaf\": false, \"children\": [{\"id\": \"3e3bca6f-343b-4592-b252-6ad6f6ca230b\", \"key\": \"/APIsForLintingGradeInput/designGrade\", \"type\": \"node\", \"order\": 1, \"title\": \"designGrade\", \"value\": {\"type\": \"string\"}, \"children\": [], \"editAllow\": true, \"childrenSet\": false, \"hasChildren\": false, \"dataElementType\": \"string\", \"encryption_required\": false}], \"childrenSet\": false, \"hasChildren\": false, \"dataElementType\": \"document\", \"documentReference\": [], \"encryption_required\": false}]",
    "null" : false
  }
}