{
  "id" : "607a5cf9-b441-43f8-94f9-25a076cac494",
  "name" : "CreateAndReleaseAssetForAPIService",
  "description" : "Creates an asset and releases for a specific API Service",
  "iserror" : false,
  "no_of_errors" : 0,
  "service_input" : {
    "type" : "jsonb",
    "value" : "[{\"id\": \"5eebfecf-fd73-4ef1-8512-8cf81ad6da4b\", \"key\": \"/CreateAndReleaseAssetForAPIServiceInput\", \"type\": \"object\", \"order\": 1.0, \"title\": \"CreateAndReleaseAssetForAPIServiceInput\", \"value\": {\"type\": \"object\"}, \"isLeaf\": false, \"children\": [{\"id\": \"df257131-2408-4ebd-b466-6468fc2831e0\", \"key\": \"/CreateAndReleaseAssetForAPIServiceInput/apiLogicalName\", \"type\": \"node\", \"order\": 1.0, \"title\": \"apiLogicalName\", \"value\": {\"type\": \"string\"}, \"children\": [], \"editAllow\": true, \"childrenSet\": false, \"hasChildren\": false, \"dataElementType\": \"string\", \"encryption_required\": false}, {\"id\": \"3870484b-28b3-4327-a8e7-565eb8a239d1\", \"key\": \"/CreateAndReleaseAssetForAPIServiceInput/environmentLogicalName\", \"type\": \"node\", \"order\": 1.0, \"title\": \"environmentLogicalName\", \"value\": {\"type\": \"string\"}, \"children\": [], \"editAllow\": true, \"childrenSet\": false, \"hasChildren\": false, \"dataElementType\": \"string\", \"encryption_required\": false}], \"childrenSet\": false, \"hasChildren\": false, \"dataElementType\": \"document\", \"encryption_required\": false}]",
    "null" : false
  },
  "service_output" : {
    "type" : "jsonb",
    "value" : "[{\"id\": \"cbca2197-d417-4aab-8d51-f0d9fd98612c\", \"key\": \"/CreateAndReleaseAssetForAPIServiceOutput\", \"type\": \"object\", \"order\": 1.0, \"title\": \"CreateAndReleaseAssetForAPIServiceOutput\", \"value\": {\"type\": \"object\"}, \"isLeaf\": false, \"children\": [{\"id\": \"aabe844a-2e32-4baf-95d6-ff6608a62ca5\", \"key\": \"/CreateAndReleaseAssetForAPIServiceOutput/productLogicalName\", \"type\": \"node\", \"order\": 1.0, \"title\": \"productLogicalName\", \"value\": {\"type\": \"string\"}, \"children\": [], \"editAllow\": true, \"childrenSet\": false, \"hasChildren\": false, \"dataElementType\": \"string\", \"encryption_required\": false}, {\"id\": \"f02337db-407d-4fbc-8607-29002d9ea95f\", \"key\": \"/CreateAndReleaseAssetForAPIServiceOutput/success\", \"type\": \"node\", \"order\": 1.0, \"title\": \"success\", \"value\": {\"type\": \"boolean\"}, \"children\": [], \"editAllow\": true, \"childrenSet\": false, \"hasChildren\": false, \"dataElementType\": \"boolean\", \"encryption_required\": false}], \"childrenSet\": false, \"hasChildren\": false, \"dataElementType\": \"document\", \"encryption_required\": false}]",
    "null" : false
  },
  "service_input_json_schema" : {
    "type" : "jsonb",
    "value" : "{\"required\": [], \"properties\": {\"CreateAndReleaseAssetForAPIServiceInput\": {\"type\": \"object\", \"required\": [], \"properties\": {\"apiLogicalName\": {\"type\": \"string\"}, \"environmentLogicalName\": {\"type\": \"string\"}}, \"additionalProperties\": false}}, \"additionalProperties\": false}",
    "null" : false
  },
  "service_output_json_schema" : {
    "type" : "jsonb",
    "value" : "{\"required\": [], \"properties\": {\"CreateAndReleaseAssetForAPIServiceOutput\": {\"type\": \"object\", \"required\": [], \"properties\": {\"success\": {\"type\": \"boolean\"}, \"productLogicalName\": {\"type\": \"string\"}}, \"additionalProperties\": false}}, \"additionalProperties\": false}",
    "null" : false
  },
  "type" : "SERVICE",
  "error_handler" : false,
  "tag" : "V26",
  "active" : false,
  "is_changed" : false,
  "comment" : "Removed last depency",
  "base_tag" : "V25",
  "test_input" : {
    "type" : "jsonb",
    "value" : "{}",
    "null" : false
  },
  "test_input_structure" : {
    "type" : "jsonb",
    "value" : "[]",
    "null" : false
  }
}