{
  "id" : "58abea0f-997f-4130-bc53-47313bb531c4",
  "name" : "CreateAndReleaseProduct",
  "description" : "Creates and releases a product based on the provided asset name",
  "iserror" : false,
  "no_of_errors" : 0,
  "service_input" : {
    "type" : "jsonb",
    "value" : "[{\"id\": \"cd3e92e0-6e4f-47cc-b3b0-b9e385fc07e2\", \"key\": \"/CreateAndReleaseProductInput\", \"type\": \"object\", \"order\": 1.0, \"title\": \"CreateAndReleaseProductInput\", \"value\": {\"type\": \"object\"}, \"isLeaf\": false, \"children\": [{\"id\": \"d65209e0-3b05-4221-98e1-9b3d222e4863\", \"key\": \"/CreateAndReleaseProductInput/assetLogicalName\", \"type\": \"node\", \"order\": 1.0, \"title\": \"assetLogicalName\", \"value\": {\"type\": \"string\"}, \"children\": [], \"editAllow\": true, \"childrenSet\": false, \"hasChildren\": false, \"dataElementType\": \"string\", \"encryption_required\": false}], \"childrenSet\": false, \"hasChildren\": false, \"dataElementType\": \"document\", \"encryption_required\": false}]",
    "null" : false
  },
  "service_output" : {
    "type" : "jsonb",
    "value" : "[{\"id\": \"ffc270d0-9f70-415b-a7f2-1d4f4f8964be\", \"key\": \"/CreateAndReleaseProductOutput\", \"type\": \"object\", \"order\": 1.0, \"title\": \"CreateAndReleaseProductOutput\", \"value\": {\"type\": \"object\"}, \"isLeaf\": false, \"children\": [{\"id\": \"e959cede-2bdf-48fc-94eb-c445fd45d907\", \"key\": \"/CreateAndReleaseProductOutput/productLogicalName\", \"type\": \"node\", \"order\": 1.0, \"title\": \"productLogicalName\", \"value\": {\"type\": \"string\"}, \"children\": [], \"editAllow\": true, \"childrenSet\": false, \"hasChildren\": false, \"dataElementType\": \"string\", \"encryption_required\": false}, {\"id\": \"8612e563-0347-4f02-9b4c-48e2ed71e2ef\", \"key\": \"/CreateAndReleaseProductOutput/success\", \"type\": \"node\", \"order\": 1.0, \"title\": \"success\", \"value\": {\"type\": \"boolean\"}, \"children\": [], \"editAllow\": true, \"childrenSet\": false, \"hasChildren\": false, \"dataElementType\": \"boolean\", \"encryption_required\": false}], \"childrenSet\": false, \"hasChildren\": false, \"dataElementType\": \"document\", \"encryption_required\": false}]",
    "null" : false
  },
  "service_input_json_schema" : {
    "type" : "jsonb",
    "value" : "{\"required\": [], \"properties\": {\"CreateAndReleaseProductInput\": {\"type\": \"object\", \"required\": [], \"properties\": {\"assetLogicalName\": {\"type\": \"string\"}}, \"additionalProperties\": false}}, \"additionalProperties\": false}",
    "null" : false
  },
  "service_output_json_schema" : {
    "type" : "jsonb",
    "value" : "{\"required\": [], \"properties\": {\"CreateAndReleaseProductOutput\": {\"type\": \"object\", \"required\": [], \"properties\": {\"success\": {\"type\": \"boolean\"}, \"productLogicalName\": {\"type\": \"string\"}}, \"additionalProperties\": false}}, \"additionalProperties\": false}",
    "null" : false
  },
  "type" : "SERVICE",
  "error_handler" : false,
  "tag" : "V26",
  "active" : false,
  "is_changed" : false,
  "comment" : "Removed last depency",
  "base_tag" : "V25",
  "test_input" : {
    "type" : "jsonb",
    "value" : "{}",
    "null" : false
  },
  "test_input_structure" : {
    "type" : "jsonb",
    "value" : "[]",
    "null" : false
  }
}