{
  "id" : "4b178cf0-f626-4d0e-8774-257a231b6999",
  "name" : "GetAmplifyMarketplaceProducts",
  "description" : null,
  "iserror" : false,
  "no_of_errors" : 0,
  "service_input" : null,
  "service_output" : null,
  "service_input_json_schema" : null,
  "service_output_json_schema" : null,
  "type" : "EVENTDRIVEN",
  "error_handler" : false,
  "tag" : "V26",
  "active" : false,
  "is_changed" : false,
  "comment" : "Removed last depency",
  "base_tag" : "V25",
  "test_input" : {
    "type" : "jsonb",
    "value" : "[]",
    "null" : false
  },
  "test_input_structure" : {
    "type" : "jsonb",
    "value" : "[]",
    "null" : false
  }
}