{
  "id" : "21aabb05-11fe-4fec-ac58-02788fd4f0ad",
  "name" : "GetAPIMetrics-Service",
  "description" : "",
  "iserror" : false,
  "no_of_errors" : 0,
  "service_input" : {
    "type" : "jsonb",
    "value" : "[{\"id\": \"e5dc4bb4-ed49-4a6a-a37c-a6565c3e942a\", \"key\": \"/GetAPIMetrics-ServiceInput\", \"type\": \"object\", \"order\": 1, \"title\": \"GetAPIMetrics-ServiceInput\", \"value\": {\"type\": \"object\"}, \"isLeaf\": false, \"children\": [{\"id\": \"7593a8b2-8132-443f-871e-d519f8db39f0\", \"key\": \"/GetAPIMetrics-ServiceInput/duration\", \"edit\": false, \"type\": \"node\", \"order\": 1, \"title\": \"duration\", \"value\": {\"type\": \"string\"}, \"children\": [], \"editAllow\": true, \"dataElementType\": \"string\"}], \"childrenSet\": false, \"hasChildren\": false, \"dataElementType\": \"document\", \"documentReference\": [], \"encryption_required\": false}]",
    "null" : false
  },
  "service_output" : {
    "type" : "jsonb",
    "value" : "[{\"id\": \"bd8fba1d-1678-4bf9-853e-15c4086b5725\", \"key\": \"/GetAPIMetrics-ServiceOutput\", \"type\": \"object\", \"order\": 1, \"title\": \"GetAPIMetrics-ServiceOutput\", \"value\": {\"type\": \"object\"}, \"isLeaf\": false, \"children\": [{\"id\": \"a5669d99-f2ef-4108-a055-5665de1414d1\", \"key\": \"/GetAPIMetrics-ServiceOutput/toolResponseType\", \"type\": \"node\", \"order\": 1, \"title\": \"toolResponseType\", \"value\": {\"type\": \"string\"}, \"children\": [], \"editAllow\": true, \"childrenSet\": false, \"hasChildren\": false, \"dataElementType\": \"string\", \"encryption_required\": false}, {\"id\": \"c1df675a-b16f-41cf-9840-b0bbd801c9e5\", \"key\": \"/GetAPIMetrics-ServiceOutput/toolResponseText\", \"type\": \"node\", \"order\": 1, \"title\": \"toolResponseText\", \"value\": {\"type\": \"string\"}, \"children\": [], \"editAllow\": true, \"childrenSet\": false, \"hasChildren\": false, \"dataElementType\": \"string\", \"encryption_required\": false}], \"childrenSet\": false, \"hasChildren\": false, \"dataElementType\": \"document\", \"documentReference\": [], \"encryption_required\": false}]",
    "null" : false
  },
  "service_input_json_schema" : {
    "type" : "jsonb",
    "value" : "{\"required\": [], \"properties\": {\"GetAPIMetrics-ServiceInput\": {\"type\": \"object\", \"required\": [], \"properties\": {\"duration\": {\"type\": \"string\"}}, \"additionalProperties\": false}}, \"additionalProperties\": false}",
    "null" : false
  },
  "service_output_json_schema" : {
    "type" : "jsonb",
    "value" : "{\"required\": [], \"properties\": {\"GetAPIMetrics-ServiceOutput\": {\"type\": \"object\", \"required\": [], \"properties\": {\"toolResponseText\": {\"type\": \"string\"}, \"toolResponseType\": {\"type\": \"string\"}}, \"additionalProperties\": false}}, \"additionalProperties\": false}",
    "null" : false
  },
  "type" : "SERVICE",
  "error_handler" : false,
  "tag" : "V26",
  "active" : false,
  "is_changed" : false,
  "comment" : "Removed last depency",
  "base_tag" : "V25",
  "test_input" : {
    "type" : "jsonb",
    "value" : "{\"GetAPIMetrics-ServiceInput\": {\"duration\": \"last hour\"}}",
    "null" : false
  },
  "test_input_structure" : {
    "type" : "jsonb",
    "value" : "[{\"id\": \"e5dc4bb4-ed49-4a6a-a37c-a6565c3e942a\", \"key\": \"/GetAPIMetrics-ServiceInput\", \"type\": \"object\", \"order\": 1, \"title\": \"GetAPIMetrics-ServiceInput\", \"value\": {\"type\": \"object\"}, \"isLeaf\": false, \"children\": [{\"id\": \"7593a8b2-8132-443f-871e-d519f8db39f0\", \"key\": \"/GetAPIMetrics-ServiceInput/duration\", \"type\": \"node\", \"order\": 1, \"title\": \"duration\", \"value\": {\"type\": \"string\"}, \"children\": [], \"setValue\": \"last hour\", \"editAllow\": true, \"childrenSet\": false, \"hasChildren\": false, \"dataElementType\": \"string\", \"encryption_required\": false}], \"childrenSet\": false, \"hasChildren\": false, \"dataElementType\": \"document\", \"encryption_required\": false}]",
    "null" : false
  }
}