{
  "id" : "1c741a65-4b92-4b9b-8218-fb68f579acf5",
  "name" : "GetDetailedLintingResultsForAPI",
  "description" : null,
  "iserror" : false,
  "no_of_errors" : 0,
  "service_input" : null,
  "service_output" : null,
  "service_input_json_schema" : null,
  "service_output_json_schema" : null,
  "type" : "EVENTDRIVEN",
  "error_handler" : false,
  "tag" : "V26",
  "active" : false,
  "is_changed" : false,
  "comment" : "Removed last depency",
  "base_tag" : "V25",
  "test_input" : {
    "type" : "jsonb",
    "value" : "[]",
    "null" : false
  },
  "test_input_structure" : {
    "type" : "jsonb",
    "value" : "[]",
    "null" : false
  }
}