{
  "id" : "2b2cda76-8f01-4b19-ada9-d86d5eaf54ba",
  "name" : "LintingResultsByGrade",
  "description" : "Provides linting results by grade",
  "iserror" : false,
  "no_of_errors" : 0,
  "service_input" : {
    "type" : "jsonb",
    "value" : "[{\"id\": \"2cb8d391-66a8-4994-8c59-3b326bef1370\", \"key\": \"/LintingResultsByGradeInput\", \"type\": \"object\", \"order\": 1, \"title\": \"LintingResultsByGradeInput\", \"value\": {\"type\": \"object\"}, \"isLeaf\": false, \"children\": [], \"childrenSet\": false, \"hasChildren\": false, \"dataElementType\": \"document\", \"documentReference\": [], \"encryption_required\": false}]",
    "null" : false
  },
  "service_output" : {
    "type" : "jsonb",
    "value" : "[{\"id\": \"bf07ea0a-db20-4d1e-9625-ddae0c4ce5f9\", \"key\": \"/LintingResultsByGradeOutput\", \"type\": \"object\", \"order\": 1, \"title\": \"LintingResultsByGradeOutput\", \"value\": {\"type\": \"object\"}, \"isLeaf\": false, \"children\": [{\"id\": \"3d0323db-35e0-41f9-99f1-d46032685c34\", \"key\": \"/LintingResultsByGradeOutput/responseToolType\", \"edit\": false, \"type\": \"node\", \"order\": 1, \"title\": \"responseToolType\", \"value\": {\"type\": \"string\"}, \"children\": [], \"editAllow\": true, \"dataElementType\": \"string\"}, {\"id\": \"10d5e759-9c93-4c0c-9e0c-887c6c3bbcb4\", \"key\": \"/LintingResultsByGradeOutput/responseToolText\", \"edit\": false, \"type\": \"node\", \"order\": 1, \"title\": \"responseToolText\", \"value\": {\"type\": \"string\"}, \"children\": [], \"editAllow\": true, \"dataElementType\": \"string\"}], \"childrenSet\": false, \"hasChildren\": false, \"dataElementType\": \"document\", \"documentReference\": [], \"encryption_required\": false}]",
    "null" : false
  },
  "service_input_json_schema" : {
    "type" : "jsonb",
    "value" : "{\"required\": [], \"properties\": {\"LintingResultsByGradeInput\": {\"type\": \"object\", \"required\": []}}, \"additionalProperties\": false}",
    "null" : false
  },
  "service_output_json_schema" : {
    "type" : "jsonb",
    "value" : "{\"required\": [], \"properties\": {\"LintingResultsByGradeOutput\": {\"type\": \"object\", \"required\": [], \"properties\": {\"responseToolText\": {\"type\": \"string\"}, \"responseToolType\": {\"type\": \"string\"}}, \"additionalProperties\": false}}, \"additionalProperties\": false}",
    "null" : false
  },
  "type" : "SERVICE",
  "error_handler" : false,
  "tag" : "V26",
  "active" : false,
  "is_changed" : false,
  "comment" : "Removed last depency",
  "base_tag" : "V25",
  "test_input" : {
    "type" : "jsonb",
    "value" : "{}",
    "null" : false
  },
  "test_input_structure" : {
    "type" : "jsonb",
    "value" : "[{\"id\": \"2cb8d391-66a8-4994-8c59-3b326bef1370\", \"key\": \"/LintingResultsByGradeInput\", \"type\": \"object\", \"order\": 1, \"title\": \"LintingResultsByGradeInput\", \"value\": {\"type\": \"object\"}, \"isLeaf\": false, \"children\": [], \"childrenSet\": false, \"hasChildren\": false, \"dataElementType\": \"document\", \"encryption_required\": false}]",
    "null" : false
  }
}