{
  "id" : "57e7d82a-5263-498a-acb0-3362860c6a7e",
  "name" : "PublishProductToMarketplace",
  "description" : "Publishes a product to specified marketplace",
  "iserror" : false,
  "no_of_errors" : 0,
  "service_input" : {
    "type" : "jsonb",
    "value" : "[{\"id\": \"c9b88fb9-cd5c-4d82-93a7-7a7273569bc6\", \"key\": \"/PublishProductToMarketplaceInput\", \"type\": \"object\", \"order\": 1.0, \"title\": \"PublishProductToMarketplaceInput\", \"value\": {\"type\": \"object\"}, \"isLeaf\": false, \"children\": [{\"id\": \"9b0cea03-d88f-41e1-83be-a20ab958a522\", \"key\": \"/PublishProductToMarketplaceInput/productLogicalName\", \"type\": \"node\", \"order\": 1.0, \"title\": \"productLogicalName\", \"value\": {\"type\": \"string\"}, \"children\": [], \"editAllow\": true, \"childrenSet\": false, \"hasChildren\": false, \"dataElementType\": \"string\", \"encryption_required\": false}, {\"id\": \"062fa7e1-b7f9-4992-be7b-8b38e3fb7e7f\", \"key\": \"/PublishProductToMarketplaceInput/marketplaceLogicalName\", \"type\": \"node\", \"order\": 1.0, \"title\": \"marketplaceLogicalName\", \"value\": {\"type\": \"string\"}, \"children\": [], \"editAllow\": true, \"childrenSet\": false, \"hasChildren\": false, \"dataElementType\": \"string\", \"encryption_required\": false}], \"childrenSet\": false, \"hasChildren\": false, \"dataElementType\": \"document\", \"encryption_required\": false}]",
    "null" : false
  },
  "service_output" : {
    "type" : "jsonb",
    "value" : "[{\"id\": \"f66bcfbe-2eda-4924-afda-bf1c32768145\", \"key\": \"/PublishProductToMarketplaceOutput\", \"type\": \"object\", \"order\": 1.0, \"title\": \"PublishProductToMarketplaceOutput\", \"value\": {\"type\": \"object\"}, \"isLeaf\": false, \"children\": [{\"id\": \"7a7461d4-0897-4fc4-87d9-315bd1082aab\", \"key\": \"/PublishProductToMarketplaceOutput/success\", \"type\": \"node\", \"order\": 1.0, \"title\": \"success\", \"value\": {\"type\": \"boolean\"}, \"children\": [], \"editAllow\": true, \"childrenSet\": false, \"hasChildren\": false, \"dataElementType\": \"boolean\", \"encryption_required\": false}], \"childrenSet\": false, \"hasChildren\": false, \"dataElementType\": \"document\", \"encryption_required\": false}]",
    "null" : false
  },
  "service_input_json_schema" : {
    "type" : "jsonb",
    "value" : "{\"required\": [], \"properties\": {\"PublishProductToMarketplaceInput\": {\"type\": \"object\", \"required\": [], \"properties\": {\"productLogicalName\": {\"type\": \"string\"}, \"marketplaceLogicalName\": {\"type\": \"string\"}}, \"additionalProperties\": false}}, \"additionalProperties\": false}",
    "null" : false
  },
  "service_output_json_schema" : {
    "type" : "jsonb",
    "value" : "{\"required\": [], \"properties\": {\"PublishProductToMarketplaceOutput\": {\"type\": \"object\", \"required\": [], \"properties\": {\"success\": {\"type\": \"boolean\"}}, \"additionalProperties\": false}}, \"additionalProperties\": false}",
    "null" : false
  },
  "type" : "SERVICE",
  "error_handler" : false,
  "tag" : "V26",
  "active" : false,
  "is_changed" : false,
  "comment" : "Removed last depency",
  "base_tag" : "V25",
  "test_input" : {
    "type" : "jsonb",
    "value" : "{}",
    "null" : false
  },
  "test_input_structure" : {
    "type" : "jsonb",
    "value" : "[]",
    "null" : false
  }
}