{
  "id" : "e8a92737-8e79-4835-8436-f87ff8a3ce8e",
  "name" : "WhatCanFusionAmplifyMCPServerDo-Service",
  "description" : null,
  "iserror" : false,
  "no_of_errors" : 0,
  "service_input" : {
    "type" : "jsonb",
    "value" : "[{\"id\": \"2dbb027b-d489-4b16-a490-6b4eb54d5b21\", \"key\": \"/WhatCanFusionAmplifyMCPServerDo-ServiceInput\", \"type\": \"object\", \"order\": 1, \"title\": \"WhatCanFusionAmplifyMCPServerDo-ServiceInput\", \"value\": {\"type\": \"object\"}, \"isLeaf\": false, \"children\": [], \"childrenSet\": false, \"hasChildren\": false, \"dataElementType\": \"document\", \"documentReference\": [], \"encryption_required\": false}]",
    "null" : false
  },
  "service_output" : {
    "type" : "jsonb",
    "value" : "[{\"id\": \"38a5dcd2-369e-44b1-8754-fd835acbd829\", \"key\": \"/WhatCanFusionAmplifyMCPServerDo-ServiceOutput\", \"type\": \"object\", \"order\": 1, \"title\": \"WhatCanFusionAmplifyMCPServerDo-ServiceOutput\", \"value\": {\"type\": \"object\"}, \"isLeaf\": false, \"children\": [{\"id\": \"60dff6c2-4f28-4b57-8065-1ee551514c1c\", \"key\": \"/WhatCanFusionAmplifyMCPServerDo-ServiceOutput/responseToolType\", \"edit\": false, \"type\": \"node\", \"order\": 1, \"title\": \"responseToolType\", \"value\": {\"type\": \"string\"}, \"children\": [], \"editAllow\": true, \"dataElementType\": \"string\"}, {\"id\": \"202e4365-a906-4222-b8b5-3e7818f91aa9\", \"key\": \"/WhatCanFusionAmplifyMCPServerDo-ServiceOutput/responseToolText\", \"edit\": false, \"type\": \"node\", \"order\": 1, \"title\": \"responseToolText\", \"value\": {\"type\": \"string\"}, \"children\": [], \"editAllow\": true, \"dataElementType\": \"string\"}], \"childrenSet\": false, \"hasChildren\": false, \"dataElementType\": \"document\", \"documentReference\": [], \"encryption_required\": false}]",
    "null" : false
  },
  "service_input_json_schema" : {
    "type" : "jsonb",
    "value" : "{\"required\": [], \"properties\": {\"WhatCanFusionAmplifyMCPServerDo-ServiceInput\": {\"type\": \"object\", \"required\": []}}, \"additionalProperties\": false}",
    "null" : false
  },
  "service_output_json_schema" : {
    "type" : "jsonb",
    "value" : "{\"required\": [], \"properties\": {\"WhatCanFusionAmplifyMCPServerDo-ServiceOutput\": {\"type\": \"object\", \"required\": [], \"properties\": {\"responseToolText\": {\"type\": \"string\"}, \"responseToolType\": {\"type\": \"string\"}}, \"additionalProperties\": false}}, \"additionalProperties\": false}",
    "null" : false
  },
  "type" : "SERVICE",
  "error_handler" : false,
  "tag" : "V26",
  "active" : false,
  "is_changed" : false,
  "comment" : "Removed last depency",
  "base_tag" : "V25",
  "test_input" : {
    "type" : "jsonb",
    "value" : "{}",
    "null" : false
  },
  "test_input_structure" : {
    "type" : "jsonb",
    "value" : "[{\"id\": \"2dbb027b-d489-4b16-a490-6b4eb54d5b21\", \"key\": \"/WhatCanFusionAmplifyMCPServerDo-ServiceInput\", \"type\": \"object\", \"order\": 1, \"title\": \"WhatCanFusionAmplifyMCPServerDo-ServiceInput\", \"value\": {\"type\": \"object\"}, \"isLeaf\": false, \"children\": [], \"childrenSet\": false, \"hasChildren\": false, \"dataElementType\": \"document\", \"documentReference\": [], \"encryption_required\": false}]",
    "null" : false
  }
}