{
  "component_config_id" : "eff5860a-cf48-4c42-ae70-2f0100384f44",
  "endpoint_config_json" : {
    "type" : "jsonb",
    "value" : "{\"crossRef\": [], \"services\": [], \"multistep\": [], \"operations\": []}",
    "null" : false
  },
  "input_config_json" : {
    "type" : "jsonb",
    "value" : "{\"crossRef\": [], \"services\": [], \"multistep\": [], \"operations\": []}",
    "null" : false
  },
  "output_config_json" : {
    "type" : "jsonb",
    "value" : "{\"crossRef\": [], \"services\": [], \"multistep\": [], \"operations\": [{\"transformer\": {\"id\": \"9fcd1b38-a14b-4ac5-988c-a2ebcede8f1a\", \"name\": \"LIST_APPEND\", \"type\": \"List\", \"query\": null, \"inputs\": [{\"id\": \"e1277e9a-1f88-4920-8457-079a9d2dd596\", \"root\": true, \"type\": \"list\", \"cached\": false, \"source\": \"/productResponse/apis[]\", \"target\": \"/LIST_APPEND_INPUT/docList[]\", \"mapNull\": false, \"disabled\": false, \"extractXml\": false, \"extractJson\": false, \"mapEmptyString\": false}, {\"id\": \"74237cdd-2b38-4a3d-9226-621a49e24407\", \"root\": true, \"type\": \"map\", \"cached\": false, \"source\": \"/api\", \"target\": \"/LIST_APPEND_INPUT/docIn\", \"mapNull\": false, \"disabled\": false, \"extractXml\": false, \"extractJson\": false, \"mapEmptyString\": false}], \"outputs\": [{\"id\": \"ea2ec602-d386-450a-bec8-0065aa01466a\", \"root\": true, \"type\": \"list\", \"cached\": false, \"source\": \"/LIST_APPEND_OUTPUT/docList[]\", \"target\": \"/productResponse/apis[]\", \"mapNull\": false, \"disabled\": false, \"extractXml\": false, \"extractJson\": false, \"targetOrder\": 1.0, \"mapEmptyString\": false}], \"tableId\": null, \"configId\": null, \"disabled\": false, \"serviceId\": null, \"expression\": null}}]}",
    "null" : false
  },
  "component_id" : "8ac5fe03-27a2-4e6a-a449-6a8893818223",
  "service_id" : "aec9ee88-1f2d-49a9-b05a-940d6170c46a",
  "endpoint_id" : null,
  "parent_component_config_id" : "5418ec6e-b485-4f22-a378-ac225f4c8097",
  "component_config_order" : 6.0,
  "action_id" : "06843b78-eab0-45da-afab-8c8277d7553f",
  "name" : "append api to product",
  "description" : "",
  "override_endpoint" : false,
  "input_structure_json" : {
    "type" : "jsonb",
    "value" : "{\"maps\": [], \"mappedNodes\": [\"/productResponse/apis[] pipeIn\", \"/LIST_APPEND_INPUT/docList[]0\", \"/api pipeIn\", \"/LIST_APPEND_INPUT/docIn0\", \"/LIST_APPEND_OUTPUT/docList[]0\", \"/productResponse/apis[]pipeOut\"]}",
    "null" : false
  },
  "output_structure_json" : {
    "type" : "jsonb",
    "value" : "{\"maps\": [], \"tracks\": {}, \"transformer\": [{\"inputs\": {\"/LIST_APPEND_INPUT/docIn\": [{\"type\": \"map\", \"source\": {\"path\": \"/api\", \"title\": \"api\", \"dataElementType\": \"document\"}, \"target\": {\"path\": \"/LIST_APPEND_INPUT/docIn\", \"title\": \"docIn\", \"dataElementType\": \"document\"}, \"mapCondition\": {\"isConditionSet\": false, \"sourceTreeIndex\": [], \"targetTreeIndex\": [], \"mapConditionFormValue\": {}}}], \"/LIST_APPEND_INPUT/docList[]\": [{\"type\": \"list\", \"source\": {\"path\": \"/productResponse/apis[]\", \"title\": \"apis\", \"dataElementType\": \"documentArray\"}, \"target\": {\"path\": \"/LIST_APPEND_INPUT/docList[]\", \"title\": \"docList\", \"dataElementType\": \"documentArray\"}, \"mapCondition\": {\"isConditionSet\": false, \"sourceTreeIndex\": [{\"key\": 1, \"title\": \"productResponse\", \"isLeaf\": false, \"isArray\": false, \"children\": [{\"key\": 2, \"title\": \"apis[]\", \"isLeaf\": false, \"isArray\": true, \"parentKey\": 1, \"arrayIndex\": null}], \"parentKey\": 0}], \"targetTreeIndex\": [{\"key\": 1, \"title\": \"LIST_APPEND_INPUT\", \"isLeaf\": false, \"isArray\": false, \"children\": [{\"key\": 2, \"title\": \"docList\", \"isLeaf\": false, \"isArray\": true, \"parentKey\": 1, \"arrayIndex\": null}], \"parentKey\": 0}], \"mapConditionFormValue\": {}}}]}, \"outputs\": {\"/productResponse/apis[]\": [{\"type\": \"list\", \"source\": {\"path\": \"/LIST_APPEND_OUTPUT/docList[]\", \"title\": \"docList\", \"dataElementType\": \"documentArray\"}, \"target\": {\"path\": \"/productResponse/apis[]\", \"order\": 1, \"title\": \"apis\", \"dataElementType\": \"documentArray\"}, \"mapCondition\": {\"isConditionSet\": false, \"sourceTreeIndex\": [{\"key\": 1, \"title\": \"LIST_APPEND_OUTPUT\", \"isLeaf\": false, \"isArray\": false, \"children\": [{\"key\": 2, \"title\": \"docList\", \"isLeaf\": false, \"isArray\": true, \"parentKey\": 1, \"arrayIndex\": null}], \"parentKey\": 0}], \"targetTreeIndex\": [{\"key\": 1, \"title\": \"productResponse\", \"isLeaf\": false, \"isArray\": false, \"children\": [{\"key\": 2, \"title\": \"apis[]\", \"isLeaf\": false, \"isArray\": true, \"parentKey\": 1, \"arrayIndex\": null}], \"parentKey\": 0}], \"mapConditionFormValue\": {}}}]}, \"functionInfo\": {\"id\": \"f5437179-0ea3-46c8-af0c-12576afcff42\", \"name\": \"AppendList\", \"category\": {\"id\": \"41a97f98-22ec-4738-9b60-e2e3bd2bc1f9\"}, \"internalName\": \"LIST_APPEND\"}}]}",
    "null" : false
  },
  "endpoint_structure_json" : {
    "type" : "jsonb",
    "value" : "{\"maps\": []}",
    "null" : false
  },
  "is_error" : false,
  "no_of_errors" : 0,
  "action_input_type" : null,
  "config_service_id" : null,
  "config_imap_id" : null,
  "config_b2b_document_type_id" : null,
  "config_document_id" : null,
  "add_variables" : {
    "type" : "jsonb",
    "value" : "[]",
    "null" : false
  },
  "drop_variables" : {
    "type" : "jsonb",
    "value" : "[]",
    "null" : false
  },
  "plug_input_structure" : null,
  "plug_output_structure" : null,
  "config_plug_id" : null,
  "override_plug" : false,
  "config_java_service_id" : null,
  "service_tag" : "V12",
  "endpoint_tag" : null,
  "config_service_tag" : "",
  "config_imap_tag" : "",
  "config_b2b_document_type_tag" : "",
  "active" : false,
  "parent_component_config_service_tag" : "V12",
  "service_project_id" : "27edbc36-f404-4005-832a-6f6f32f16f6e",
  "service_project_tag" : "V12",
  "config_service_project_id" : null,
  "config_service_project_tag" : "",
  "config_imap_project_id" : null,
  "config_imap_project_tag" : "",
  "config_b2b_document_type_project_id" : null,
  "config_b2b_document_type_project_tag" : "",
  "endpoint_project_id" : null,
  "endpoint_project_tag" : null,
  "config_plug_tag" : null,
  "config_plug_project_id" : null,
  "config_plug_project_tag" : null,
  "config_java_service_tag" : "",
  "config_java_service_project_id" : null,
  "config_java_service_project_tag" : "",
  "disabled" : false,
  "config" : null,
  "config_b2b_document_type_project_mode_id" : "112c1cb8-4b9e-4d1a-a042-0bd031dc7d05",
  "config_imap_project_mode_id" : "112c1cb8-4b9e-4d1a-a042-0bd031dc7d05",
  "config_java_service_project_mode_id" : "112c1cb8-4b9e-4d1a-a042-0bd031dc7d05",
  "config_plug_project_mode_id" : "112c1cb8-4b9e-4d1a-a042-0bd031dc7d05",
  "config_service_project_mode_id" : "112c1cb8-4b9e-4d1a-a042-0bd031dc7d05",
  "endpoint_project_mode_id" : "112c1cb8-4b9e-4d1a-a042-0bd031dc7d05",
  "service_project_mode_id" : "112c1cb8-4b9e-4d1a-a042-0bd031dc7d05",
  "parent_component_config_service_project_mode_id" : "112c1cb8-4b9e-4d1a-a042-0bd031dc7d05",
  "is_audit" : true,
  "keys_with_order" : null
}