{
  "component_config_id" : "e9041b69-4a6d-49eb-94d5-86566627a2ac",
  "endpoint_config_json" : {
    "type" : "jsonb",
    "value" : "{\"crossRef\": [], \"services\": [], \"multistep\": [], \"operations\": []}",
    "null" : false
  },
  "input_config_json" : {
    "type" : "jsonb",
    "value" : "{\"crossRef\": [], \"services\": [], \"multistep\": [], \"operations\": [{\"map\": {\"id\": \"f177db57-86d4-4c03-a2ee-8d37e0800213\", \"root\": true, \"type\": \"map\", \"cached\": false, \"source\": \"/UpdateAmplifyMarketplacePendingApplicationRegistrationsMCPServerRequest/body\", \"target\": \"/UpdateAmplifyMarketplacePendingApplicationRegistration-ServiceInput\", \"mapNull\": false, \"disabled\": false, \"extractXml\": false, \"extractJson\": false, \"targetOrder\": 1.0, \"mapEmptyString\": false}}]}",
    "null" : false
  },
  "output_config_json" : {
    "type" : "jsonb",
    "value" : "{\"crossRef\": [], \"services\": [], \"multistep\": [], \"operations\": [{\"map\": {\"id\": \"01732260-6671-45b2-bc63-a68a884df095\", \"root\": true, \"type\": \"map\", \"cached\": false, \"source\": \"/UpdateAmplifyMarketplacePendingApplicationRegistration-ServiceOutput\", \"target\": \"/UpdateAmplifyMarketplacePendingApplicationRegistration-ServiceOutput\", \"mapNull\": false, \"disabled\": false, \"extractXml\": false, \"extractJson\": false, \"targetOrder\": 1.0, \"mapEmptyString\": false}}, {\"map\": {\"id\": \"0b17420e-52a9-4386-9d27-d0f9dd01a4a7\", \"root\": false, \"type\": \"map\", \"cached\": false, \"source\": \"/UpdateAmplifyMarketplacePendingApplicationRegistration-ServiceOutput/toolResponseType\", \"target\": \"/toolResponseType\", \"mapNull\": false, \"disabled\": false, \"extractXml\": false, \"extractJson\": false, \"targetOrder\": 1.0, \"mapEmptyString\": false, \"sourceJavaType\": \"java.lang.String\", \"targetJavaType\": \"java.lang.String\"}}, {\"map\": {\"id\": \"57d9cc01-39fe-451a-bd8e-d43c6ab3744f\", \"root\": false, \"type\": \"map\", \"cached\": false, \"source\": \"/UpdateAmplifyMarketplacePendingApplicationRegistration-ServiceOutput/toolResponseText\", \"target\": \"/UpdateAmplifyMarketplacePendingApplicationRegistrationsMCPServerResponse/TextContent/result/content[]/text\", \"mapNull\": false, \"disabled\": false, \"extractXml\": false, \"extractJson\": false, \"targetOrder\": 5.0, \"mapEmptyString\": false, \"sourceJavaType\": \"java.lang.String\", \"targetJavaType\": \"java.lang.String\"}}]}",
    "null" : false
  },
  "component_id" : "756d919f-1b1f-4eab-9f44-2f7b5bbe175c",
  "service_id" : "74b7f8c3-e074-46dd-a9ef-08e6af8253fc",
  "endpoint_id" : null,
  "parent_component_config_id" : "101f9f91-fe6c-4d6a-8b6b-295e30bff1c5",
  "component_config_order" : 0.5,
  "action_id" : "8e231fcc-71d0-43f6-9303-70dcb0ca6080",
  "name" : "Call UpdateAmplifyMarketplacePendingApplicationRegistration-Service",
  "description" : "",
  "override_endpoint" : false,
  "input_structure_json" : {
    "type" : "jsonb",
    "value" : "{\"maps\": [{\"/UpdateAmplifyMarketplacePendingApplicationRegistration-ServiceInput\": [{\"type\": \"map\", \"source\": {\"path\": \"/UpdateAmplifyMarketplacePendingApplicationRegistrationsMCPServerRequest/body\", \"title\": \"body\", \"dataElementType\": \"document\"}, \"target\": {\"path\": \"/UpdateAmplifyMarketplacePendingApplicationRegistration-ServiceInput\", \"order\": 1, \"title\": \"UpdateAmplifyMarketplacePendingApplicationRegistration-ServiceInput\", \"dataElementType\": \"document\"}, \"mapCondition\": {\"isConditionSet\": false, \"sourceTreeIndex\": [], \"targetTreeIndex\": [], \"mapConditionFormValue\": {}}}]}], \"mappedNodes\": [\"/UpdateAmplifyMarketplacePendingApplicationRegistration-ServiceOutputactionOut\", \"/UpdateAmplifyMarketplacePendingApplicationRegistration-ServiceOutputpipeOut\", \"/UpdateAmplifyMarketplacePendingApplicationRegistration-ServiceOutput/toolResponseType\", \"/toolResponseTypepipeOut\", \"/UpdateAmplifyMarketplacePendingApplicationRegistration-ServiceOutput/toolResponseText\", \"/UpdateAmplifyMarketplacePendingApplicationRegistrationsMCPServerResponse/TextContent/result/content[]/textpipeOut\", \"/UpdateAmplifyMarketplacePendingApplicationRegistrationsMCPServerRequest/body pipeIn\", \"/UpdateAmplifyMarketplacePendingApplicationRegistration-ServiceInput actionIn\"]}",
    "null" : false
  },
  "output_structure_json" : {
    "type" : "jsonb",
    "value" : "{\"maps\": [{\"/UpdateAmplifyMarketplacePendingApplicationRegistration-ServiceOutput\": [{\"type\": \"map\", \"source\": {\"path\": \"/UpdateAmplifyMarketplacePendingApplicationRegistration-ServiceOutput\", \"title\": \"UpdateAmplifyMarketplacePendingApplicationRegistration-ServiceOutput\", \"dataElementType\": \"document\"}, \"target\": {\"path\": \"/UpdateAmplifyMarketplacePendingApplicationRegistration-ServiceOutput\", \"order\": 1, \"title\": \"UpdateAmplifyMarketplacePendingApplicationRegistration-ServiceOutput\", \"dataElementType\": \"document\"}, \"mapCondition\": {\"isConditionSet\": false, \"sourceTreeIndex\": [], \"targetTreeIndex\": [], \"mapConditionFormValue\": {}}}]}, {\"/toolResponseType\": [{\"type\": \"map\", \"source\": {\"path\": \"/UpdateAmplifyMarketplacePendingApplicationRegistration-ServiceOutput/toolResponseType\", \"title\": \"toolResponseType\", \"dataElementType\": \"string\"}, \"target\": {\"path\": \"/toolResponseType\", \"order\": 1, \"title\": \"toolResponseType\", \"dataElementType\": \"string\"}, \"mapCondition\": {\"isConditionSet\": false, \"sourceTreeIndex\": [], \"targetTreeIndex\": [], \"mapConditionFormValue\": {}}}]}, {\"/UpdateAmplifyMarketplacePendingApplicationRegistrationsMCPServerResponse/TextContent/result/content[]/text\": [{\"type\": \"list\", \"source\": {\"path\": \"/UpdateAmplifyMarketplacePendingApplicationRegistration-ServiceOutput/toolResponseText\", \"title\": \"toolResponseText\", \"dataElementType\": \"string\"}, \"target\": {\"path\": \"/UpdateAmplifyMarketplacePendingApplicationRegistrationsMCPServerResponse/TextContent/result/content[]/text\", \"order\": 5, \"title\": \"text\", \"dataElementType\": \"string\"}, \"mapCondition\": {\"isConditionSet\": false, \"sourceTreeIndex\": [{\"key\": 1, \"title\": \"UpdateAmplifyMarketplacePendingApplicationRegistration-ServiceOutput\", \"isLeaf\": false, \"isArray\": false, \"children\": [{\"key\": 2, \"title\": \"toolResponseText\", \"isLeaf\": false, \"isArray\": false, \"parentKey\": 1}], \"parentKey\": 0}], \"targetTreeIndex\": [{\"key\": 1, \"title\": \"UpdateAmplifyMarketplacePendingApplicationRegistrationsMCPServerResponse\", \"isLeaf\": false, \"isArray\": false, \"children\": [{\"key\": 2, \"title\": \"TextContent\", \"isLeaf\": false, \"isArray\": false, \"children\": [{\"key\": 3, \"title\": \"result\", \"isLeaf\": false, \"isArray\": false, \"children\": [{\"key\": 4, \"title\": \"content\", \"isLeaf\": false, \"isArray\": true, \"children\": [{\"key\": 5, \"title\": \"text\", \"isLeaf\": false, \"isArray\": false, \"parentKey\": 4}], \"parentKey\": 3, \"arrayIndex\": null}], \"parentKey\": 2}], \"parentKey\": 1}], \"parentKey\": 0}], \"mapConditionFormValue\": {}}}]}], \"tracks\": {}, \"transformer\": []}",
    "null" : false
  },
  "endpoint_structure_json" : {
    "type" : "jsonb",
    "value" : "{\"maps\": []}",
    "null" : false
  },
  "is_error" : false,
  "no_of_errors" : 0,
  "action_input_type" : null,
  "config_service_id" : "74f7f380-cb55-4dd6-9b84-40bfbc9eb897",
  "config_imap_id" : null,
  "config_b2b_document_type_id" : null,
  "config_document_id" : null,
  "add_variables" : {
    "type" : "jsonb",
    "value" : "[]",
    "null" : false
  },
  "drop_variables" : {
    "type" : "jsonb",
    "value" : "[]",
    "null" : false
  },
  "plug_input_structure" : null,
  "plug_output_structure" : null,
  "config_plug_id" : null,
  "override_plug" : false,
  "config_java_service_id" : null,
  "service_tag" : "V12",
  "endpoint_tag" : null,
  "config_service_tag" : "EMPTY",
  "config_imap_tag" : "",
  "config_b2b_document_type_tag" : "",
  "active" : false,
  "parent_component_config_service_tag" : "V12",
  "service_project_id" : "27edbc36-f404-4005-832a-6f6f32f16f6e",
  "service_project_tag" : "V12",
  "config_service_project_id" : "27edbc36-f404-4005-832a-6f6f32f16f6e",
  "config_service_project_tag" : "EMPTY",
  "config_imap_project_id" : null,
  "config_imap_project_tag" : "",
  "config_b2b_document_type_project_id" : null,
  "config_b2b_document_type_project_tag" : "",
  "endpoint_project_id" : null,
  "endpoint_project_tag" : null,
  "config_plug_tag" : null,
  "config_plug_project_id" : null,
  "config_plug_project_tag" : null,
  "config_java_service_tag" : "",
  "config_java_service_project_id" : null,
  "config_java_service_project_tag" : "",
  "disabled" : false,
  "config" : {
    "type" : "json",
    "value" : "{\"serviceProjectName\":\"FusionAmplifyMCP\"}",
    "null" : false
  },
  "config_b2b_document_type_project_mode_id" : "112c1cb8-4b9e-4d1a-a042-0bd031dc7d05",
  "config_imap_project_mode_id" : "112c1cb8-4b9e-4d1a-a042-0bd031dc7d05",
  "config_java_service_project_mode_id" : "112c1cb8-4b9e-4d1a-a042-0bd031dc7d05",
  "config_plug_project_mode_id" : "112c1cb8-4b9e-4d1a-a042-0bd031dc7d05",
  "config_service_project_mode_id" : "112c1cb8-4b9e-4d1a-a042-0bd031dc7d05",
  "endpoint_project_mode_id" : "112c1cb8-4b9e-4d1a-a042-0bd031dc7d05",
  "service_project_mode_id" : "112c1cb8-4b9e-4d1a-a042-0bd031dc7d05",
  "parent_component_config_service_project_mode_id" : "112c1cb8-4b9e-4d1a-a042-0bd031dc7d05",
  "is_audit" : true,
  "keys_with_order" : null
}