{
  "component_config_id" : "148927c7-55b7-4088-8b25-c6de764201a4",
  "endpoint_config_json" : {
    "type" : "jsonb",
    "value" : "{\"crossRef\": [], \"services\": [], \"multistep\": [], \"operations\": []}",
    "null" : false
  },
  "input_config_json" : {
    "type" : "jsonb",
    "value" : "{\"crossRef\": [], \"services\": [], \"multistep\": [], \"operations\": []}",
    "null" : false
  },
  "output_config_json" : {
    "type" : "jsonb",
    "value" : "{\"crossRef\": [], \"services\": [], \"multistep\": [], \"operations\": [{\"map\": {\"id\": \"15216392-007c-461a-b135-8ec5cc8954d5\", \"root\": true, \"type\": \"map\", \"cached\": false, \"source\": \"/GetProducts-ServiceOutput\", \"target\": \"/GetProducts-ServiceOutput\", \"mapNull\": false, \"disabled\": false, \"extractXml\": false, \"extractJson\": false, \"targetOrder\": 1.0, \"mapEmptyString\": false}}, {\"map\": {\"id\": \"a2be3433-0f1f-4d12-933d-5b21bfadd7b4\", \"root\": false, \"type\": \"map\", \"cached\": false, \"source\": \"/GetProducts-ServiceOutput/toolResponseType\", \"target\": \"/toolResponseType\", \"mapNull\": false, \"disabled\": false, \"extractXml\": false, \"extractJson\": false, \"targetOrder\": 1.0, \"mapEmptyString\": false, \"sourceJavaType\": \"java.lang.String\", \"targetJavaType\": \"java.lang.String\"}}, {\"map\": {\"id\": \"13604de6-bbbd-4e96-a499-9e90b0a4e6bd\", \"root\": false, \"type\": \"map\", \"cached\": false, \"source\": \"/GetProducts-ServiceOutput/toolResponseText\", \"target\": \"/GetMarketplaceProductsMCPServerResponse/TextContent/result/content[]/text\", \"mapNull\": false, \"disabled\": false, \"extractXml\": false, \"extractJson\": false, \"targetOrder\": 5.0, \"mapEmptyString\": false, \"sourceJavaType\": \"java.lang.String\", \"targetJavaType\": \"java.lang.String\"}}]}",
    "null" : false
  },
  "component_id" : "756d919f-1b1f-4eab-9f44-2f7b5bbe175c",
  "service_id" : "5d700bf2-2918-418c-b9a8-696981b173d8",
  "endpoint_id" : null,
  "parent_component_config_id" : "616085cf-c7c3-468c-86e9-0419f3508bc4",
  "component_config_order" : 0.5,
  "action_id" : "8e231fcc-71d0-43f6-9303-70dcb0ca6080",
  "name" : "Call GetProducts-Service",
  "description" : "",
  "override_endpoint" : false,
  "input_structure_json" : {
    "type" : "jsonb",
    "value" : "{\"maps\": [], \"mappedNodes\": [\"/GetProducts-ServiceOutputactionOut\", \"/GetProducts-ServiceOutputpipeOut\", \"/GetProducts-ServiceOutput/toolResponseType\", \"/toolResponseTypepipeOut\", \"/GetProducts-ServiceOutput/toolResponseText\", \"/GetMarketplaceProductsMCPServerResponse/TextContent/result/content[]/textpipeOut\"]}",
    "null" : false
  },
  "output_structure_json" : {
    "type" : "jsonb",
    "value" : "{\"maps\": [{\"/GetProducts-ServiceOutput\": [{\"type\": \"map\", \"source\": {\"path\": \"/GetProducts-ServiceOutput\", \"title\": \"GetProducts-ServiceOutput\", \"dataElementType\": \"document\"}, \"target\": {\"path\": \"/GetProducts-ServiceOutput\", \"order\": 1, \"title\": \"GetProducts-ServiceOutput\", \"dataElementType\": \"document\"}, \"mapCondition\": {\"isConditionSet\": false, \"sourceTreeIndex\": [], \"targetTreeIndex\": [], \"mapConditionFormValue\": {}}}]}, {\"/toolResponseType\": [{\"type\": \"map\", \"source\": {\"path\": \"/GetProducts-ServiceOutput/toolResponseType\", \"title\": \"toolResponseType\", \"dataElementType\": \"string\"}, \"target\": {\"path\": \"/toolResponseType\", \"order\": 1, \"title\": \"toolResponseType\", \"dataElementType\": \"string\"}, \"mapCondition\": {\"isConditionSet\": false, \"sourceTreeIndex\": [], \"targetTreeIndex\": [], \"mapConditionFormValue\": {}}}]}, {\"/GetMarketplaceProductsMCPServerResponse/TextContent/result/content[]/text\": [{\"type\": \"list\", \"source\": {\"path\": \"/GetProducts-ServiceOutput/toolResponseText\", \"title\": \"toolResponseText\", \"dataElementType\": \"string\"}, \"target\": {\"path\": \"/GetMarketplaceProductsMCPServerResponse/TextContent/result/content[]/text\", \"order\": 5, \"title\": \"text\", \"dataElementType\": \"string\"}, \"mapCondition\": {\"isConditionSet\": false, \"sourceTreeIndex\": [{\"key\": 1, \"title\": \"GetProducts-ServiceOutput\", \"isLeaf\": false, \"isArray\": false, \"children\": [{\"key\": 2, \"title\": \"toolResponseText\", \"isLeaf\": false, \"isArray\": false, \"parentKey\": 1}], \"parentKey\": 0}], \"targetTreeIndex\": [{\"key\": 1, \"title\": \"GetMarketplaceProductsMCPServerResponse\", \"isLeaf\": false, \"isArray\": false, \"children\": [{\"key\": 2, \"title\": \"TextContent\", \"isLeaf\": false, \"isArray\": false, \"children\": [{\"key\": 3, \"title\": \"result\", \"isLeaf\": false, \"isArray\": false, \"children\": [{\"key\": 4, \"title\": \"content\", \"isLeaf\": false, \"isArray\": true, \"children\": [{\"key\": 5, \"title\": \"text\", \"isLeaf\": false, \"isArray\": false, \"parentKey\": 4}], \"parentKey\": 3, \"arrayIndex\": null}], \"parentKey\": 2}], \"parentKey\": 1}], \"parentKey\": 0}], \"mapConditionFormValue\": {}}}]}], \"tracks\": {}, \"transformer\": []}",
    "null" : false
  },
  "endpoint_structure_json" : {
    "type" : "jsonb",
    "value" : "{\"maps\": []}",
    "null" : false
  },
  "is_error" : false,
  "no_of_errors" : 0,
  "action_input_type" : null,
  "config_service_id" : "36f11b10-9911-4e5f-883a-acefd157e343",
  "config_imap_id" : null,
  "config_b2b_document_type_id" : null,
  "config_document_id" : null,
  "add_variables" : {
    "type" : "jsonb",
    "value" : "[]",
    "null" : false
  },
  "drop_variables" : {
    "type" : "jsonb",
    "value" : "[]",
    "null" : false
  },
  "plug_input_structure" : null,
  "plug_output_structure" : null,
  "config_plug_id" : null,
  "override_plug" : false,
  "config_java_service_id" : null,
  "service_tag" : "V12",
  "endpoint_tag" : null,
  "config_service_tag" : "EMPTY",
  "config_imap_tag" : "",
  "config_b2b_document_type_tag" : "",
  "active" : false,
  "parent_component_config_service_tag" : "V12",
  "service_project_id" : "27edbc36-f404-4005-832a-6f6f32f16f6e",
  "service_project_tag" : "V12",
  "config_service_project_id" : "27edbc36-f404-4005-832a-6f6f32f16f6e",
  "config_service_project_tag" : "EMPTY",
  "config_imap_project_id" : null,
  "config_imap_project_tag" : "",
  "config_b2b_document_type_project_id" : null,
  "config_b2b_document_type_project_tag" : "",
  "endpoint_project_id" : null,
  "endpoint_project_tag" : null,
  "config_plug_tag" : null,
  "config_plug_project_id" : null,
  "config_plug_project_tag" : null,
  "config_java_service_tag" : "",
  "config_java_service_project_id" : null,
  "config_java_service_project_tag" : "",
  "disabled" : false,
  "config" : {
    "type" : "json",
    "value" : "{\"serviceProjectName\":\"FusionAmplifyMCP\"}",
    "null" : false
  },
  "config_b2b_document_type_project_mode_id" : "112c1cb8-4b9e-4d1a-a042-0bd031dc7d05",
  "config_imap_project_mode_id" : "112c1cb8-4b9e-4d1a-a042-0bd031dc7d05",
  "config_java_service_project_mode_id" : "112c1cb8-4b9e-4d1a-a042-0bd031dc7d05",
  "config_plug_project_mode_id" : "112c1cb8-4b9e-4d1a-a042-0bd031dc7d05",
  "config_service_project_mode_id" : "112c1cb8-4b9e-4d1a-a042-0bd031dc7d05",
  "endpoint_project_mode_id" : "112c1cb8-4b9e-4d1a-a042-0bd031dc7d05",
  "service_project_mode_id" : "112c1cb8-4b9e-4d1a-a042-0bd031dc7d05",
  "parent_component_config_service_project_mode_id" : "112c1cb8-4b9e-4d1a-a042-0bd031dc7d05",
  "is_audit" : true,
  "keys_with_order" : null
}