{
  "component_config_id" : "f6604492-021f-4086-9eae-4bbc68e7420d",
  "endpoint_config_json" : {
    "type" : "jsonb",
    "value" : "{\"crossRef\": [], \"services\": [], \"multistep\": [], \"operations\": []}",
    "null" : false
  },
  "input_config_json" : {
    "type" : "jsonb",
    "value" : "{\"crossRef\": [], \"services\": [], \"multistep\": [], \"operations\": []}",
    "null" : false
  },
  "output_config_json" : {
    "type" : "jsonb",
    "value" : "{\"crossRef\": [], \"services\": [], \"multistep\": [], \"operations\": [{\"map\": {\"id\": \"83c85a91-cfbc-483b-8d0c-4c3a9abd8cc5\", \"root\": false, \"type\": \"setValue\", \"cached\": false, \"target\": \"/UpdateProductIcon-ServiceOutput/responseToolType\", \"mapNull\": false, \"disabled\": false, \"extractXml\": false, \"extractJson\": false, \"targetOrder\": 1.0, \"targetValue\": \"TextContent\", \"mapEmptyString\": false, \"targetJavaType\": \"java.lang.String\", \"variableSubstitution\": false}}, {\"map\": {\"id\": \"5d21be1c-3b0b-444f-a9df-be1925015fe5\", \"root\": false, \"type\": \"setValue\", \"cached\": false, \"target\": \"/UpdateProductIcon-ServiceOutput/responseToolText\", \"mapNull\": false, \"disabled\": false, \"extractXml\": false, \"extractJson\": false, \"targetOrder\": 1.0, \"targetValue\": \"There was a problem updating the product documentation for product: %{/UpdateProductIcon-ServiceInput/productName}% using prompt:'%{/UpdateProductIcon-ServiceInput/iconPrompt}%'\", \"mapEmptyString\": false, \"targetJavaType\": \"java.lang.String\", \"variableSubstitution\": true}}]}",
    "null" : false
  },
  "component_id" : "8ac5fe03-27a2-4e6a-a449-6a8893818223",
  "service_id" : "b6eb64c0-c11b-4eb2-b1b8-6153d414dd55",
  "endpoint_id" : null,
  "parent_component_config_id" : null,
  "component_config_order" : 0.125,
  "action_id" : "06843b78-eab0-45da-afab-8c8277d7553f",
  "name" : "Set default response",
  "description" : "",
  "override_endpoint" : false,
  "input_structure_json" : {
    "type" : "jsonb",
    "value" : "{\"maps\": [], \"mappedNodes\": [\"/UpdateProductIcon-ServiceOutput/responseToolTypepipeOut\", \"/UpdateProductIcon-ServiceOutputpipeOut\", \"/UpdateProductIcon-ServiceOutput/responseToolTextpipeOut\", \"/UpdateProductIcon-ServiceOutputpipeOut\"]}",
    "null" : false
  },
  "output_structure_json" : {
    "type" : "jsonb",
    "value" : "{\"maps\": [{\"/UpdateProductIcon-ServiceOutput/responseToolType\": [{\"type\": \"setValue\", \"order\": 1, \"target\": {\"path\": \"/UpdateProductIcon-ServiceOutput/responseToolType\", \"order\": 1, \"title\": \"responseToolType\", \"dataElementType\": \"string\"}, \"values\": [{\"id\": \"598f21bc-4c40-497c-87d7-e3abe5ed34af\", \"key\": \"/UpdateProductIcon-ServiceOutput/responseToolType\", \"type\": \"node\", \"order\": 1, \"title\": \"responseToolType\", \"children\": [], \"setValue\": null, \"editAllow\": true, \"uiElement\": \"TextContent\", \"isSetValue\": false, \"childrenSet\": false, \"hasChildren\": false, \"dataElementType\": \"string\", \"encryption_required\": false}], \"mapCondition\": {\"isConditionSet\": false, \"sourceTreeIndex\": [], \"targetTreeIndex\": [], \"mapConditionFormValue\": {}}, \"dataElementType\": \"string\", \"variableSubstitution\": false, \"overwritePipelineValue\": false}]}, {\"/UpdateProductIcon-ServiceOutput/responseToolText\": [{\"type\": \"setValue\", \"order\": 1, \"target\": {\"path\": \"/UpdateProductIcon-ServiceOutput/responseToolText\", \"order\": 1, \"title\": \"responseToolText\", \"dataElementType\": \"string\"}, \"values\": [{\"id\": \"4d536cf1-c13b-4f71-b523-6878fafba876\", \"key\": \"/UpdateProductIcon-ServiceOutput/responseToolText\", \"type\": \"node\", \"order\": 1, \"title\": \"responseToolText\", \"children\": [], \"setValue\": null, \"editAllow\": true, \"uiElement\": \"There was a problem updating the product documentation for product: <input _ngcontent-ng-c393407261=\\\"\\\" class=\\\"chip\\\" title=\\\"/UpdateProductIcon-ServiceInput/productName\\\" readonly=\\\"true\\\" disabled=\\\"true\\\" type=\\\"button\\\" value=\\\"productName\\\"> using prompt:'<input _ngcontent-ng-c393407261=\\\"\\\" class=\\\"chip\\\" title=\\\"/UpdateProductIcon-ServiceInput/iconPrompt\\\" readonly=\\\"true\\\" disabled=\\\"true\\\" type=\\\"button\\\" value=\\\"iconPrompt\\\">'\", \"isSetValue\": false, \"childrenSet\": false, \"hasChildren\": false, \"dataElementType\": \"string\", \"encryption_required\": false}], \"mapCondition\": {\"isConditionSet\": false, \"sourceTreeIndex\": [], \"targetTreeIndex\": [], \"mapConditionFormValue\": {}}, \"dataElementType\": \"string\", \"variableSubstitution\": true, \"overwritePipelineValue\": false}]}], \"tracks\": {}, \"transformer\": []}",
    "null" : false
  },
  "endpoint_structure_json" : {
    "type" : "jsonb",
    "value" : "{\"maps\": []}",
    "null" : false
  },
  "is_error" : false,
  "no_of_errors" : 0,
  "action_input_type" : null,
  "config_service_id" : null,
  "config_imap_id" : null,
  "config_b2b_document_type_id" : null,
  "config_document_id" : null,
  "add_variables" : {
    "type" : "jsonb",
    "value" : "[]",
    "null" : false
  },
  "drop_variables" : {
    "type" : "jsonb",
    "value" : "[]",
    "null" : false
  },
  "plug_input_structure" : null,
  "plug_output_structure" : null,
  "config_plug_id" : null,
  "override_plug" : false,
  "config_java_service_id" : null,
  "service_tag" : "V12",
  "endpoint_tag" : null,
  "config_service_tag" : "",
  "config_imap_tag" : "",
  "config_b2b_document_type_tag" : "",
  "active" : false,
  "parent_component_config_service_tag" : "V12",
  "service_project_id" : "27edbc36-f404-4005-832a-6f6f32f16f6e",
  "service_project_tag" : "V12",
  "config_service_project_id" : null,
  "config_service_project_tag" : "",
  "config_imap_project_id" : null,
  "config_imap_project_tag" : "",
  "config_b2b_document_type_project_id" : null,
  "config_b2b_document_type_project_tag" : "",
  "endpoint_project_id" : null,
  "endpoint_project_tag" : null,
  "config_plug_tag" : null,
  "config_plug_project_id" : null,
  "config_plug_project_tag" : null,
  "config_java_service_tag" : "",
  "config_java_service_project_id" : null,
  "config_java_service_project_tag" : "",
  "disabled" : false,
  "config" : null,
  "config_b2b_document_type_project_mode_id" : "112c1cb8-4b9e-4d1a-a042-0bd031dc7d05",
  "config_imap_project_mode_id" : "112c1cb8-4b9e-4d1a-a042-0bd031dc7d05",
  "config_java_service_project_mode_id" : "112c1cb8-4b9e-4d1a-a042-0bd031dc7d05",
  "config_plug_project_mode_id" : "112c1cb8-4b9e-4d1a-a042-0bd031dc7d05",
  "config_service_project_mode_id" : "112c1cb8-4b9e-4d1a-a042-0bd031dc7d05",
  "endpoint_project_mode_id" : "112c1cb8-4b9e-4d1a-a042-0bd031dc7d05",
  "service_project_mode_id" : "112c1cb8-4b9e-4d1a-a042-0bd031dc7d05",
  "parent_component_config_service_project_mode_id" : "112c1cb8-4b9e-4d1a-a042-0bd031dc7d05",
  "is_audit" : true,
  "keys_with_order" : null
}