{
  "component_config_id" : "b9830a02-d1fb-4969-9f0f-7a9048297edf",
  "endpoint_config_json" : {
    "type" : "jsonb",
    "value" : "{\"crossRef\": [], \"services\": [], \"multistep\": [], \"operations\": []}",
    "null" : false
  },
  "input_config_json" : {
    "type" : "jsonb",
    "value" : "{\"crossRef\": [], \"services\": [], \"multistep\": [], \"operations\": [{\"map\": {\"id\": \"3e36e365-bbb7-4be7-a728-d398439052ae\", \"root\": false, \"type\": \"setValue\", \"cached\": false, \"target\": \"/HTTPSPostInput/basePath\", \"mapNull\": false, \"disabled\": false, \"extractXml\": false, \"extractJson\": false, \"targetOrder\": 4.0, \"targetValue\": \"/images/generations\", \"mapEmptyString\": false, \"targetJavaType\": \"java.lang.String\", \"variableSubstitution\": false}}, {\"map\": {\"id\": \"3cf4ce4c-1a99-4551-bb78-940e198a5dd2\", \"root\": false, \"type\": \"setValue\", \"cached\": false, \"target\": \"/HTTPSPostInput/body\", \"mapNull\": false, \"disabled\": false, \"extractXml\": false, \"extractJson\": false, \"targetOrder\": 3.0, \"targetValue\": \"{\\n    \\\"model\\\": \\\"gpt-image-1\\\",\\n    \\\"prompt\\\": \\\"png application icon with transparency of translate as in language translation\\\",\\n    \\\"n\\\": 1,\\n    \\\"size\\\": \\\"1024x1024\\\"\\n  }\", \"mapEmptyString\": false, \"targetJavaType\": \"java.lang.String\", \"variableSubstitution\": false}}]}",
    "null" : false
  },
  "output_config_json" : {
    "type" : "jsonb",
    "value" : "{\"crossRef\": [], \"services\": [], \"multistep\": [], \"operations\": [{\"map\": {\"id\": \"0075de60-ec8a-41e3-a807-4acca7208afc\", \"root\": true, \"type\": \"map\", \"cached\": false, \"source\": \"/HTTPSPostOutput\", \"target\": \"/HTTPSPostOutput\", \"mapNull\": false, \"disabled\": false, \"extractXml\": false, \"extractJson\": false, \"mapEmptyString\": false}}]}",
    "null" : false
  },
  "component_id" : "1dd81dfd-e452-4eb3-bbd7-bc6f0da00cbd",
  "service_id" : "baaf1bd2-a242-46b5-8502-5d67380d74c9",
  "endpoint_id" : "1b9e6e0c-ab2b-4799-b4bc-6449deb568bc",
  "parent_component_config_id" : null,
  "component_config_order" : 4.0,
  "action_id" : "c3ddf699-458d-4e3a-84e3-66f8320787eb",
  "name" : "",
  "description" : "",
  "override_endpoint" : false,
  "input_structure_json" : {
    "type" : "jsonb",
    "value" : "{\"maps\": [{\"/HTTPSPostInput/basePath\": [{\"type\": \"setValue\", \"target\": {\"path\": \"/HTTPSPostInput/basePath\", \"order\": 4, \"title\": \"basePath\", \"dataElementType\": \"string\"}, \"values\": [{\"id\": \"014f9a5e-5eb6-4c5e-ac64-ed9cf3150f6b\", \"key\": \"/HTTPSPostInput/basePath\", \"type\": \"object\", \"order\": 4, \"title\": \"basePath\", \"isLeaf\": false, \"children\": [], \"setValue\": null, \"uiElement\": \"/images/generations\", \"isSetValue\": false, \"childrenSet\": false, \"hasChildren\": false, \"dataElementType\": \"string\", \"encryption_required\": false}], \"mapCondition\": {\"isConditionSet\": false, \"sourceTreeIndex\": [], \"targetTreeIndex\": [], \"mapConditionFormValue\": {}}, \"variableSubstitution\": false, \"overwritePipelineValue\": false}]}, {\"/HTTPSPostInput/body\": [{\"type\": \"setValue\", \"target\": {\"path\": \"/HTTPSPostInput/body\", \"order\": 3, \"title\": \"body\", \"dataElementType\": \"string\"}, \"values\": [{\"id\": \"0fc12b33-15e2-49d0-a7d7-b0af5be280f8\", \"key\": \"/HTTPSPostInput/body\", \"type\": \"object\", \"order\": 3, \"title\": \"body\", \"isLeaf\": false, \"children\": [], \"setValue\": null, \"uiElement\": \"{\\n    \\\"model\\\": \\\"gpt-image-1\\\",\\n    \\\"prompt\\\": \\\"png application icon with transparency of translate as in language translation\\\",\\n    \\\"n\\\": 1,\\n    \\\"size\\\": \\\"1024x1024\\\"\\n  }\", \"isSetValue\": false, \"childrenSet\": false, \"hasChildren\": false, \"dataElementType\": \"string\", \"encryption_required\": false}], \"mapCondition\": {\"isConditionSet\": false, \"sourceTreeIndex\": [], \"targetTreeIndex\": [], \"mapConditionFormValue\": {}}, \"variableSubstitution\": false, \"overwritePipelineValue\": false}]}], \"mappedNodes\": [\"/HTTPSPostOutput\", \"/HTTPSPostOutputpipeOut\", \"/HTTPSPostInput/basePath actionIn\", \"/HTTPSPostInput actionIn\", \"/HTTPSPostInput/queryParams/model actionIn\", \"/HTTPSPostInput/queryParams actionIn\", \"/HTTPSPostInput actionIn\", \"/HTTPSPostInput/queryParams/n actionIn\", \"/HTTPSPostInput/queryParams actionIn\", \"/HTTPSPostInput actionIn\", \"/HTTPSPostInput/queryParams/prompt actionIn\", \"/HTTPSPostInput/queryParams actionIn\", \"/HTTPSPostInput actionIn\", \"/HTTPSPostInput/queryParams/size actionIn\", \"/HTTPSPostInput/queryParams actionIn\", \"/HTTPSPostInput actionIn\", \"/HTTPSPostInput actionIn\", \"/HTTPSPostInput/queryParams actionIn\", \"/HTTPSPostInput actionIn\", \"/HTTPSPostInput/queryParams actionIn\", \"/HTTPSPostInput actionIn\", \"/HTTPSPostInput/body actionIn\", \"/HTTPSPostInput actionIn\", \"/HTTPSPostInput/body actionIn\", \"/HTTPSPostInput actionIn\", \"/HTTPSPostInput/body actionIn\", \"/HTTPSPostInput actionIn\"], \"addVariables\": []}",
    "null" : false
  },
  "output_structure_json" : {
    "type" : "jsonb",
    "value" : "{\"maps\": [{\"/HTTPSPostOutput\": [{\"type\": \"map\", \"source\": {\"path\": \"/HTTPSPostOutput\", \"title\": \"HTTPSPostOutput\", \"dataElementType\": \"document\"}, \"target\": {\"path\": \"/HTTPSPostOutput\", \"alias\": null, \"order\": null, \"title\": \"HTTPSPostOutput\", \"dataElementType\": \"document\"}, \"mapCondition\": {\"mapNull\": null, \"defaultValue\": null, \"isConditionSet\": false, \"mapEmptyString\": null, \"sourceTreeIndex\": [], \"targetTreeIndex\": [], \"mapConditionFormValue\": {\"fields\": null}}}]}], \"tracks\": {}, \"transformer\": []}",
    "null" : false
  },
  "endpoint_structure_json" : {
    "type" : "jsonb",
    "value" : "{\"maps\": []}",
    "null" : false
  },
  "is_error" : false,
  "no_of_errors" : 0,
  "action_input_type" : null,
  "config_service_id" : null,
  "config_imap_id" : null,
  "config_b2b_document_type_id" : null,
  "config_document_id" : null,
  "add_variables" : {
    "type" : "jsonb",
    "value" : "[]",
    "null" : false
  },
  "drop_variables" : {
    "type" : "jsonb",
    "value" : "[]",
    "null" : false
  },
  "plug_input_structure" : null,
  "plug_output_structure" : null,
  "config_plug_id" : null,
  "override_plug" : false,
  "config_java_service_id" : null,
  "service_tag" : "V16",
  "endpoint_tag" : "EMPTY",
  "config_service_tag" : "",
  "config_imap_tag" : "",
  "config_b2b_document_type_tag" : "",
  "active" : false,
  "parent_component_config_service_tag" : "V16",
  "service_project_id" : "27edbc36-f404-4005-832a-6f6f32f16f6e",
  "service_project_tag" : "V16",
  "config_service_project_id" : null,
  "config_service_project_tag" : "",
  "config_imap_project_id" : null,
  "config_imap_project_tag" : "",
  "config_b2b_document_type_project_id" : null,
  "config_b2b_document_type_project_tag" : "",
  "endpoint_project_id" : "27edbc36-f404-4005-832a-6f6f32f16f6e",
  "endpoint_project_tag" : "EMPTY",
  "config_plug_tag" : null,
  "config_plug_project_id" : null,
  "config_plug_project_tag" : null,
  "config_java_service_tag" : "",
  "config_java_service_project_id" : null,
  "config_java_service_project_tag" : "",
  "disabled" : false,
  "config" : {
    "type" : "json",
    "value" : "{}",
    "null" : false
  },
  "config_b2b_document_type_project_mode_id" : "112c1cb8-4b9e-4d1a-a042-0bd031dc7d05",
  "config_imap_project_mode_id" : "112c1cb8-4b9e-4d1a-a042-0bd031dc7d05",
  "config_java_service_project_mode_id" : "112c1cb8-4b9e-4d1a-a042-0bd031dc7d05",
  "config_plug_project_mode_id" : "112c1cb8-4b9e-4d1a-a042-0bd031dc7d05",
  "config_service_project_mode_id" : "112c1cb8-4b9e-4d1a-a042-0bd031dc7d05",
  "endpoint_project_mode_id" : "112c1cb8-4b9e-4d1a-a042-0bd031dc7d05",
  "service_project_mode_id" : "112c1cb8-4b9e-4d1a-a042-0bd031dc7d05",
  "parent_component_config_service_project_mode_id" : "112c1cb8-4b9e-4d1a-a042-0bd031dc7d05",
  "is_audit" : true,
  "keys_with_order" : null
}