{
  "component_config_id" : "34e51470-a37b-4019-8471-ef240c3d68b9",
  "endpoint_config_json" : {
    "type" : "jsonb",
    "value" : "{\"crossRef\": [], \"services\": [], \"multistep\": [], \"operations\": []}",
    "null" : false
  },
  "input_config_json" : {
    "type" : "jsonb",
    "value" : "{\"crossRef\": [], \"services\": [], \"multistep\": [], \"operations\": [{\"map\": {\"id\": \"cad260e7-6005-4d20-b351-c99549c351fc\", \"root\": false, \"type\": \"map\", \"cached\": false, \"source\": \"/UpdateAmplifyMarketplaceProductDocumentationMCPServerRequest/body/productName\", \"target\": \"/UpdateProductDocumentation-ServiceInput/productName\", \"mapNull\": false, \"disabled\": false, \"extractXml\": false, \"extractJson\": false, \"targetOrder\": 1.0, \"mapEmptyString\": false, \"sourceJavaType\": \"java.lang.String\", \"targetJavaType\": \"java.lang.String\"}}, {\"map\": {\"id\": \"f8643a9e-9882-4a61-aa1d-a684e804e168\", \"root\": false, \"type\": \"map\", \"cached\": false, \"source\": \"/UpdateAmplifyMarketplaceProductDocumentationMCPServerRequest/body/documentMarkdownContents\", \"target\": \"/UpdateProductDocumentation-ServiceInput/documentMarkdownContents\", \"mapNull\": false, \"disabled\": false, \"extractXml\": false, \"extractJson\": false, \"targetOrder\": 1.0, \"mapEmptyString\": false, \"sourceJavaType\": \"java.lang.String\", \"targetJavaType\": \"java.lang.String\"}}, {\"map\": {\"id\": \"fc74cdb7-203e-48b7-95bb-812da9e6dab6\", \"root\": false, \"type\": \"map\", \"cached\": false, \"source\": \"/UpdateAmplifyMarketplaceProductDocumentationMCPServerRequest/body/shouldActivateProductAfterUpdate\", \"target\": \"/UpdateProductDocumentation-ServiceInput/shouldActivateProductAfterUpdate\", \"mapNull\": false, \"disabled\": false, \"extractXml\": false, \"extractJson\": false, \"targetOrder\": 1.0, \"mapEmptyString\": false, \"sourceJavaType\": \"java.lang.Boolean\", \"targetJavaType\": \"java.lang.Boolean\"}}, {\"map\": {\"id\": \"438f0ffb-c0f0-4b32-8bf2-361011bc3757\", \"root\": false, \"type\": \"setValue\", \"cached\": false, \"target\": \"/UpdateProductDocumentation-ServiceInput/shouldRemoveProductDocsIfExists\", \"mapNull\": false, \"disabled\": false, \"extractXml\": false, \"extractJson\": false, \"targetOrder\": 1.0, \"targetValue\": \"true\", \"mapEmptyString\": false, \"targetJavaType\": \"java.lang.Boolean\", \"variableSubstitution\": false}}]}",
    "null" : false
  },
  "output_config_json" : {
    "type" : "jsonb",
    "value" : "{\"crossRef\": [], \"services\": [], \"multistep\": [], \"operations\": [{\"map\": {\"id\": \"d885a82e-eb89-4d5a-be75-1360bb3bc5d9\", \"root\": true, \"type\": \"map\", \"cached\": false, \"source\": \"/UpdateProductDocumentation-ServiceOutput\", \"target\": \"/UpdateProductDocumentation-ServiceOutput\", \"mapNull\": false, \"disabled\": false, \"extractXml\": false, \"extractJson\": false, \"targetOrder\": 1.0, \"mapEmptyString\": false}}, {\"map\": {\"id\": \"5ffa1a88-9e20-4701-9dbf-2db3e121a0b8\", \"root\": false, \"type\": \"map\", \"cached\": false, \"source\": \"/UpdateProductDocumentation-ServiceOutput/responseToolType\", \"target\": \"/toolResponseType\", \"mapNull\": false, \"disabled\": false, \"extractXml\": false, \"extractJson\": false, \"targetOrder\": 1.0, \"mapEmptyString\": false, \"sourceJavaType\": \"java.lang.String\", \"targetJavaType\": \"java.lang.String\"}}, {\"map\": {\"id\": \"28e1dbc9-9498-448c-946f-8099607a5af1\", \"root\": false, \"type\": \"map\", \"cached\": false, \"source\": \"/UpdateProductDocumentation-ServiceOutput/responseToolText\", \"target\": \"/UpdateAmplifyMarketplaceProductDocumentationMCPServerResponse/TextContent/result/content[]/text\", \"mapNull\": false, \"disabled\": false, \"extractXml\": false, \"extractJson\": false, \"targetOrder\": 5.0, \"mapEmptyString\": false, \"sourceJavaType\": \"java.lang.String\", \"targetJavaType\": \"java.lang.String\"}}]}",
    "null" : false
  },
  "component_id" : "756d919f-1b1f-4eab-9f44-2f7b5bbe175c",
  "service_id" : "b6698779-0bf4-4854-a0bf-f99977e9073d",
  "endpoint_id" : null,
  "parent_component_config_id" : "6bbc7655-011a-44ba-8592-fcaf6a47639b",
  "component_config_order" : 0.5,
  "action_id" : "8e231fcc-71d0-43f6-9303-70dcb0ca6080",
  "name" : "Call UpdateProductDocumentation-service",
  "description" : "",
  "override_endpoint" : false,
  "input_structure_json" : {
    "type" : "jsonb",
    "value" : "{\"maps\": [{\"/UpdateProductDocumentation-ServiceInput/productName\": [{\"type\": \"map\", \"source\": {\"path\": \"/UpdateAmplifyMarketplaceProductDocumentationMCPServerRequest/body/productName\", \"title\": \"productName\", \"dataElementType\": \"string\"}, \"target\": {\"path\": \"/UpdateProductDocumentation-ServiceInput/productName\", \"order\": 1, \"title\": \"productName\", \"dataElementType\": \"string\"}, \"mapCondition\": {\"isConditionSet\": false, \"sourceTreeIndex\": [], \"targetTreeIndex\": [], \"mapConditionFormValue\": {}}}]}, {\"/UpdateProductDocumentation-ServiceInput/documentMarkdownContents\": [{\"type\": \"map\", \"source\": {\"path\": \"/UpdateAmplifyMarketplaceProductDocumentationMCPServerRequest/body/documentMarkdownContents\", \"title\": \"documentMarkdownContents\", \"dataElementType\": \"string\"}, \"target\": {\"path\": \"/UpdateProductDocumentation-ServiceInput/documentMarkdownContents\", \"order\": 1, \"title\": \"documentMarkdownContents\", \"dataElementType\": \"string\"}, \"mapCondition\": {\"isConditionSet\": false, \"sourceTreeIndex\": [], \"targetTreeIndex\": [], \"mapConditionFormValue\": {}}}]}, {\"/UpdateProductDocumentation-ServiceInput/shouldActivateProductAfterUpdate\": [{\"type\": \"map\", \"source\": {\"path\": \"/UpdateAmplifyMarketplaceProductDocumentationMCPServerRequest/body/shouldActivateProductAfterUpdate\", \"title\": \"shouldActivateProductAfterUpdate\", \"dataElementType\": \"boolean\"}, \"target\": {\"path\": \"/UpdateProductDocumentation-ServiceInput/shouldActivateProductAfterUpdate\", \"order\": 1, \"title\": \"shouldActivateProductAfterUpdate\", \"dataElementType\": \"boolean\"}, \"mapCondition\": {\"isConditionSet\": false, \"sourceTreeIndex\": [], \"targetTreeIndex\": [], \"mapConditionFormValue\": {}}}]}, {\"/UpdateProductDocumentation-ServiceInput/shouldRemoveProductDocsIfExists\": [{\"type\": \"setValue\", \"target\": {\"path\": \"/UpdateProductDocumentation-ServiceInput/shouldRemoveProductDocsIfExists\", \"order\": 1, \"title\": \"shouldRemoveProductDocsIfExists\", \"dataElementType\": \"boolean\"}, \"values\": [{\"id\": \"58632235-f33d-48e5-834a-6421607668d0\", \"key\": \"/UpdateProductDocumentation-ServiceInput/shouldRemoveProductDocsIfExists\", \"type\": \"node\", \"order\": 1, \"title\": \"shouldRemoveProductDocsIfExists\", \"children\": [], \"setValue\": \"true\", \"uiElement\": \"true\", \"isSetValue\": false, \"childrenSet\": false, \"hasChildren\": false, \"dataElementType\": \"boolean\", \"encryption_required\": false}], \"mapCondition\": {\"isConditionSet\": false, \"sourceTreeIndex\": [], \"targetTreeIndex\": [], \"mapConditionFormValue\": {}}, \"variableSubstitution\": false, \"overwritePipelineValue\": false}]}], \"mappedNodes\": [\"/UpdateProductDocumentation-ServiceOutputactionOut\", \"/UpdateProductDocumentation-ServiceOutputpipeOut\", \"/UpdateAmplifyMarketplaceProductDocumentationMCPServerRequest/body/productName pipeIn\", \"/UpdateProductDocumentation-ServiceInput/productName actionIn\", \"/UpdateAmplifyMarketplaceProductDocumentationMCPServerRequest/body/documentMarkdownContents pipeIn\", \"/UpdateProductDocumentation-ServiceInput/documentMarkdownContents actionIn\", \"/UpdateAmplifyMarketplaceProductDocumentationMCPServerRequest/body/shouldActivateProductAfterUpdate pipeIn\", \"/UpdateProductDocumentation-ServiceInput/shouldActivateProductAfterUpdate actionIn\", \"/UpdateProductDocumentation-ServiceInput/shouldRemoveProductDocsIfExists actionIn\", \"/UpdateProductDocumentation-ServiceInput actionIn\", \"/UpdateProductDocumentation-ServiceOutput/responseToolType\", \"/toolResponseTypepipeOut\", \"/UpdateProductDocumentation-ServiceOutput/responseToolText\", \"/UpdateAmplifyMarketplaceProductDocumentationMCPServerResponse/TextContent/result/content[]/textpipeOut\"]}",
    "null" : false
  },
  "output_structure_json" : {
    "type" : "jsonb",
    "value" : "{\"maps\": [{\"/UpdateProductDocumentation-ServiceOutput\": [{\"type\": \"map\", \"source\": {\"path\": \"/UpdateProductDocumentation-ServiceOutput\", \"title\": \"UpdateProductDocumentation-ServiceOutput\", \"dataElementType\": \"document\"}, \"target\": {\"path\": \"/UpdateProductDocumentation-ServiceOutput\", \"order\": 1, \"title\": \"UpdateProductDocumentation-ServiceOutput\", \"dataElementType\": \"document\"}, \"mapCondition\": {\"isConditionSet\": false, \"sourceTreeIndex\": [], \"targetTreeIndex\": [], \"mapConditionFormValue\": {}}}]}, {\"/toolResponseType\": [{\"type\": \"map\", \"source\": {\"path\": \"/UpdateProductDocumentation-ServiceOutput/responseToolType\", \"title\": \"responseToolType\", \"dataElementType\": \"string\"}, \"target\": {\"path\": \"/toolResponseType\", \"order\": 1, \"title\": \"toolResponseType\", \"dataElementType\": \"string\"}, \"mapCondition\": {\"isConditionSet\": false, \"sourceTreeIndex\": [], \"targetTreeIndex\": [], \"mapConditionFormValue\": {}}}]}, {\"/UpdateAmplifyMarketplaceProductDocumentationMCPServerResponse/TextContent/result/content[]/text\": [{\"type\": \"list\", \"source\": {\"path\": \"/UpdateProductDocumentation-ServiceOutput/responseToolText\", \"title\": \"responseToolText\", \"dataElementType\": \"string\"}, \"target\": {\"path\": \"/UpdateAmplifyMarketplaceProductDocumentationMCPServerResponse/TextContent/result/content[]/text\", \"order\": 5, \"title\": \"text\", \"dataElementType\": \"string\"}, \"mapCondition\": {\"isConditionSet\": false, \"sourceTreeIndex\": [{\"key\": 1, \"title\": \"UpdateProductDocumentation-ServiceOutput\", \"isLeaf\": false, \"isArray\": false, \"children\": [{\"key\": 2, \"title\": \"responseToolText\", \"isLeaf\": false, \"isArray\": false, \"parentKey\": 1}], \"parentKey\": 0}], \"targetTreeIndex\": [{\"key\": 1, \"title\": \"UpdateAmplifyMarketplaceProductDocumentationMCPServerResponse\", \"isLeaf\": false, \"isArray\": false, \"children\": [{\"key\": 2, \"title\": \"TextContent\", \"isLeaf\": false, \"isArray\": false, \"children\": [{\"key\": 3, \"title\": \"result\", \"isLeaf\": false, \"isArray\": false, \"children\": [{\"key\": 4, \"title\": \"content\", \"isLeaf\": false, \"isArray\": true, \"children\": [{\"key\": 5, \"title\": \"text\", \"isLeaf\": false, \"isArray\": false, \"parentKey\": 4}], \"parentKey\": 3, \"arrayIndex\": null}], \"parentKey\": 2}], \"parentKey\": 1}], \"parentKey\": 0}], \"mapConditionFormValue\": {}}}]}], \"tracks\": {}, \"transformer\": []}",
    "null" : false
  },
  "endpoint_structure_json" : {
    "type" : "jsonb",
    "value" : "{\"maps\": []}",
    "null" : false
  },
  "is_error" : false,
  "no_of_errors" : 0,
  "action_input_type" : null,
  "config_service_id" : "98dd99ca-9b24-4f83-ae8e-96c2c199c011",
  "config_imap_id" : null,
  "config_b2b_document_type_id" : null,
  "config_document_id" : null,
  "add_variables" : {
    "type" : "jsonb",
    "value" : "[]",
    "null" : false
  },
  "drop_variables" : {
    "type" : "jsonb",
    "value" : "[]",
    "null" : false
  },
  "plug_input_structure" : null,
  "plug_output_structure" : null,
  "config_plug_id" : null,
  "override_plug" : false,
  "config_java_service_id" : null,
  "service_tag" : "V16",
  "endpoint_tag" : null,
  "config_service_tag" : "EMPTY",
  "config_imap_tag" : "",
  "config_b2b_document_type_tag" : "",
  "active" : false,
  "parent_component_config_service_tag" : "V16",
  "service_project_id" : "27edbc36-f404-4005-832a-6f6f32f16f6e",
  "service_project_tag" : "V16",
  "config_service_project_id" : "27edbc36-f404-4005-832a-6f6f32f16f6e",
  "config_service_project_tag" : "EMPTY",
  "config_imap_project_id" : null,
  "config_imap_project_tag" : "",
  "config_b2b_document_type_project_id" : null,
  "config_b2b_document_type_project_tag" : "",
  "endpoint_project_id" : null,
  "endpoint_project_tag" : null,
  "config_plug_tag" : null,
  "config_plug_project_id" : null,
  "config_plug_project_tag" : null,
  "config_java_service_tag" : "",
  "config_java_service_project_id" : null,
  "config_java_service_project_tag" : "",
  "disabled" : false,
  "config" : {
    "type" : "json",
    "value" : "{\"serviceProjectName\":\"FusionAmplifyMCP\"}",
    "null" : false
  },
  "config_b2b_document_type_project_mode_id" : "112c1cb8-4b9e-4d1a-a042-0bd031dc7d05",
  "config_imap_project_mode_id" : "112c1cb8-4b9e-4d1a-a042-0bd031dc7d05",
  "config_java_service_project_mode_id" : "112c1cb8-4b9e-4d1a-a042-0bd031dc7d05",
  "config_plug_project_mode_id" : "112c1cb8-4b9e-4d1a-a042-0bd031dc7d05",
  "config_service_project_mode_id" : "112c1cb8-4b9e-4d1a-a042-0bd031dc7d05",
  "endpoint_project_mode_id" : "112c1cb8-4b9e-4d1a-a042-0bd031dc7d05",
  "service_project_mode_id" : "112c1cb8-4b9e-4d1a-a042-0bd031dc7d05",
  "parent_component_config_service_project_mode_id" : "112c1cb8-4b9e-4d1a-a042-0bd031dc7d05",
  "is_audit" : true,
  "keys_with_order" : null
}