{
  "component_config_id" : "18032dd4-4e9d-4f55-8542-55499e5c93b2",
  "endpoint_config_json" : {
    "type" : "jsonb",
    "value" : "{\"crossRef\": [], \"services\": [], \"multistep\": [], \"operations\": []}",
    "null" : false
  },
  "input_config_json" : {
    "type" : "jsonb",
    "value" : "{\"crossRef\": [], \"services\": [], \"multistep\": [], \"operations\": [{\"map\": {\"id\": \"815230f3-e480-4307-bb90-31d0f7006377\", \"root\": true, \"type\": \"map\", \"cached\": false, \"source\": \"/UpdateAmplifyMarketplacePendingApplicationRegistrationMCPServerRequest/body\", \"target\": \"/UpdateAmplifyMarketplacePendingApplicationRegistration-ServiceInput\", \"mapNull\": false, \"disabled\": false, \"extractXml\": false, \"extractJson\": false, \"targetOrder\": 1.0, \"mapEmptyString\": false}}]}",
    "null" : false
  },
  "output_config_json" : {
    "type" : "jsonb",
    "value" : "{\"crossRef\": [], \"services\": [], \"multistep\": [], \"operations\": [{\"map\": {\"id\": \"fe19dbad-8bbf-4221-b8ae-0fe9da6d5a2c\", \"root\": true, \"type\": \"map\", \"cached\": false, \"source\": \"/UpdateAmplifyMarketplacePendingApplicationRegistration-ServiceOutput\", \"target\": \"/UpdateAmplifyMarketplacePendingApplicationRegistration-ServiceOutput\", \"mapNull\": false, \"disabled\": false, \"extractXml\": false, \"extractJson\": false, \"targetOrder\": 1.0, \"mapEmptyString\": false}}, {\"map\": {\"id\": \"704fee8e-17e6-4fe2-8289-6c696682d272\", \"root\": false, \"type\": \"map\", \"cached\": false, \"source\": \"/UpdateAmplifyMarketplacePendingApplicationRegistration-ServiceOutput/toolResponseText\", \"target\": \"/UpdateAmplifyMarketplacePendingApplicationRegistrationMCPServerResponse/TextContent/result/content[]/text\", \"mapNull\": false, \"disabled\": false, \"extractXml\": false, \"extractJson\": false, \"targetOrder\": 5.0, \"mapEmptyString\": false, \"sourceJavaType\": \"java.lang.String\", \"targetJavaType\": \"java.lang.String\"}}, {\"map\": {\"id\": \"c4fad15f-816d-4816-99a7-b910b5153e3d\", \"root\": false, \"type\": \"map\", \"cached\": false, \"source\": \"/UpdateAmplifyMarketplacePendingApplicationRegistration-ServiceOutput/toolResponseType\", \"target\": \"/toolResponseType\", \"mapNull\": false, \"disabled\": false, \"extractXml\": false, \"extractJson\": false, \"targetOrder\": 1.0, \"mapEmptyString\": false, \"sourceJavaType\": \"java.lang.String\", \"targetJavaType\": \"java.lang.String\"}}]}",
    "null" : false
  },
  "component_id" : "756d919f-1b1f-4eab-9f44-2f7b5bbe175c",
  "service_id" : "f38eadcf-ffb4-473d-88e3-f1668b71942a",
  "endpoint_id" : null,
  "parent_component_config_id" : "4273faad-b51b-42ec-8c25-e5f2cb72cfc8",
  "component_config_order" : 0.5,
  "action_id" : "8e231fcc-71d0-43f6-9303-70dcb0ca6080",
  "name" : "Call UpdateAmplifyMarketplacePendingApplicationRegistration-Service",
  "description" : "",
  "override_endpoint" : false,
  "input_structure_json" : {
    "type" : "jsonb",
    "value" : "{\"maps\": [{\"/UpdateAmplifyMarketplacePendingApplicationRegistration-ServiceInput\": [{\"type\": \"map\", \"source\": {\"path\": \"/UpdateAmplifyMarketplacePendingApplicationRegistrationMCPServerRequest/body\", \"title\": \"body\", \"dataElementType\": \"document\"}, \"target\": {\"path\": \"/UpdateAmplifyMarketplacePendingApplicationRegistration-ServiceInput\", \"order\": 1, \"title\": \"UpdateAmplifyMarketplacePendingApplicationRegistration-ServiceInput\", \"dataElementType\": \"document\"}, \"mapCondition\": {\"isConditionSet\": false, \"sourceTreeIndex\": [], \"targetTreeIndex\": [], \"mapConditionFormValue\": {}}}]}], \"mappedNodes\": [\"/UpdateAmplifyMarketplacePendingApplicationRegistration-ServiceOutputactionOut\", \"/UpdateAmplifyMarketplacePendingApplicationRegistration-ServiceOutputpipeOut\", \"/UpdateAmplifyMarketplacePendingApplicationRegistrationMCPServerRequest/body pipeIn\", \"/UpdateAmplifyMarketplacePendingApplicationRegistration-ServiceInput actionIn\", \"/UpdateAmplifyMarketplacePendingApplicationRegistration-ServiceOutput/toolResponseText\", \"/UpdateAmplifyMarketplacePendingApplicationRegistrationMCPServerResponse/TextContent/result/content[]/textpipeOut\", \"/UpdateAmplifyMarketplacePendingApplicationRegistration-ServiceOutput/toolResponseType\", \"/toolResponseTypepipeOut\"]}",
    "null" : false
  },
  "output_structure_json" : {
    "type" : "jsonb",
    "value" : "{\"maps\": [{\"/UpdateAmplifyMarketplacePendingApplicationRegistration-ServiceOutput\": [{\"type\": \"map\", \"source\": {\"path\": \"/UpdateAmplifyMarketplacePendingApplicationRegistration-ServiceOutput\", \"title\": \"UpdateAmplifyMarketplacePendingApplicationRegistration-ServiceOutput\", \"dataElementType\": \"document\"}, \"target\": {\"path\": \"/UpdateAmplifyMarketplacePendingApplicationRegistration-ServiceOutput\", \"order\": 1, \"title\": \"UpdateAmplifyMarketplacePendingApplicationRegistration-ServiceOutput\", \"dataElementType\": \"document\"}, \"mapCondition\": {\"isConditionSet\": false, \"sourceTreeIndex\": [], \"targetTreeIndex\": [], \"mapConditionFormValue\": {}}}]}, {\"/UpdateAmplifyMarketplacePendingApplicationRegistrationMCPServerResponse/TextContent/result/content[]/text\": [{\"type\": \"list\", \"source\": {\"path\": \"/UpdateAmplifyMarketplacePendingApplicationRegistration-ServiceOutput/toolResponseText\", \"title\": \"toolResponseText\", \"dataElementType\": \"string\"}, \"target\": {\"path\": \"/UpdateAmplifyMarketplacePendingApplicationRegistrationMCPServerResponse/TextContent/result/content[]/text\", \"order\": 5, \"title\": \"text\", \"dataElementType\": \"string\"}, \"mapCondition\": {\"isConditionSet\": false, \"sourceTreeIndex\": [{\"key\": 1, \"title\": \"UpdateAmplifyMarketplacePendingApplicationRegistration-ServiceOutput\", \"isLeaf\": false, \"isArray\": false, \"children\": [{\"key\": 2, \"title\": \"toolResponseText\", \"isLeaf\": false, \"isArray\": false, \"parentKey\": 1}], \"parentKey\": 0}], \"targetTreeIndex\": [{\"key\": 1, \"title\": \"UpdateAmplifyMarketplacePendingApplicationRegistrationMCPServerResponse\", \"isLeaf\": false, \"isArray\": false, \"children\": [{\"key\": 2, \"title\": \"TextContent\", \"isLeaf\": false, \"isArray\": false, \"children\": [{\"key\": 3, \"title\": \"result\", \"isLeaf\": false, \"isArray\": false, \"children\": [{\"key\": 4, \"title\": \"content\", \"isLeaf\": false, \"isArray\": true, \"children\": [{\"key\": 5, \"title\": \"text\", \"isLeaf\": false, \"isArray\": false, \"parentKey\": 4}], \"parentKey\": 3, \"arrayIndex\": null}], \"parentKey\": 2}], \"parentKey\": 1}], \"parentKey\": 0}], \"mapConditionFormValue\": {}}}]}, {\"/toolResponseType\": [{\"type\": \"map\", \"source\": {\"path\": \"/UpdateAmplifyMarketplacePendingApplicationRegistration-ServiceOutput/toolResponseType\", \"title\": \"toolResponseType\", \"dataElementType\": \"string\"}, \"target\": {\"path\": \"/toolResponseType\", \"order\": 1, \"title\": \"toolResponseType\", \"dataElementType\": \"string\"}, \"mapCondition\": {\"isConditionSet\": false, \"sourceTreeIndex\": [], \"targetTreeIndex\": [], \"mapConditionFormValue\": {}}}]}], \"tracks\": {}, \"transformer\": []}",
    "null" : false
  },
  "endpoint_structure_json" : {
    "type" : "jsonb",
    "value" : "{\"maps\": []}",
    "null" : false
  },
  "is_error" : false,
  "no_of_errors" : 0,
  "action_input_type" : null,
  "config_service_id" : "74f7f380-cb55-4dd6-9b84-40bfbc9eb897",
  "config_imap_id" : null,
  "config_b2b_document_type_id" : null,
  "config_document_id" : null,
  "add_variables" : {
    "type" : "jsonb",
    "value" : "[]",
    "null" : false
  },
  "drop_variables" : {
    "type" : "jsonb",
    "value" : "[]",
    "null" : false
  },
  "plug_input_structure" : null,
  "plug_output_structure" : null,
  "config_plug_id" : null,
  "override_plug" : false,
  "config_java_service_id" : null,
  "service_tag" : "V16",
  "endpoint_tag" : null,
  "config_service_tag" : "EMPTY",
  "config_imap_tag" : "",
  "config_b2b_document_type_tag" : "",
  "active" : false,
  "parent_component_config_service_tag" : "V16",
  "service_project_id" : "27edbc36-f404-4005-832a-6f6f32f16f6e",
  "service_project_tag" : "V16",
  "config_service_project_id" : "27edbc36-f404-4005-832a-6f6f32f16f6e",
  "config_service_project_tag" : "EMPTY",
  "config_imap_project_id" : null,
  "config_imap_project_tag" : "",
  "config_b2b_document_type_project_id" : null,
  "config_b2b_document_type_project_tag" : "",
  "endpoint_project_id" : null,
  "endpoint_project_tag" : null,
  "config_plug_tag" : null,
  "config_plug_project_id" : null,
  "config_plug_project_tag" : null,
  "config_java_service_tag" : "",
  "config_java_service_project_id" : null,
  "config_java_service_project_tag" : "",
  "disabled" : false,
  "config" : {
    "type" : "json",
    "value" : "{\"serviceProjectName\":\"FusionAmplifyMCP\"}",
    "null" : false
  },
  "config_b2b_document_type_project_mode_id" : "112c1cb8-4b9e-4d1a-a042-0bd031dc7d05",
  "config_imap_project_mode_id" : "112c1cb8-4b9e-4d1a-a042-0bd031dc7d05",
  "config_java_service_project_mode_id" : "112c1cb8-4b9e-4d1a-a042-0bd031dc7d05",
  "config_plug_project_mode_id" : "112c1cb8-4b9e-4d1a-a042-0bd031dc7d05",
  "config_service_project_mode_id" : "112c1cb8-4b9e-4d1a-a042-0bd031dc7d05",
  "endpoint_project_mode_id" : "112c1cb8-4b9e-4d1a-a042-0bd031dc7d05",
  "service_project_mode_id" : "112c1cb8-4b9e-4d1a-a042-0bd031dc7d05",
  "parent_component_config_service_project_mode_id" : "112c1cb8-4b9e-4d1a-a042-0bd031dc7d05",
  "is_audit" : true,
  "keys_with_order" : null
}