{
  "component_config_id" : "14db6871-e6f2-4e0c-ac30-1e653b3da71e",
  "endpoint_config_json" : {
    "type" : "jsonb",
    "value" : "{\"crossRef\": [], \"services\": [], \"multistep\": [], \"operations\": []}",
    "null" : false
  },
  "input_config_json" : {
    "type" : "jsonb",
    "value" : "{\"crossRef\": [], \"services\": [], \"multistep\": [], \"operations\": []}",
    "null" : false
  },
  "output_config_json" : {
    "type" : "jsonb",
    "value" : "{\"crossRef\": [], \"services\": [], \"multistep\": [], \"operations\": [{\"transformer\": {\"id\": \"b57d462a-3480-44d3-972a-9fd8d1d6e16e\", \"name\": \"STRING_SPLIT\", \"type\": \"String\", \"query\": null, \"inputs\": [{\"id\": \"540e7c8e-db3a-46ac-9ac8-068f3a10b529\", \"root\": false, \"type\": \"map\", \"cached\": false, \"source\": \"/apiservicesleflink\", \"target\": \"/STRING_SPLIT_INPUT/inputString\", \"mapNull\": false, \"disabled\": false, \"extractXml\": false, \"extractJson\": false, \"mapEmptyString\": false, \"sourceJavaType\": \"java.lang.String\", \"targetJavaType\": \"java.lang.String\"}, {\"id\": \"1c0c4d32-b140-466e-be8c-a25fa7742259\", \"root\": false, \"type\": \"setValue\", \"cached\": false, \"target\": \"/STRING_SPLIT_INPUT/token\", \"mapNull\": false, \"disabled\": false, \"extractXml\": false, \"extractJson\": false, \"targetValue\": \"/\", \"mapEmptyString\": false, \"targetJavaType\": \"java.lang.String\", \"variableSubstitution\": false}], \"outputs\": [{\"id\": \"a78c1fa3-7ae4-4ffa-95c3-630abe79ec0e\", \"root\": false, \"type\": \"map\", \"cached\": false, \"source\": \"/STRING_SPLIT_OUTPUT/output/@{1}\", \"target\": \"/environment\", \"mapNull\": false, \"disabled\": false, \"extractXml\": false, \"extractJson\": false, \"targetOrder\": 1.0, \"mapEmptyString\": false, \"sourceJavaType\": \"java.lang.String\", \"targetJavaType\": \"java.lang.String\"}, {\"id\": \"b5a02a87-38a6-4a57-84f5-b99167de814d\", \"root\": false, \"type\": \"map\", \"cached\": false, \"source\": \"/STRING_SPLIT_OUTPUT/output/@{2}\", \"target\": \"/apiservicename\", \"mapNull\": false, \"disabled\": false, \"extractXml\": false, \"extractJson\": false, \"targetOrder\": 1.0, \"mapEmptyString\": false, \"sourceJavaType\": \"java.lang.String\", \"targetJavaType\": \"java.lang.String\"}], \"tableId\": null, \"configId\": null, \"disabled\": false, \"serviceId\": null, \"expression\": null}}]}",
    "null" : false
  },
  "component_id" : "8ac5fe03-27a2-4e6a-a449-6a8893818223",
  "service_id" : "aec9ee88-1f2d-49a9-b05a-940d6170c46a",
  "endpoint_id" : null,
  "parent_component_config_id" : "5418ec6e-b485-4f22-a378-ac225f4c8097",
  "component_config_order" : 2.0,
  "action_id" : "06843b78-eab0-45da-afab-8c8277d7553f",
  "name" : "Extract env name and api service name",
  "description" : "",
  "override_endpoint" : false,
  "input_structure_json" : {
    "type" : "jsonb",
    "value" : "{\"maps\": [], \"mappedNodes\": [\"/apiservicesleflink pipeIn\", \"/STRING_SPLIT_INPUT/inputString0\", \"/STRING_SPLIT_INPUT/token\", \"/STRING_SPLIT_INPUT\", \"/STRING_SPLIT_OUTPUT/output[]0\", \"/environmentpipeOut\", \"/STRING_SPLIT_OUTPUT/output[]0\", \"/apiservicenamepipeOut\"]}",
    "null" : false
  },
  "output_structure_json" : {
    "type" : "jsonb",
    "value" : "{\"maps\": [], \"transformer\": [{\"inputs\": {\"/STRING_SPLIT_INPUT/token\": [{\"type\": \"setValue\", \"target\": {\"path\": \"/STRING_SPLIT_INPUT/token\", \"order\": \"\", \"title\": \"token\", \"dataElementType\": \"string\"}, \"values\": [{\"id\": \"3bc70faf-6150-47aa-b032-9a1fe6543cc2\", \"key\": \"/STRING_SPLIT_INPUT/token\", \"type\": \"string\", \"title\": \"token\", \"isLeaf\": true, \"secret\": false, \"children\": [], \"setValue\": null, \"uiElement\": \"/\", \"isSetValue\": false, \"dataElementType\": \"string\"}], \"mapCondition\": {\"isConditionSet\": false, \"sourceTreeIndex\": [], \"targetTreeIndex\": [], \"mapConditionFormValue\": {}}, \"variableSubstitution\": false, \"overwritePipelineValue\": false}], \"/STRING_SPLIT_INPUT/inputString\": [{\"type\": \"map\", \"source\": {\"path\": \"/apiservicesleflink\", \"title\": \"apiservicesleflink\", \"dataElementType\": \"string\"}, \"target\": {\"path\": \"/STRING_SPLIT_INPUT/inputString\", \"title\": \"inputString\", \"dataElementType\": \"string\"}, \"mapCondition\": {\"isConditionSet\": false, \"sourceTreeIndex\": [], \"targetTreeIndex\": [], \"mapConditionFormValue\": {}}}]}, \"outputs\": {\"/environment\": [{\"type\": \"list\", \"source\": {\"path\": \"/STRING_SPLIT_OUTPUT/output[]\", \"title\": \"output\", \"dataElementType\": \"stringArray\"}, \"target\": {\"path\": \"/environment\", \"order\": 1, \"title\": \"environment\", \"dataElementType\": \"string\"}, \"mapCondition\": {\"defaultValue\": null, \"isConditionSet\": false, \"sourceTreeIndex\": [{\"key\": 1, \"title\": \"STRING_SPLIT_OUTPUT\", \"isLeaf\": false, \"isArray\": false, \"children\": [{\"key\": 2, \"title\": \"output\", \"isLeaf\": false, \"isArray\": true, \"expanded\": true, \"selected\": false, \"parentKey\": 1, \"arrayIndex\": 1}], \"expanded\": true, \"parentKey\": 0}], \"targetTreeIndex\": [{\"key\": 1, \"title\": \"environment\", \"isLeaf\": false, \"isArray\": false, \"expanded\": true, \"parentKey\": 0}], \"mapConditionFormValue\": {\"fields\": []}}}], \"/apiservicename\": [{\"type\": \"list\", \"source\": {\"path\": \"/STRING_SPLIT_OUTPUT/output[]\", \"title\": \"output\", \"dataElementType\": \"stringArray\"}, \"target\": {\"path\": \"/apiservicename\", \"order\": 1, \"title\": \"apiservicename\", \"dataElementType\": \"string\"}, \"mapCondition\": {\"defaultValue\": null, \"isConditionSet\": false, \"sourceTreeIndex\": [{\"key\": 1, \"title\": \"STRING_SPLIT_OUTPUT\", \"isLeaf\": false, \"isArray\": false, \"children\": [{\"key\": 2, \"title\": \"output\", \"isLeaf\": false, \"isArray\": true, \"expanded\": true, \"selected\": true, \"parentKey\": 1, \"arrayIndex\": 2}], \"expanded\": true, \"parentKey\": 0}], \"targetTreeIndex\": [{\"key\": 1, \"title\": \"apiservicename\", \"isLeaf\": false, \"isArray\": false, \"expanded\": true, \"parentKey\": 0}], \"mapConditionFormValue\": {\"fields\": []}}}]}, \"functionInfo\": {\"id\": \"7d6add5c-9226-4b5b-a58a-d669986db589\", \"name\": \"Split\", \"category\": {\"id\": \"7e335ebf-c122-41de-a87f-8e4cb8f39ff6\"}, \"internalName\": \"STRING_SPLIT\"}}]}",
    "null" : false
  },
  "endpoint_structure_json" : {
    "type" : "jsonb",
    "value" : "{\"maps\": []}",
    "null" : false
  },
  "is_error" : false,
  "no_of_errors" : 0,
  "action_input_type" : null,
  "config_service_id" : null,
  "config_imap_id" : null,
  "config_b2b_document_type_id" : null,
  "config_document_id" : null,
  "add_variables" : {
    "type" : "jsonb",
    "value" : "[]",
    "null" : false
  },
  "drop_variables" : {
    "type" : "jsonb",
    "value" : "[]",
    "null" : false
  },
  "plug_input_structure" : null,
  "plug_output_structure" : null,
  "config_plug_id" : null,
  "override_plug" : false,
  "config_java_service_id" : null,
  "service_tag" : "V16",
  "endpoint_tag" : null,
  "config_service_tag" : "",
  "config_imap_tag" : "",
  "config_b2b_document_type_tag" : "",
  "active" : false,
  "parent_component_config_service_tag" : "V16",
  "service_project_id" : "27edbc36-f404-4005-832a-6f6f32f16f6e",
  "service_project_tag" : "V16",
  "config_service_project_id" : null,
  "config_service_project_tag" : "",
  "config_imap_project_id" : null,
  "config_imap_project_tag" : "",
  "config_b2b_document_type_project_id" : null,
  "config_b2b_document_type_project_tag" : "",
  "endpoint_project_id" : null,
  "endpoint_project_tag" : null,
  "config_plug_tag" : null,
  "config_plug_project_id" : null,
  "config_plug_project_tag" : null,
  "config_java_service_tag" : "",
  "config_java_service_project_id" : null,
  "config_java_service_project_tag" : "",
  "disabled" : false,
  "config" : null,
  "config_b2b_document_type_project_mode_id" : "112c1cb8-4b9e-4d1a-a042-0bd031dc7d05",
  "config_imap_project_mode_id" : "112c1cb8-4b9e-4d1a-a042-0bd031dc7d05",
  "config_java_service_project_mode_id" : "112c1cb8-4b9e-4d1a-a042-0bd031dc7d05",
  "config_plug_project_mode_id" : "112c1cb8-4b9e-4d1a-a042-0bd031dc7d05",
  "config_service_project_mode_id" : "112c1cb8-4b9e-4d1a-a042-0bd031dc7d05",
  "endpoint_project_mode_id" : "112c1cb8-4b9e-4d1a-a042-0bd031dc7d05",
  "service_project_mode_id" : "112c1cb8-4b9e-4d1a-a042-0bd031dc7d05",
  "parent_component_config_service_project_mode_id" : "112c1cb8-4b9e-4d1a-a042-0bd031dc7d05",
  "is_audit" : true,
  "keys_with_order" : null
}