{
  "component_config_id" : "91c48824-2248-4d88-bfe0-d94be2edba2e",
  "endpoint_config_json" : {
    "type" : "jsonb",
    "value" : "{\"crossRef\": [], \"services\": [], \"multistep\": [], \"operations\": []}",
    "null" : false
  },
  "input_config_json" : {
    "type" : "jsonb",
    "value" : "{\"crossRef\": [], \"services\": [], \"multistep\": [], \"operations\": [{\"map\": {\"id\": \"ffbdac4a-bd22-4185-8b23-b7d181f6b878\", \"root\": false, \"type\": \"setValue\", \"cached\": false, \"target\": \"/HTTPSPostInput/basePath\", \"mapNull\": false, \"disabled\": false, \"extractXml\": false, \"extractJson\": false, \"targetOrder\": 4.0, \"targetValue\": \"/images/generations\", \"mapEmptyString\": false, \"targetJavaType\": \"java.lang.String\", \"variableSubstitution\": false}}, {\"map\": {\"id\": \"23a09297-55c6-4ead-b71c-0114e1482ce6\", \"root\": false, \"type\": \"setValue\", \"cached\": false, \"target\": \"/HTTPSPostInput/body\", \"mapNull\": false, \"disabled\": false, \"extractXml\": false, \"extractJson\": false, \"targetOrder\": 3.0, \"targetValue\": \"{\\n    \\\"model\\\": \\\"gpt-image-1\\\",\\n    \\\"prompt\\\": \\\"%{/UpdateProductIcon-ServiceInput/iconPrompt}%\\\",\\n    \\\"n\\\": 1,\\n    \\\"size\\\": \\\"1024x1024\\\"\\n  }\", \"mapEmptyString\": false, \"targetJavaType\": \"java.lang.String\", \"variableSubstitution\": true}}]}",
    "null" : false
  },
  "output_config_json" : {
    "type" : "jsonb",
    "value" : "{\"crossRef\": [], \"services\": [], \"multistep\": [], \"operations\": [{\"map\": {\"id\": \"e16a8398-7e80-4aa9-84e7-65e996667dc6\", \"root\": true, \"type\": \"map\", \"cached\": false, \"source\": \"/HTTPSPostOutput\", \"target\": \"/HTTPSPostOutput\", \"mapNull\": false, \"disabled\": false, \"extractXml\": false, \"extractJson\": false, \"mapEmptyString\": false}}]}",
    "null" : false
  },
  "component_id" : "1dd81dfd-e452-4eb3-bbd7-bc6f0da00cbd",
  "service_id" : "b6eb64c0-c11b-4eb2-b1b8-6153d414dd55",
  "endpoint_id" : "1b9e6e0c-ab2b-4799-b4bc-6449deb568bc",
  "parent_component_config_id" : "e2fa1f64-c317-4d41-95dd-40164ef8448e",
  "component_config_order" : 1.0,
  "action_id" : "c3ddf699-458d-4e3a-84e3-66f8320787eb",
  "name" : "Get image form OpenAI",
  "description" : "",
  "override_endpoint" : false,
  "input_structure_json" : {
    "type" : "jsonb",
    "value" : "{\"maps\": [{\"/HTTPSPostInput/basePath\": [{\"type\": \"setValue\", \"target\": {\"path\": \"/HTTPSPostInput/basePath\", \"order\": 4, \"title\": \"basePath\", \"dataElementType\": \"string\"}, \"values\": [{\"id\": \"2fccc2b2-4992-4cd4-8829-4c28eaa804c0\", \"key\": \"/HTTPSPostInput/basePath\", \"type\": \"object\", \"order\": 4, \"title\": \"basePath\", \"isLeaf\": false, \"children\": [], \"setValue\": null, \"uiElement\": \"/images/generations\", \"isSetValue\": false, \"childrenSet\": false, \"hasChildren\": false, \"dataElementType\": \"string\", \"encryption_required\": false}], \"mapCondition\": {\"isConditionSet\": false, \"sourceTreeIndex\": [], \"targetTreeIndex\": [], \"mapConditionFormValue\": {}}, \"variableSubstitution\": false, \"overwritePipelineValue\": false}]}, {\"/HTTPSPostInput/body\": [{\"type\": \"setValue\", \"target\": {\"path\": \"/HTTPSPostInput/body\", \"order\": 3, \"title\": \"body\", \"dataElementType\": \"string\"}, \"values\": [{\"id\": \"e5f3c553-6c26-419e-a97a-d26f041760b1\", \"key\": \"/HTTPSPostInput/body\", \"type\": \"object\", \"order\": 3, \"title\": \"body\", \"isLeaf\": false, \"children\": [], \"setValue\": null, \"uiElement\": \"{\\n    \\\"model\\\": \\\"gpt-image-1\\\",\\n    \\\"prompt\\\": \\\"<input _ngcontent-ng-c393407261=\\\"\\\" class=\\\"chip\\\" title=\\\"/UpdateProductIcon-ServiceInput/iconPrompt\\\" readonly=\\\"true\\\" disabled=\\\"true\\\" type=\\\"button\\\" value=\\\"iconPrompt\\\">\\\",\\n    \\\"n\\\": 1,\\n    \\\"size\\\": \\\"1024x1024\\\"\\n  }\", \"isSetValue\": false, \"childrenSet\": false, \"hasChildren\": false, \"dataElementType\": \"string\", \"encryption_required\": false}], \"mapCondition\": {\"isConditionSet\": false, \"sourceTreeIndex\": [], \"targetTreeIndex\": [], \"mapConditionFormValue\": {}}, \"variableSubstitution\": true, \"overwritePipelineValue\": false}]}], \"mappedNodes\": [\"/HTTPSPostOutput\", \"/HTTPSPostOutputpipeOut\", \"/HTTPSPostInput/basePath actionIn\", \"/HTTPSPostInput actionIn\", \"/HTTPSPostInput/body actionIn\", \"/HTTPSPostInput actionIn\"]}",
    "null" : false
  },
  "output_structure_json" : {
    "type" : "jsonb",
    "value" : "{\"maps\": [{\"/HTTPSPostOutput\": [{\"type\": \"map\", \"source\": {\"path\": \"/HTTPSPostOutput\", \"title\": \"HTTPSPostOutput\", \"dataElementType\": \"document\"}, \"target\": {\"path\": \"/HTTPSPostOutput\", \"alias\": null, \"order\": null, \"title\": \"HTTPSPostOutput\", \"dataElementType\": \"document\"}, \"mapCondition\": {\"mapNull\": null, \"defaultValue\": null, \"isConditionSet\": false, \"mapEmptyString\": null, \"sourceTreeIndex\": [], \"targetTreeIndex\": [], \"mapConditionFormValue\": {\"fields\": null}}}]}], \"tracks\": {}, \"transformer\": []}",
    "null" : false
  },
  "endpoint_structure_json" : {
    "type" : "jsonb",
    "value" : "{\"maps\": []}",
    "null" : false
  },
  "is_error" : false,
  "no_of_errors" : 0,
  "action_input_type" : null,
  "config_service_id" : null,
  "config_imap_id" : null,
  "config_b2b_document_type_id" : null,
  "config_document_id" : null,
  "add_variables" : {
    "type" : "jsonb",
    "value" : "[]",
    "null" : false
  },
  "drop_variables" : {
    "type" : "jsonb",
    "value" : "[]",
    "null" : false
  },
  "plug_input_structure" : null,
  "plug_output_structure" : null,
  "config_plug_id" : null,
  "override_plug" : false,
  "config_java_service_id" : null,
  "service_tag" : "V16",
  "endpoint_tag" : "EMPTY",
  "config_service_tag" : "",
  "config_imap_tag" : "",
  "config_b2b_document_type_tag" : "",
  "active" : false,
  "parent_component_config_service_tag" : "V16",
  "service_project_id" : "27edbc36-f404-4005-832a-6f6f32f16f6e",
  "service_project_tag" : "V16",
  "config_service_project_id" : null,
  "config_service_project_tag" : "",
  "config_imap_project_id" : null,
  "config_imap_project_tag" : "",
  "config_b2b_document_type_project_id" : null,
  "config_b2b_document_type_project_tag" : "",
  "endpoint_project_id" : "27edbc36-f404-4005-832a-6f6f32f16f6e",
  "endpoint_project_tag" : "EMPTY",
  "config_plug_tag" : null,
  "config_plug_project_id" : null,
  "config_plug_project_tag" : null,
  "config_java_service_tag" : "",
  "config_java_service_project_id" : null,
  "config_java_service_project_tag" : "",
  "disabled" : false,
  "config" : {
    "type" : "json",
    "value" : "{}",
    "null" : false
  },
  "config_b2b_document_type_project_mode_id" : "112c1cb8-4b9e-4d1a-a042-0bd031dc7d05",
  "config_imap_project_mode_id" : "112c1cb8-4b9e-4d1a-a042-0bd031dc7d05",
  "config_java_service_project_mode_id" : "112c1cb8-4b9e-4d1a-a042-0bd031dc7d05",
  "config_plug_project_mode_id" : "112c1cb8-4b9e-4d1a-a042-0bd031dc7d05",
  "config_service_project_mode_id" : "112c1cb8-4b9e-4d1a-a042-0bd031dc7d05",
  "endpoint_project_mode_id" : "112c1cb8-4b9e-4d1a-a042-0bd031dc7d05",
  "service_project_mode_id" : "112c1cb8-4b9e-4d1a-a042-0bd031dc7d05",
  "parent_component_config_service_project_mode_id" : "112c1cb8-4b9e-4d1a-a042-0bd031dc7d05",
  "is_audit" : true,
  "keys_with_order" : null
}