{
  "component_config_id" : "c2e17055-4fe5-4d04-8817-90180329d045",
  "endpoint_config_json" : {
    "type" : "jsonb",
    "value" : "{\"crossRef\": [], \"services\": [], \"multistep\": [], \"operations\": []}",
    "null" : false
  },
  "input_config_json" : {
    "type" : "jsonb",
    "value" : "{\"crossRef\": [], \"services\": [], \"multistep\": [], \"operations\": []}",
    "null" : false
  },
  "output_config_json" : {
    "type" : "jsonb",
    "value" : "{\"crossRef\": [], \"services\": [], \"multistep\": [], \"operations\": [{\"map\": {\"id\": \"9bd381d4-831c-4aac-91af-bd7355fd4d65\", \"root\": false, \"type\": \"setValue\", \"cached\": false, \"target\": \"/UpdateProductIcon-ServiceOutput/responseToolType\", \"mapNull\": false, \"disabled\": false, \"extractXml\": false, \"extractJson\": false, \"targetOrder\": 1.0, \"targetValue\": \"TextContent\", \"mapEmptyString\": false, \"targetJavaType\": \"java.lang.String\", \"variableSubstitution\": false}}, {\"map\": {\"id\": \"30637d5d-3f64-41ed-a4c9-0f8048a50479\", \"root\": false, \"type\": \"setValue\", \"cached\": false, \"target\": \"/UpdateProductIcon-ServiceOutput/responseToolText\", \"mapNull\": false, \"disabled\": false, \"extractXml\": false, \"extractJson\": false, \"targetOrder\": 1.0, \"targetValue\": \"Product %{/UpdateProductIcon-ServiceInput/productName}%'s icon was successfully updated. Product URL is: %{/GetAPICentralBaseURLOutput/amplifyAPICentralBaseURL}%/products/details/%{/UpdateProductIcon-ServiceInput/productName}%\", \"mapEmptyString\": false, \"targetJavaType\": \"java.lang.String\", \"variableSubstitution\": true}}]}",
    "null" : false
  },
  "component_id" : "8ac5fe03-27a2-4e6a-a449-6a8893818223",
  "service_id" : "b6eb64c0-c11b-4eb2-b1b8-6153d414dd55",
  "endpoint_id" : null,
  "parent_component_config_id" : "57303298-28ad-416a-9922-fa19a41a8f43",
  "component_config_order" : 2.0,
  "action_id" : "06843b78-eab0-45da-afab-8c8277d7553f",
  "name" : "Set success output",
  "description" : "",
  "override_endpoint" : false,
  "input_structure_json" : {
    "type" : "jsonb",
    "value" : "{\"maps\": [], \"mappedNodes\": [\"/UpdateProductIcon-ServiceOutput/responseToolTypepipeOut\", \"/UpdateProductIcon-ServiceOutputpipeOut\", \"/UpdateProductIcon-ServiceOutput/responseToolTextpipeOut\", \"/UpdateProductIcon-ServiceOutputpipeOut\", \"/UpdateProductIcon-ServiceOutputpipeOut\", \"/UpdateProductIcon-ServiceOutputpipeOut\", \"/UpdateProductIcon-ServiceOutput/responseToolTextpipeOut\", \"/UpdateProductIcon-ServiceOutputpipeOut\"]}",
    "null" : false
  },
  "output_structure_json" : {
    "type" : "jsonb",
    "value" : "{\"maps\": [{\"/UpdateProductIcon-ServiceOutput/responseToolType\": [{\"type\": \"setValue\", \"order\": 1, \"target\": {\"path\": \"/UpdateProductIcon-ServiceOutput/responseToolType\", \"order\": 1, \"title\": \"responseToolType\", \"dataElementType\": \"string\"}, \"values\": [{\"id\": \"d82c1d82-83e3-4d88-8a44-c7b33a9230ac\", \"key\": \"/UpdateProductIcon-ServiceOutput/responseToolType\", \"type\": \"node\", \"order\": 1, \"title\": \"responseToolType\", \"children\": [], \"setValue\": null, \"editAllow\": true, \"uiElement\": \"TextContent\", \"isSetValue\": false, \"childrenSet\": false, \"hasChildren\": false, \"dataElementType\": \"string\", \"encryption_required\": false}], \"mapCondition\": {\"isConditionSet\": false, \"sourceTreeIndex\": [], \"targetTreeIndex\": [], \"mapConditionFormValue\": {}}, \"dataElementType\": \"string\", \"variableSubstitution\": false, \"overwritePipelineValue\": false}]}, {\"/UpdateProductIcon-ServiceOutput/responseToolText\": [{\"type\": \"setValue\", \"order\": 1, \"target\": {\"path\": \"/UpdateProductIcon-ServiceOutput/responseToolText\", \"order\": 1, \"title\": \"responseToolText\", \"dataElementType\": \"string\"}, \"values\": [{\"id\": \"a6235b54-2407-4ad6-b6e0-d82752398100\", \"key\": \"/UpdateProductIcon-ServiceOutput/responseToolText\", \"type\": \"node\", \"order\": 1, \"title\": \"responseToolText\", \"children\": [], \"setValue\": null, \"editAllow\": true, \"uiElement\": \"Product <input _ngcontent-ng-c393407261=\\\"\\\" class=\\\"chip\\\" title=\\\"/UpdateProductIcon-ServiceInput/productName\\\" readonly=\\\"true\\\" disabled=\\\"true\\\" type=\\\"button\\\" value=\\\"productName\\\">'s icon was successfully updated. Product URL is: <input _ngcontent-ng-c393407261=\\\"\\\" class=\\\"chip\\\" title=\\\"/GetAPICentralBaseURLOutput/amplifyAPICentralBaseURL\\\" readonly=\\\"true\\\" disabled=\\\"true\\\" type=\\\"button\\\" value=\\\"amplifyAPICentralBaseURL\\\">/products/details/<input _ngcontent-ng-c393407261=\\\"\\\" class=\\\"chip\\\" title=\\\"/UpdateProductIcon-ServiceInput/productName\\\" readonly=\\\"true\\\" disabled=\\\"true\\\" type=\\\"button\\\" value=\\\"productName\\\">\", \"isSetValue\": false, \"childrenSet\": false, \"hasChildren\": false, \"dataElementType\": \"string\", \"encryption_required\": false}], \"mapCondition\": {\"isConditionSet\": false, \"sourceTreeIndex\": [], \"targetTreeIndex\": [], \"mapConditionFormValue\": {}}, \"dataElementType\": \"string\", \"variableSubstitution\": true, \"overwritePipelineValue\": false}]}], \"tracks\": {}, \"transformer\": []}",
    "null" : false
  },
  "endpoint_structure_json" : {
    "type" : "jsonb",
    "value" : "{\"maps\": []}",
    "null" : false
  },
  "is_error" : false,
  "no_of_errors" : 0,
  "action_input_type" : null,
  "config_service_id" : null,
  "config_imap_id" : null,
  "config_b2b_document_type_id" : null,
  "config_document_id" : null,
  "add_variables" : {
    "type" : "jsonb",
    "value" : "[]",
    "null" : false
  },
  "drop_variables" : {
    "type" : "jsonb",
    "value" : "[]",
    "null" : false
  },
  "plug_input_structure" : null,
  "plug_output_structure" : null,
  "config_plug_id" : null,
  "override_plug" : false,
  "config_java_service_id" : null,
  "service_tag" : "V16",
  "endpoint_tag" : null,
  "config_service_tag" : "",
  "config_imap_tag" : "",
  "config_b2b_document_type_tag" : "",
  "active" : false,
  "parent_component_config_service_tag" : "V16",
  "service_project_id" : "27edbc36-f404-4005-832a-6f6f32f16f6e",
  "service_project_tag" : "V16",
  "config_service_project_id" : null,
  "config_service_project_tag" : "",
  "config_imap_project_id" : null,
  "config_imap_project_tag" : "",
  "config_b2b_document_type_project_id" : null,
  "config_b2b_document_type_project_tag" : "",
  "endpoint_project_id" : null,
  "endpoint_project_tag" : null,
  "config_plug_tag" : null,
  "config_plug_project_id" : null,
  "config_plug_project_tag" : null,
  "config_java_service_tag" : "",
  "config_java_service_project_id" : null,
  "config_java_service_project_tag" : "",
  "disabled" : false,
  "config" : null,
  "config_b2b_document_type_project_mode_id" : "112c1cb8-4b9e-4d1a-a042-0bd031dc7d05",
  "config_imap_project_mode_id" : "112c1cb8-4b9e-4d1a-a042-0bd031dc7d05",
  "config_java_service_project_mode_id" : "112c1cb8-4b9e-4d1a-a042-0bd031dc7d05",
  "config_plug_project_mode_id" : "112c1cb8-4b9e-4d1a-a042-0bd031dc7d05",
  "config_service_project_mode_id" : "112c1cb8-4b9e-4d1a-a042-0bd031dc7d05",
  "endpoint_project_mode_id" : "112c1cb8-4b9e-4d1a-a042-0bd031dc7d05",
  "service_project_mode_id" : "112c1cb8-4b9e-4d1a-a042-0bd031dc7d05",
  "parent_component_config_service_project_mode_id" : "112c1cb8-4b9e-4d1a-a042-0bd031dc7d05",
  "is_audit" : true,
  "keys_with_order" : null
}