{
  "component_config_id" : "fe96df8c-b9ce-45a4-8e00-33a0c4756873",
  "endpoint_config_json" : {
    "type" : "jsonb",
    "value" : "{\"crossRef\": [], \"services\": [], \"multistep\": [], \"operations\": []}",
    "null" : false
  },
  "input_config_json" : {
    "type" : "jsonb",
    "value" : "{\"crossRef\": [], \"services\": [], \"multistep\": [], \"operations\": []}",
    "null" : false
  },
  "output_config_json" : {
    "type" : "jsonb",
    "value" : "{\"crossRef\": [], \"services\": [], \"multistep\": [], \"operations\": [{\"ifElseBlock\": {\"root\": false, \"cached\": false, \"target\": \"/UpdateAmplifyMarketplacePendingApplicationRegistration-ServiceOutput/toolResponseText\", \"disabled\": false, \"actualPath\": \"/UpdateAmplifyMarketplacePendingApplicationRegistration-ServiceOutput/toolResponseText\", \"operations\": [{\"map\": {\"id\": \"80867a5a-1ddb-4e2d-8abb-9909fdaa4e3c\", \"root\": false, \"type\": \"setValue\", \"cached\": false, \"mapNull\": false, \"disabled\": false, \"expression\": \"%{/AssetRequest_UpdateAssetRequestApprovalStateOutput/success}% == true \", \"extractXml\": false, \"extractJson\": false, \"targetValue\": \"Application request successfully updated to %{/UpdateAmplifyMarketplacePendingApplicationRegistration-ServiceInput/approvalState}%\", \"mapEmptyString\": false, \"targetJavaType\": \"java.lang.String\", \"variableSubstitution\": true}}, {\"map\": {\"id\": \"43d34d52-4015-404e-84a1-ea8c5da435fc\", \"root\": false, \"type\": \"setValue\", \"cached\": false, \"mapNull\": false, \"disabled\": false, \"expression\": \"%{/AssetRequest_UpdateAssetRequestApprovalStateOutput/success}% == false \", \"extractXml\": false, \"extractJson\": false, \"targetValue\": \"Error updating application request: %{/AssetRequest_UpdateAssetRequestApprovalStateOutput/error/message}%\", \"mapEmptyString\": false, \"targetJavaType\": \"java.lang.String\", \"variableSubstitution\": true}}], \"targetOrder\": 1.0}}, {\"map\": {\"id\": \"106ce112-8f0e-43ab-afdc-1b830cf4b249\", \"root\": false, \"type\": \"setValue\", \"cached\": false, \"target\": \"/UpdateAmplifyMarketplacePendingApplicationRegistration-ServiceOutput/toolResponseType\", \"mapNull\": false, \"disabled\": false, \"extractXml\": false, \"extractJson\": false, \"targetOrder\": 1.0, \"targetValue\": \"TextContent\", \"mapEmptyString\": false, \"targetJavaType\": \"java.lang.String\", \"variableSubstitution\": false}}]}",
    "null" : false
  },
  "component_id" : "8ac5fe03-27a2-4e6a-a449-6a8893818223",
  "service_id" : "74f7f380-cb55-4dd6-9b84-40bfbc9eb897",
  "endpoint_id" : null,
  "parent_component_config_id" : null,
  "component_config_order" : 3.0,
  "action_id" : "06843b78-eab0-45da-afab-8c8277d7553f",
  "name" : "Set output",
  "description" : "",
  "override_endpoint" : false,
  "input_structure_json" : {
    "type" : "jsonb",
    "value" : "{\"maps\": [], \"mappedNodes\": [\"/UpdateAmplifyMarketplacePendingApplicationRegistration-ServiceOutput/toolResponseTypepipeOut\", \"/UpdateAmplifyMarketplacePendingApplicationRegistration-ServiceOutputpipeOut\", \"/UpdateAmplifyMarketplacePendingApplicationRegistration-ServiceOutputpipeOut\"]}",
    "null" : false
  },
  "output_structure_json" : {
    "type" : "jsonb",
    "value" : "{\"maps\": [{\"/UpdateAmplifyMarketplacePendingApplicationRegistration-ServiceOutput/toolResponseType\": [{\"type\": \"setValue\", \"order\": 1, \"target\": {\"path\": \"/UpdateAmplifyMarketplacePendingApplicationRegistration-ServiceOutput/toolResponseType\", \"order\": 1, \"title\": \"toolResponseType\", \"dataElementType\": \"string\"}, \"values\": [{\"id\": \"95160a34-f738-4d23-8fee-e31163a68e35\", \"key\": \"/UpdateAmplifyMarketplacePendingApplicationRegistration-ServiceOutput/toolResponseType\", \"type\": \"node\", \"order\": 1, \"title\": \"toolResponseType\", \"children\": [], \"setValue\": null, \"editAllow\": true, \"uiElement\": \"TextContent\", \"isSetValue\": false, \"childrenSet\": false, \"hasChildren\": false, \"dataElementType\": \"string\", \"encryption_required\": false}], \"mapCondition\": {\"isConditionSet\": false, \"sourceTreeIndex\": [], \"targetTreeIndex\": [], \"mapConditionFormValue\": {}}, \"dataElementType\": \"string\", \"variableSubstitution\": false, \"overwritePipelineValue\": false}]}, {\"/UpdateAmplifyMarketplacePendingApplicationRegistration-ServiceOutput/toolResponseText\": [{\"type\": \"conditionalMap\", \"target\": {\"path\": \"/UpdateAmplifyMarketplacePendingApplicationRegistration-ServiceOutput/toolResponseText\", \"order\": 1, \"title\": \"toolResponseText\", \"dataElementType\": \"string\"}, \"actualPath\": \"/UpdateAmplifyMarketplacePendingApplicationRegistration-ServiceOutput/toolResponseText\", \"conditions\": [{\"id\": \"fe40215d-2709-469b-9821-c09083a4d48c\", \"type\": \"setValue\", \"fields\": [{\"id\": 4, \"path\": \"%{/AssetRequest_UpdateAssetRequestApprovalStateOutput/success}%\", \"field\": \"/AssetRequest_UpdateAssetRequestApprovalStateOutput/success\", \"value\": \"true\", \"isGroup\": false, \"children\": null, \"operator\": \"==\", \"uniqueId\": \"2184bab4-a997-4bed-b1ee-a8c48e6d902e\", \"operation\": \"&&\", \"isTreeChecked\": false, \"dataElementType\": \"boolean\"}], \"mapNull\": false, \"setValue\": \"\", \"uiElement\": \"Application request successfully updated to <input _ngcontent-ng-c393407261=\\\"\\\" class=\\\"chip\\\" title=\\\"/UpdateAmplifyMarketplacePendingApplicationRegistration-ServiceInput/approvalState\\\" readonly=\\\"true\\\" disabled=\\\"true\\\" type=\\\"button\\\" value=\\\"approvalState\\\">\", \"conditionName\": \"if\", \"mapEmptyString\": false, \"variableSubstitution\": true}, {\"id\": \"cdd327e0-5e67-4299-b2dd-4ebafd39007c\", \"type\": \"setValue\", \"fields\": [{\"id\": 5, \"path\": \"%{/AssetRequest_UpdateAssetRequestApprovalStateOutput/success}%\", \"field\": \"/AssetRequest_UpdateAssetRequestApprovalStateOutput/success\", \"value\": \"false\", \"isGroup\": false, \"children\": null, \"operator\": \"==\", \"uniqueId\": \"f10e747d-fbf3-4266-a09b-eb8ad8b27776\", \"operation\": \"&&\", \"isTreeChecked\": false, \"dataElementType\": \"boolean\"}], \"mapNull\": false, \"setValue\": \"\", \"uiElement\": \"Error updating application request: <input _ngcontent-ng-c393407261=\\\"\\\" class=\\\"chip\\\" title=\\\"/AssetRequest_UpdateAssetRequestApprovalStateOutput/error/message\\\" readonly=\\\"true\\\" disabled=\\\"true\\\" type=\\\"button\\\" value=\\\"message\\\">\", \"conditionName\": \"else-if\", \"mapEmptyString\": false, \"variableSubstitution\": true}], \"mapCondition\": {\"isConditionSet\": false, \"sourceTreeIndex\": [], \"targetTreeIndex\": [], \"mapConditionFormValue\": {}}, \"variableSubstitution\": false, \"overwritePipelineValue\": false}]}], \"tracks\": {}, \"transformer\": []}",
    "null" : false
  },
  "endpoint_structure_json" : {
    "type" : "jsonb",
    "value" : "{\"maps\": []}",
    "null" : false
  },
  "is_error" : false,
  "no_of_errors" : 0,
  "action_input_type" : null,
  "config_service_id" : null,
  "config_imap_id" : null,
  "config_b2b_document_type_id" : null,
  "config_document_id" : null,
  "add_variables" : {
    "type" : "jsonb",
    "value" : "[]",
    "null" : false
  },
  "drop_variables" : {
    "type" : "jsonb",
    "value" : "[]",
    "null" : false
  },
  "plug_input_structure" : null,
  "plug_output_structure" : null,
  "config_plug_id" : null,
  "override_plug" : false,
  "config_java_service_id" : null,
  "service_tag" : "V16",
  "endpoint_tag" : null,
  "config_service_tag" : "",
  "config_imap_tag" : "",
  "config_b2b_document_type_tag" : "",
  "active" : false,
  "parent_component_config_service_tag" : "V16",
  "service_project_id" : "27edbc36-f404-4005-832a-6f6f32f16f6e",
  "service_project_tag" : "V16",
  "config_service_project_id" : null,
  "config_service_project_tag" : "",
  "config_imap_project_id" : null,
  "config_imap_project_tag" : "",
  "config_b2b_document_type_project_id" : null,
  "config_b2b_document_type_project_tag" : "",
  "endpoint_project_id" : null,
  "endpoint_project_tag" : null,
  "config_plug_tag" : null,
  "config_plug_project_id" : null,
  "config_plug_project_tag" : null,
  "config_java_service_tag" : "",
  "config_java_service_project_id" : null,
  "config_java_service_project_tag" : "",
  "disabled" : false,
  "config" : null,
  "config_b2b_document_type_project_mode_id" : "112c1cb8-4b9e-4d1a-a042-0bd031dc7d05",
  "config_imap_project_mode_id" : "112c1cb8-4b9e-4d1a-a042-0bd031dc7d05",
  "config_java_service_project_mode_id" : "112c1cb8-4b9e-4d1a-a042-0bd031dc7d05",
  "config_plug_project_mode_id" : "112c1cb8-4b9e-4d1a-a042-0bd031dc7d05",
  "config_service_project_mode_id" : "112c1cb8-4b9e-4d1a-a042-0bd031dc7d05",
  "endpoint_project_mode_id" : "112c1cb8-4b9e-4d1a-a042-0bd031dc7d05",
  "service_project_mode_id" : "112c1cb8-4b9e-4d1a-a042-0bd031dc7d05",
  "parent_component_config_service_project_mode_id" : "112c1cb8-4b9e-4d1a-a042-0bd031dc7d05",
  "is_audit" : true,
  "keys_with_order" : null
}