{
  "component_config_id" : "e39bec50-f43a-4c22-9ae4-4c660b3e915c",
  "endpoint_config_json" : {
    "type" : "jsonb",
    "value" : "{\"crossRef\": [], \"services\": [], \"multistep\": [], \"operations\": []}",
    "null" : false
  },
  "input_config_json" : {
    "type" : "jsonb",
    "value" : "{\"crossRef\": [], \"services\": [], \"multistep\": [], \"operations\": []}",
    "null" : false
  },
  "output_config_json" : {
    "type" : "jsonb",
    "value" : "{\"crossRef\": [], \"services\": [], \"multistep\": [], \"operations\": [{\"map\": {\"id\": \"776e8dc8-fc15-4368-adc7-4de5943d12cc\", \"root\": false, \"type\": \"list\", \"cached\": false, \"source\": \"/payloadReducedSubscriptions[]\", \"target\": \"/GetAmplifyMarketplacePendingSubscriptionsIntegration-ServiceOutput/toolResponseText\", \"mapNull\": false, \"disabled\": false, \"extractXml\": false, \"extractJson\": false, \"targetOrder\": 1.0, \"mapEmptyString\": false, \"targetJavaType\": \"java.lang.String\"}}, {\"map\": {\"id\": \"7cca5b22-7d47-4de0-aea4-41a4df72d76c\", \"root\": false, \"type\": \"setValue\", \"cached\": false, \"target\": \"/GetAmplifyMarketplacePendingSubscriptionsIntegration-ServiceOutput/toolResponseType\", \"mapNull\": false, \"disabled\": false, \"extractXml\": false, \"extractJson\": false, \"targetOrder\": 1.0, \"targetValue\": \"TextContent\", \"mapEmptyString\": false, \"targetJavaType\": \"java.lang.String\", \"variableSubstitution\": false}}]}",
    "null" : false
  },
  "component_id" : "8ac5fe03-27a2-4e6a-a449-6a8893818223",
  "service_id" : "3e0cecb6-4614-4d6c-9a11-a97da62fbe27",
  "endpoint_id" : null,
  "parent_component_config_id" : "bb6b2fee-acac-4f06-a26c-a986cbd34535",
  "component_config_order" : 4.0,
  "action_id" : "06843b78-eab0-45da-afab-8c8277d7553f",
  "name" : "Set output",
  "description" : "",
  "override_endpoint" : false,
  "input_structure_json" : {
    "type" : "jsonb",
    "value" : "{\"maps\": [], \"mappedNodes\": [\"/GetAmplifyMarketplacePendingSubscriptionsIntegration-ServiceOutput/toolResponseTypepipeOut\", \"/GetAmplifyMarketplacePendingSubscriptionsIntegration-ServiceOutputpipeOut\", \"/payloadReducedSubscriptions[] pipeIn\", \"/GetAmplifyMarketplacePendingSubscriptionsIntegration-ServiceOutput/toolResponseTextpipeOut\", \"/GetAmplifyMarketplacePendingSubscriptionsIntegration-ServiceOutputpipeOut\", \"/GetAmplifyMarketplacePendingSubscriptionsIntegration-ServiceOutput/toolResponseTypepipeOut\", \"/GetAmplifyMarketplacePendingSubscriptionsIntegration-ServiceOutputpipeOut\"]}",
    "null" : false
  },
  "output_structure_json" : {
    "type" : "jsonb",
    "value" : "{\"maps\": [{\"/GetAmplifyMarketplacePendingSubscriptionsIntegration-ServiceOutput/toolResponseType\": [{\"type\": \"setValue\", \"order\": 1, \"target\": {\"path\": \"/GetAmplifyMarketplacePendingSubscriptionsIntegration-ServiceOutput/toolResponseType\", \"order\": 1, \"title\": \"toolResponseType\", \"dataElementType\": \"string\"}, \"values\": [{\"id\": \"947803e2-2333-4bfc-8786-8e69fb52275f\", \"key\": \"/GetAmplifyMarketplacePendingSubscriptionsIntegration-ServiceOutput/toolResponseType\", \"type\": \"node\", \"order\": 1, \"title\": \"toolResponseType\", \"children\": [], \"setValue\": null, \"editAllow\": true, \"uiElement\": \"TextContent\", \"isSetValue\": false, \"childrenSet\": false, \"hasChildren\": false, \"dataElementType\": \"string\", \"encryption_required\": false}], \"mapCondition\": {\"isConditionSet\": false, \"sourceTreeIndex\": [], \"targetTreeIndex\": [], \"mapConditionFormValue\": {}}, \"dataElementType\": \"string\", \"variableSubstitution\": false, \"overwritePipelineValue\": false}]}, {\"/GetAmplifyMarketplacePendingSubscriptionsIntegration-ServiceOutput/toolResponseText\": [{\"type\": \"list\", \"source\": {\"path\": \"/payloadReducedSubscriptions[]\", \"title\": \"payloadReducedSubscriptions\", \"dataElementType\": \"documentArray\"}, \"target\": {\"path\": \"/GetAmplifyMarketplacePendingSubscriptionsIntegration-ServiceOutput/toolResponseText\", \"order\": 1, \"title\": \"toolResponseText\", \"dataElementType\": \"string\"}, \"mapCondition\": {\"isConditionSet\": false, \"sourceTreeIndex\": [{\"key\": 1, \"title\": \"payloadReducedSubscriptions[]\", \"isLeaf\": false, \"isArray\": true, \"parentKey\": 0, \"arrayIndex\": null}], \"targetTreeIndex\": [{\"key\": 1, \"title\": \"GetAmplifyMarketplacePendingSubscriptionsIntegration-ServiceOutput\", \"isLeaf\": false, \"isArray\": false, \"children\": [{\"key\": 2, \"title\": \"toolResponseText\", \"isLeaf\": false, \"isArray\": false, \"parentKey\": 1}], \"parentKey\": 0}], \"mapConditionFormValue\": {}}}]}], \"tracks\": {}, \"transformer\": []}",
    "null" : false
  },
  "endpoint_structure_json" : {
    "type" : "jsonb",
    "value" : "{\"maps\": []}",
    "null" : false
  },
  "is_error" : false,
  "no_of_errors" : 0,
  "action_input_type" : null,
  "config_service_id" : null,
  "config_imap_id" : null,
  "config_b2b_document_type_id" : null,
  "config_document_id" : null,
  "add_variables" : {
    "type" : "jsonb",
    "value" : "[]",
    "null" : false
  },
  "drop_variables" : {
    "type" : "jsonb",
    "value" : "[]",
    "null" : false
  },
  "plug_input_structure" : null,
  "plug_output_structure" : null,
  "config_plug_id" : null,
  "override_plug" : false,
  "config_java_service_id" : null,
  "service_tag" : "V16",
  "endpoint_tag" : null,
  "config_service_tag" : "",
  "config_imap_tag" : "",
  "config_b2b_document_type_tag" : "",
  "active" : false,
  "parent_component_config_service_tag" : "V16",
  "service_project_id" : "27edbc36-f404-4005-832a-6f6f32f16f6e",
  "service_project_tag" : "V16",
  "config_service_project_id" : null,
  "config_service_project_tag" : "",
  "config_imap_project_id" : null,
  "config_imap_project_tag" : "",
  "config_b2b_document_type_project_id" : null,
  "config_b2b_document_type_project_tag" : "",
  "endpoint_project_id" : null,
  "endpoint_project_tag" : null,
  "config_plug_tag" : null,
  "config_plug_project_id" : null,
  "config_plug_project_tag" : null,
  "config_java_service_tag" : "",
  "config_java_service_project_id" : null,
  "config_java_service_project_tag" : "",
  "disabled" : false,
  "config" : null,
  "config_b2b_document_type_project_mode_id" : "112c1cb8-4b9e-4d1a-a042-0bd031dc7d05",
  "config_imap_project_mode_id" : "112c1cb8-4b9e-4d1a-a042-0bd031dc7d05",
  "config_java_service_project_mode_id" : "112c1cb8-4b9e-4d1a-a042-0bd031dc7d05",
  "config_plug_project_mode_id" : "112c1cb8-4b9e-4d1a-a042-0bd031dc7d05",
  "config_service_project_mode_id" : "112c1cb8-4b9e-4d1a-a042-0bd031dc7d05",
  "endpoint_project_mode_id" : "112c1cb8-4b9e-4d1a-a042-0bd031dc7d05",
  "service_project_mode_id" : "112c1cb8-4b9e-4d1a-a042-0bd031dc7d05",
  "parent_component_config_service_project_mode_id" : "112c1cb8-4b9e-4d1a-a042-0bd031dc7d05",
  "is_audit" : true,
  "keys_with_order" : null
}