{
  "document_type_id" : "1395cf2d-8c7b-4482-b08e-7023a2f7e04c",
  "name" : "CreateProductResourceRequestBody",
  "description" : null,
  "version" : null,
  "business_document_type_id" : null,
  "document_format_id" : "edc154a0-55fc-11e9-8647-d663bd873d93",
  "root_tag" : null,
  "structure" : {
    "type" : "jsonb",
    "value" : "[{\"key\": \"/name\", \"type\": \"string\", \"order\": 1.0, \"title\": \"name\", \"value\": {\"type\": \"string\", \"requiredFlag\": false}, \"isLeaf\": true, \"childrenSet\": false, \"hasChildren\": false, \"dataElementType\": \"string\", \"encryption_required\": false}, {\"key\": \"/title\", \"type\": \"string\", \"order\": 2.0, \"title\": \"title\", \"value\": {\"type\": \"string\", \"requiredFlag\": false}, \"isLeaf\": true, \"childrenSet\": false, \"hasChildren\": false, \"dataElementType\": \"string\", \"encryption_required\": false}, {\"key\": \"/spec\", \"type\": \"object\", \"order\": 3.0, \"title\": \"spec\", \"value\": {\"type\": \"object\", \"requiredFlag\": false}, \"isLeaf\": false, \"children\": [{\"key\": \"/spec/description\", \"type\": \"string\", \"order\": 4.0, \"title\": \"description\", \"value\": {\"type\": \"string\", \"requiredFlag\": false}, \"isLeaf\": true, \"childrenSet\": false, \"hasChildren\": false, \"dataElementType\": \"string\", \"encryption_required\": false}, {\"key\": \"/spec/version\", \"type\": \"string\", \"order\": 5.0, \"title\": \"version\", \"value\": {\"type\": \"string\", \"requiredFlag\": false}, \"isLeaf\": true, \"childrenSet\": false, \"hasChildren\": false, \"dataElementType\": \"string\", \"encryption_required\": false}, {\"key\": \"/spec/fileType\", \"type\": \"string\", \"order\": 6.0, \"title\": \"fileType\", \"value\": {\"type\": \"string\", \"requiredFlag\": false}, \"isLeaf\": true, \"childrenSet\": false, \"hasChildren\": false, \"dataElementType\": \"string\", \"encryption_required\": false}, {\"key\": \"/spec/contentType\", \"type\": \"string\", \"order\": 7.0, \"title\": \"contentType\", \"value\": {\"type\": \"string\", \"requiredFlag\": false}, \"isLeaf\": true, \"childrenSet\": false, \"hasChildren\": false, \"dataElementType\": \"string\", \"encryption_required\": false}, {\"key\": \"/spec/data\", \"type\": \"object\", \"order\": 8.0, \"title\": \"data\", \"value\": {\"type\": \"object\", \"requiredFlag\": false}, \"isLeaf\": false, \"children\": [{\"key\": \"/spec/data/type\", \"type\": \"string\", \"order\": 9.0, \"title\": \"type\", \"value\": {\"type\": \"string\", \"requiredFlag\": false}, \"isLeaf\": true, \"childrenSet\": false, \"hasChildren\": false, \"dataElementType\": \"string\", \"encryption_required\": false}, {\"key\": \"/spec/data/content\", \"type\": \"string\", \"order\": 10.0, \"title\": \"content\", \"value\": {\"type\": \"string\", \"requiredFlag\": false}, \"isLeaf\": true, \"childrenSet\": false, \"hasChildren\": false, \"dataElementType\": \"string\", \"encryption_required\": false}], \"childrenSet\": false, \"hasChildren\": false, \"dataElementType\": \"document\", \"encryption_required\": false}], \"childrenSet\": false, \"hasChildren\": false, \"dataElementType\": \"document\", \"encryption_required\": false}]",
    "null" : false
  },
  "key_fields" : null,
  "schema" : {
    "type" : "json",
    "value" : "{\"$id\":\"CreateProductResourceRequestBody\",\"$schema\":\"http://json-schema.org/draft-07/schema#\",\"type\":\"object\",\"properties\":{\"name\":{\"type\":\"string\",\"title\":\"name\",\"default\":\"\",\"examples\":[\"trans-doc-res\"],\"properties\":{},\"pattern\":\"^(.*)$\"},\"title\":{\"type\":\"string\",\"title\":\"title\",\"default\":\"\",\"examples\":[\"Translate doc resource\"],\"properties\":{},\"pattern\":\"^(.*)$\"},\"spec\":{\"type\":\"object\",\"title\":\"spec\",\"properties\":{\"description\":{\"type\":\"string\",\"title\":\"description\",\"default\":\"\",\"examples\":[\"Overview\"],\"properties\":{},\"pattern\":\"^(.*)$\"},\"version\":{\"type\":\"string\",\"title\":\"version\",\"default\":\"\",\"examples\":[\"1.0.1\"],\"properties\":{},\"pattern\":\"^(.*)$\"},\"fileType\":{\"type\":\"string\",\"title\":\"fileType\",\"default\":\"\",\"examples\":[\"markdown\"],\"properties\":{},\"pattern\":\"^(.*)$\"},\"contentType\":{\"type\":\"string\",\"title\":\"contentType\",\"default\":\"\",\"examples\":[\"text/markdown\"],\"properties\":{},\"pattern\":\"^(.*)$\"},\"data\":{\"type\":\"object\",\"title\":\"data\",\"properties\":{\"type\":{\"type\":\"string\",\"title\":\"type\",\"default\":\"\",\"examples\":[\"text\"],\"properties\":{},\"pattern\":\"^(.*)$\"},\"content\":{\"type\":\"string\",\"title\":\"content\",\"default\":\"\",\"examples\":[\"string\"],\"properties\":{},\"pattern\":\"^(.*)$\"}}}}}}}",
    "null" : false
  },
  "source_schema" : "{\n    \"name\": \"trans-doc-res\",\n    \"title\": \"Translate doc resource\",\n    \"spec\": {\n        \"description\": \"Overview\",\n        \"version\": \"1.0.1\",\n        \"fileType\": \"markdown\",\n        \"contentType\": \"text/markdown\",\n        \"data\": {\n            \"type\": \"text\",\n            \"content\": \"string\"\n        }\n    }\n}",
  "type" : "custom",
  "doc_type" : null,
  "source_type" : "jsonsample",
  "ignore_missing_schemas" : false,
  "has_ref_schemas" : null,
  "flat_file_config" : null,
  "active" : false,
  "is_changed" : false,
  "tag" : "V13",
  "comment" : "Added WhatCanFusionAmplifyMCPServerDo tool",
  "base_tag" : "V12"
}