{
  "id" : "1fbabb1c-9db2-4225-b2c5-bddabe40031c",
  "name" : "GetAmplifyMarketplaceProductDetails",
  "description" : null,
  "iserror" : false,
  "no_of_errors" : 0,
  "service_input" : null,
  "service_output" : null,
  "service_input_json_schema" : null,
  "service_output_json_schema" : null,
  "type" : "EVENTDRIVEN",
  "error_handler" : false,
  "tag" : "V17",
  "active" : false,
  "is_changed" : false,
  "comment" : "Added product release tool",
  "base_tag" : "V16",
  "test_input" : {
    "type" : "jsonb",
    "value" : "[]",
    "null" : false
  },
  "test_input_structure" : {
    "type" : "jsonb",
    "value" : "[]",
    "null" : false
  }
}