{
  "id" : "36f11b10-9911-4e5f-883a-acefd157e343",
  "name" : "GetProducts-Service",
  "description" : null,
  "iserror" : false,
  "no_of_errors" : 0,
  "service_input" : {
    "type" : "jsonb",
    "value" : "[{\"id\": \"31351515-4140-400f-b2b1-3e2f42bc5222\", \"key\": \"/GetProducts-ServiceInput\", \"type\": \"object\", \"order\": 1, \"title\": \"GetProducts-ServiceInput\", \"value\": {\"type\": \"object\"}, \"isLeaf\": false, \"children\": [], \"childrenSet\": false, \"hasChildren\": false, \"dataElementType\": \"document\", \"documentReference\": [], \"encryption_required\": false}]",
    "null" : false
  },
  "service_output" : {
    "type" : "jsonb",
    "value" : "[{\"id\": \"a643f4e0-67cb-46d7-86cd-7165c245f97b\", \"key\": \"/GetProducts-ServiceOutput\", \"type\": \"object\", \"order\": 1, \"title\": \"GetProducts-ServiceOutput\", \"value\": {\"type\": \"object\"}, \"isLeaf\": false, \"children\": [{\"id\": \"c3404b77-eed7-45fe-b15c-15164d89f537\", \"key\": \"/GetProducts-ServiceOutput/toolResponseType\", \"edit\": false, \"type\": \"node\", \"order\": 1, \"title\": \"toolResponseType\", \"value\": {\"type\": \"string\"}, \"children\": [], \"editAllow\": true, \"dataElementType\": \"string\"}, {\"id\": \"06194fa0-8079-4d51-8883-fd88a515fcb1\", \"key\": \"/GetProducts-ServiceOutput/toolResponseText\", \"edit\": false, \"type\": \"node\", \"order\": 1, \"title\": \"toolResponseText\", \"value\": {\"type\": \"string\"}, \"children\": [], \"editAllow\": true, \"dataElementType\": \"string\"}], \"childrenSet\": false, \"hasChildren\": false, \"dataElementType\": \"document\", \"documentReference\": [], \"encryption_required\": false}]",
    "null" : false
  },
  "service_input_json_schema" : {
    "type" : "jsonb",
    "value" : "{\"required\": [], \"properties\": {\"GetProducts-ServiceInput\": {\"type\": \"object\", \"required\": []}}, \"additionalProperties\": false}",
    "null" : false
  },
  "service_output_json_schema" : {
    "type" : "jsonb",
    "value" : "{\"required\": [], \"properties\": {\"GetProducts-ServiceOutput\": {\"type\": \"object\", \"required\": [], \"properties\": {\"toolResponseText\": {\"type\": \"string\"}, \"toolResponseType\": {\"type\": \"string\"}}, \"additionalProperties\": false}}, \"additionalProperties\": false}",
    "null" : false
  },
  "type" : "SERVICE",
  "error_handler" : false,
  "tag" : "V17",
  "active" : false,
  "is_changed" : false,
  "comment" : "Added product release tool",
  "base_tag" : "V16",
  "test_input" : {
    "type" : "jsonb",
    "value" : "{}",
    "null" : false
  },
  "test_input_structure" : {
    "type" : "jsonb",
    "value" : "[{\"id\": \"31351515-4140-400f-b2b1-3e2f42bc5222\", \"key\": \"/GetProducts-ServiceInput\", \"type\": \"object\", \"order\": 1, \"title\": \"GetProducts-ServiceInput\", \"value\": {\"type\": \"object\"}, \"isLeaf\": false, \"children\": [], \"childrenSet\": false, \"hasChildren\": false, \"dataElementType\": \"document\", \"encryption_required\": false}]",
    "null" : false
  }
}