{
  "id" : "27edbc36-f404-4005-832a-6f6f32f16f6e",
  "name" : "FusionAmplifyMCP",
  "createdOn" : "2025-11-04T15:49:53.078",
  "modifiedOn" : "2025-11-29T03:32:21.458",
  "createdBy" : "fbe89da3-e0bb-4982-bd59-d46f52883257",
  "modifiedBy" : "fbe89da3-e0bb-4982-bd59-d46f52883257",
  "projectDescription" : "",
  "active" : false,
  "tag" : "V13",
  "comment" : "Added WhatCanFusionAmplifyMCPServerDo tool",
  "baseTag" : "V12",
  "modeId" : "112c1cb8-4b9e-4d1a-a042-0bd031dc7d05",
  "deployedOn" : null,
  "details" : null,
  "projectType" : "Fusion"
}