{
  "id" : "b6eb64c0-c11b-4eb2-b1b8-6153d414dd55",
  "name" : "UpdateProductIcon-Service",
  "description" : null,
  "iserror" : false,
  "no_of_errors" : 0,
  "service_input" : {
    "type" : "jsonb",
    "value" : "[{\"id\": \"7cf8f79d-6aa8-4bdb-9bb3-533918e361de\", \"key\": \"/UpdateProductIcon-ServiceInput\", \"type\": \"object\", \"order\": 1, \"title\": \"UpdateProductIcon-ServiceInput\", \"value\": {\"type\": \"object\"}, \"isLeaf\": false, \"children\": [{\"id\": \"c98f740d-85a3-45c0-af89-c73560c4b707\", \"key\": \"/UpdateProductIcon-ServiceInput/productName\", \"edit\": false, \"type\": \"node\", \"order\": 1, \"title\": \"productName\", \"value\": {\"type\": \"string\"}, \"children\": [], \"editAllow\": true, \"dataElementType\": \"string\"}, {\"id\": \"6825b7f5-176c-46b4-aff0-0043ff0cba70\", \"key\": \"/UpdateProductIcon-ServiceInput/iconPrompt\", \"edit\": false, \"type\": \"node\", \"order\": 1, \"title\": \"iconPrompt\", \"value\": {\"type\": \"string\"}, \"children\": [], \"editAllow\": true, \"dataElementType\": \"string\"}], \"childrenSet\": false, \"hasChildren\": false, \"dataElementType\": \"document\", \"documentReference\": [], \"encryption_required\": false}]",
    "null" : false
  },
  "service_output" : {
    "type" : "jsonb",
    "value" : "[{\"id\": \"55845e55-3bff-4362-a620-136f0791294c\", \"key\": \"/UpdateProductIcon-ServiceOutput\", \"type\": \"object\", \"order\": 1, \"title\": \"UpdateProductIcon-ServiceOutput\", \"value\": {\"type\": \"object\"}, \"isLeaf\": false, \"children\": [{\"id\": \"21d02bc0-9c6f-48cd-99c5-4aa5f1cab68f\", \"key\": \"/UpdateProductIcon-ServiceOutput/responseToolType\", \"edit\": false, \"type\": \"node\", \"order\": 1, \"title\": \"responseToolType\", \"value\": {\"type\": \"string\"}, \"children\": [], \"editAllow\": true, \"dataElementType\": \"string\"}, {\"id\": \"9f194148-6ec7-4f87-b7c5-92a0993507c9\", \"key\": \"/UpdateProductIcon-ServiceOutput/responseToolText\", \"edit\": false, \"type\": \"node\", \"order\": 1, \"title\": \"responseToolText\", \"value\": {\"type\": \"string\"}, \"children\": [], \"editAllow\": true, \"dataElementType\": \"string\"}], \"childrenSet\": false, \"hasChildren\": false, \"dataElementType\": \"document\", \"documentReference\": [], \"encryption_required\": false}]",
    "null" : false
  },
  "service_input_json_schema" : {
    "type" : "jsonb",
    "value" : "{\"required\": [], \"properties\": {\"UpdateProductIcon-ServiceInput\": {\"type\": \"object\", \"required\": [], \"properties\": {\"iconPrompt\": {\"type\": \"string\"}, \"productName\": {\"type\": \"string\"}}, \"additionalProperties\": false}}, \"additionalProperties\": false}",
    "null" : false
  },
  "service_output_json_schema" : {
    "type" : "jsonb",
    "value" : "{\"required\": [], \"properties\": {\"UpdateProductIcon-ServiceOutput\": {\"type\": \"object\", \"required\": [], \"properties\": {\"responseToolText\": {\"type\": \"string\"}, \"responseToolType\": {\"type\": \"string\"}}, \"additionalProperties\": false}}, \"additionalProperties\": false}",
    "null" : false
  },
  "type" : "SERVICE",
  "error_handler" : false,
  "tag" : "V16",
  "active" : false,
  "is_changed" : false,
  "comment" : "Finished refactoring tools: UpdateAmplifyMarketplaceProductDocumentation, UpdateAmplifyMarketplaceProductIcon",
  "base_tag" : "V15",
  "test_input" : {
    "type" : "jsonb",
    "value" : "{\"UpdateProductIcon-ServiceInput\": {\"iconPrompt\": \"png application red icon with transparency of translate as in language translation\", \"productName\": \"translate\"}}",
    "null" : false
  },
  "test_input_structure" : {
    "type" : "jsonb",
    "value" : "[{\"id\": \"7cf8f79d-6aa8-4bdb-9bb3-533918e361de\", \"key\": \"/UpdateProductIcon-ServiceInput\", \"type\": \"object\", \"order\": 1, \"title\": \"UpdateProductIcon-ServiceInput\", \"value\": {\"type\": \"object\"}, \"isLeaf\": false, \"children\": [{\"id\": \"c98f740d-85a3-45c0-af89-c73560c4b707\", \"key\": \"/UpdateProductIcon-ServiceInput/productName\", \"type\": \"node\", \"order\": 1, \"title\": \"productName\", \"value\": {\"type\": \"string\"}, \"children\": [], \"setValue\": \"translate\", \"editAllow\": true, \"childrenSet\": false, \"hasChildren\": false, \"dataElementType\": \"string\", \"encryption_required\": false}, {\"id\": \"6825b7f5-176c-46b4-aff0-0043ff0cba70\", \"key\": \"/UpdateProductIcon-ServiceInput/iconPrompt\", \"type\": \"node\", \"order\": 1, \"title\": \"iconPrompt\", \"value\": {\"type\": \"string\"}, \"children\": [], \"setValue\": \"png application red icon with transparency of translate as in language translation\", \"editAllow\": true, \"childrenSet\": false, \"hasChildren\": false, \"dataElementType\": \"string\", \"encryption_required\": false}], \"childrenSet\": false, \"hasChildren\": false, \"dataElementType\": \"document\", \"encryption_required\": false}]",
    "null" : false
  }
}