{
  "id" : "98dd99ca-9b24-4f83-ae8e-96c2c199c011",
  "name" : "UpdateProductDocumentation-Service",
  "description" : "",
  "iserror" : false,
  "no_of_errors" : 0,
  "service_input" : {
    "type" : "jsonb",
    "value" : "[{\"id\": \"5c3d577a-0607-4a15-87f7-8e81c606032f\", \"key\": \"/UpdateProductDocumentation-ServiceInput\", \"type\": \"object\", \"order\": 1, \"title\": \"UpdateProductDocumentation-ServiceInput\", \"value\": {\"type\": \"object\"}, \"isLeaf\": false, \"children\": [{\"id\": \"f3a3bcda-5f1e-4e3a-ab37-01ba1b8a419b\", \"key\": \"/UpdateProductDocumentation-ServiceInput/documentMarkdownContents\", \"type\": \"node\", \"order\": 1, \"title\": \"documentMarkdownContents\", \"value\": {\"type\": \"string\"}, \"children\": [], \"editAllow\": true, \"childrenSet\": false, \"hasChildren\": false, \"dataElementType\": \"string\", \"encryption_required\": false}, {\"id\": \"0893c6d3-616e-44d9-9f0d-b74aa9ce2655\", \"key\": \"/UpdateProductDocumentation-ServiceInput/productName\", \"type\": \"node\", \"order\": 1, \"title\": \"productName\", \"value\": {\"type\": \"string\"}, \"children\": [], \"editAllow\": true, \"childrenSet\": false, \"hasChildren\": false, \"dataElementType\": \"string\", \"encryption_required\": false}, {\"id\": \"bfbe5185-116a-46b9-a8d4-a9949fb9236e\", \"key\": \"/UpdateProductDocumentation-ServiceInput/shouldRemoveProductDocsIfExists\", \"edit\": false, \"type\": \"node\", \"order\": 1, \"title\": \"shouldRemoveProductDocsIfExists\", \"value\": {\"type\": \"boolean\"}, \"children\": [], \"editAllow\": true, \"dataElementType\": \"boolean\"}, {\"id\": \"1ee51b5e-693b-4645-bb0f-15987ec029a8\", \"key\": \"/UpdateProductDocumentation-ServiceInput/shouldActivateProductAfterUpdate\", \"edit\": false, \"type\": \"node\", \"order\": 1, \"title\": \"shouldActivateProductAfterUpdate\", \"value\": {\"type\": \"boolean\"}, \"children\": [], \"editAllow\": true, \"dataElementType\": \"boolean\"}], \"childrenSet\": false, \"hasChildren\": false, \"dataElementType\": \"document\", \"documentReference\": [], \"encryption_required\": false}]",
    "null" : false
  },
  "service_output" : {
    "type" : "jsonb",
    "value" : "[{\"id\": \"dc001556-e105-43cc-b7fe-71f47b4da807\", \"key\": \"/UpdateProductDocumentation-ServiceOutput\", \"type\": \"object\", \"order\": 1, \"title\": \"UpdateProductDocumentation-ServiceOutput\", \"value\": {\"type\": \"object\"}, \"isLeaf\": false, \"children\": [{\"id\": \"1b2d9958-ce0a-4417-a18a-e5cf83692c97\", \"key\": \"/UpdateProductDocumentation-ServiceOutput/responseToolType\", \"edit\": false, \"type\": \"node\", \"order\": 1, \"title\": \"responseToolType\", \"value\": {\"type\": \"string\"}, \"children\": [], \"editAllow\": true, \"dataElementType\": \"string\"}, {\"id\": \"37efbf3f-9624-4aec-8c1e-1aa4e7cfa932\", \"key\": \"/UpdateProductDocumentation-ServiceOutput/responseToolText\", \"edit\": false, \"type\": \"node\", \"order\": 1, \"title\": \"responseToolText\", \"value\": {\"type\": \"string\"}, \"children\": [], \"editAllow\": true, \"dataElementType\": \"string\"}], \"childrenSet\": false, \"hasChildren\": false, \"dataElementType\": \"document\", \"documentReference\": [], \"encryption_required\": false}]",
    "null" : false
  },
  "service_input_json_schema" : {
    "type" : "jsonb",
    "value" : "{\"required\": [], \"properties\": {\"UpdateProductDocumentation-ServiceInput\": {\"type\": \"object\", \"required\": [], \"properties\": {\"productName\": {\"type\": \"string\"}, \"documentMarkdownContents\": {\"type\": \"string\"}, \"shouldRemoveProductDocsIfExists\": {\"type\": \"boolean\"}, \"shouldActivateProductAfterUpdate\": {\"type\": \"boolean\"}}, \"additionalProperties\": false}}, \"additionalProperties\": false}",
    "null" : false
  },
  "service_output_json_schema" : {
    "type" : "jsonb",
    "value" : "{\"required\": [], \"properties\": {\"UpdateProductDocumentation-ServiceOutput\": {\"type\": \"object\", \"required\": [], \"properties\": {\"responseToolText\": {\"type\": \"string\"}, \"responseToolType\": {\"type\": \"string\"}}, \"additionalProperties\": false}}, \"additionalProperties\": false}",
    "null" : false
  },
  "type" : "SERVICE",
  "error_handler" : false,
  "tag" : "V16",
  "active" : false,
  "is_changed" : false,
  "comment" : "Finished refactoring tools: UpdateAmplifyMarketplaceProductDocumentation, UpdateAmplifyMarketplaceProductIcon",
  "base_tag" : "V15",
  "test_input" : {
    "type" : "jsonb",
    "value" : "{}",
    "null" : false
  },
  "test_input_structure" : {
    "type" : "jsonb",
    "value" : "[{\"id\": \"5c3d577a-0607-4a15-87f7-8e81c606032f\", \"key\": \"/UpdateProductDocumentation-ServiceInput\", \"type\": \"object\", \"order\": 1, \"title\": \"UpdateProductDocumentation-ServiceInput\", \"value\": {\"type\": \"object\"}, \"isLeaf\": false, \"children\": [{\"id\": \"f3a3bcda-5f1e-4e3a-ab37-01ba1b8a419b\", \"key\": \"/UpdateProductDocumentation-ServiceInput/documentMarkdownContents\", \"type\": \"node\", \"order\": 1, \"title\": \"documentMarkdownContents\", \"value\": {\"type\": \"string\"}, \"children\": [], \"editAllow\": true, \"childrenSet\": false, \"hasChildren\": false, \"dataElementType\": \"string\", \"encryption_required\": false}, {\"id\": \"0893c6d3-616e-44d9-9f0d-b74aa9ce2655\", \"key\": \"/UpdateProductDocumentation-ServiceInput/productName\", \"type\": \"node\", \"order\": 1, \"title\": \"productName\", \"value\": {\"type\": \"string\"}, \"children\": [], \"editAllow\": true, \"childrenSet\": false, \"hasChildren\": false, \"dataElementType\": \"string\", \"encryption_required\": false}, {\"id\": \"bfbe5185-116a-46b9-a8d4-a9949fb9236e\", \"key\": \"/UpdateProductDocumentation-ServiceInput/shouldRemoveProductDocsIfExists\", \"edit\": false, \"type\": \"node\", \"order\": 1, \"title\": \"shouldRemoveProductDocsIfExists\", \"value\": {\"type\": \"boolean\"}, \"children\": [], \"editAllow\": true, \"dataElementType\": \"boolean\"}, {\"id\": \"1ee51b5e-693b-4645-bb0f-15987ec029a8\", \"key\": \"/UpdateProductDocumentation-ServiceInput/shouldActivateProductAfterUpdate\", \"edit\": false, \"type\": \"node\", \"order\": 1, \"title\": \"shouldActivateProductAfterUpdate\", \"value\": {\"type\": \"boolean\"}, \"children\": [], \"editAllow\": true, \"dataElementType\": \"boolean\"}], \"childrenSet\": false, \"hasChildren\": false, \"dataElementType\": \"document\", \"documentReference\": [], \"encryption_required\": false}]",
    "null" : false
  }
}