{
  "id" : "b6698779-0bf4-4854-a0bf-f99977e9073d",
  "name" : "UpdateAmplifyMarketplaceProductDocumentation",
  "description" : null,
  "iserror" : false,
  "no_of_errors" : 0,
  "service_input" : null,
  "service_output" : null,
  "service_input_json_schema" : null,
  "service_output_json_schema" : null,
  "type" : "EVENTDRIVEN",
  "error_handler" : false,
  "tag" : "V16",
  "active" : false,
  "is_changed" : true,
  "comment" : "Finished refactoring tools: UpdateAmplifyMarketplaceProductDocumentation, UpdateAmplifyMarketplaceProductIcon",
  "base_tag" : "V15",
  "test_input" : {
    "type" : "jsonb",
    "value" : "[]",
    "null" : false
  },
  "test_input_structure" : {
    "type" : "jsonb",
    "value" : "[]",
    "null" : false
  }
}