{
  "component_config_id" : "4d5829f6-5eea-46f7-8568-1481250081c7",
  "endpoint_config_json" : {
    "type" : "jsonb",
    "value" : "{\"crossRef\": [], \"services\": [], \"multistep\": [], \"operations\": []}",
    "null" : false
  },
  "input_config_json" : {
    "type" : "jsonb",
    "value" : "{\"crossRef\": [], \"services\": [], \"multistep\": [], \"operations\": [{\"map\": {\"id\": \"b46b1ffe-86e4-434c-991e-fc282f52ea5a\", \"root\": false, \"type\": \"map\", \"cached\": false, \"source\": \"/UpdateAmplifyMarketplacePendingApplicationRegistration-ServiceInput/approvalState\", \"target\": \"/AssetRequest_UpdateAssetRequestApprovalStateInput/approvalState\", \"mapNull\": false, \"disabled\": false, \"extractXml\": false, \"extractJson\": false, \"targetOrder\": 1.0, \"mapEmptyString\": false, \"sourceJavaType\": \"java.lang.String\", \"targetJavaType\": \"java.lang.String\"}}, {\"map\": {\"id\": \"b56a11c0-cdc5-4d8e-9751-9a94baca89ef\", \"root\": false, \"type\": \"map\", \"cached\": false, \"source\": \"/UpdateAmplifyMarketplacePendingApplicationRegistration-ServiceInput/reason\", \"target\": \"/AssetRequest_UpdateAssetRequestApprovalStateInput/reason\", \"mapNull\": false, \"disabled\": false, \"extractXml\": false, \"extractJson\": false, \"targetOrder\": 1.0, \"mapEmptyString\": false, \"sourceJavaType\": \"java.lang.String\", \"targetJavaType\": \"java.lang.String\"}}, {\"map\": {\"id\": \"1ad9214f-e311-4c36-ad6d-d5e1fdba1910\", \"root\": false, \"type\": \"map\", \"cached\": false, \"source\": \"/UpdateAmplifyMarketplacePendingApplicationRegistration-ServiceInput/applicationName\", \"target\": \"/AssetRequest_UpdateAssetRequestApprovalStateInput/applicationName\", \"mapNull\": false, \"disabled\": false, \"extractXml\": false, \"extractJson\": false, \"targetOrder\": 1.0, \"mapEmptyString\": false, \"sourceJavaType\": \"java.lang.String\", \"targetJavaType\": \"java.lang.String\"}}, {\"map\": {\"id\": \"7be28bbb-9d48-4ffa-8430-45ed4a657f9d\", \"root\": false, \"type\": \"map\", \"cached\": false, \"source\": \"/UpdateAmplifyMarketplacePendingApplicationRegistration-ServiceInput/applicationRegistrationName\", \"target\": \"/AssetRequest_UpdateAssetRequestApprovalStateInput/assetRequestName\", \"mapNull\": false, \"disabled\": false, \"extractXml\": false, \"extractJson\": false, \"targetOrder\": 1.0, \"mapEmptyString\": false, \"sourceJavaType\": \"java.lang.String\", \"targetJavaType\": \"java.lang.String\"}}]}",
    "null" : false
  },
  "output_config_json" : {
    "type" : "jsonb",
    "value" : "{\"crossRef\": [], \"services\": [], \"multistep\": [], \"operations\": [{\"map\": {\"id\": \"7f3c1170-dcd4-4abf-bf55-be9a53657413\", \"root\": true, \"type\": \"map\", \"cached\": false, \"source\": \"/AssetRequest_UpdateAssetRequestApprovalStateOutput\", \"target\": \"/AssetRequest_UpdateAssetRequestApprovalStateOutput\", \"mapNull\": false, \"disabled\": false, \"extractXml\": false, \"extractJson\": false, \"targetOrder\": 1.0, \"mapEmptyString\": false}}]}",
    "null" : false
  },
  "component_id" : "756d919f-1b1f-4eab-9f44-2f7b5bbe175c",
  "service_id" : "74f7f380-cb55-4dd6-9b84-40bfbc9eb897",
  "endpoint_id" : null,
  "parent_component_config_id" : null,
  "component_config_order" : 2.0,
  "action_id" : "8e231fcc-71d0-43f6-9303-70dcb0ca6080",
  "name" : "Call AssetRequest_UpdateAssetRequestApprovalState",
  "description" : "",
  "override_endpoint" : false,
  "input_structure_json" : {
    "type" : "jsonb",
    "value" : "{\"maps\": [{\"/AssetRequest_UpdateAssetRequestApprovalStateInput/approvalState\": [{\"type\": \"map\", \"source\": {\"path\": \"/UpdateAmplifyMarketplacePendingApplicationRegistration-ServiceInput/approvalState\", \"title\": \"approvalState\", \"dataElementType\": \"string\"}, \"target\": {\"path\": \"/AssetRequest_UpdateAssetRequestApprovalStateInput/approvalState\", \"order\": 1, \"title\": \"approvalState\", \"dataElementType\": \"string\"}, \"mapCondition\": {\"isConditionSet\": false, \"sourceTreeIndex\": [], \"targetTreeIndex\": [], \"mapConditionFormValue\": {}}}]}, {\"/AssetRequest_UpdateAssetRequestApprovalStateInput/reason\": [{\"type\": \"map\", \"source\": {\"path\": \"/UpdateAmplifyMarketplacePendingApplicationRegistration-ServiceInput/reason\", \"title\": \"reason\", \"dataElementType\": \"string\"}, \"target\": {\"path\": \"/AssetRequest_UpdateAssetRequestApprovalStateInput/reason\", \"order\": 1, \"title\": \"reason\", \"dataElementType\": \"string\"}, \"mapCondition\": {\"isConditionSet\": false, \"sourceTreeIndex\": [], \"targetTreeIndex\": [], \"mapConditionFormValue\": {}}}]}, {\"/AssetRequest_UpdateAssetRequestApprovalStateInput/applicationName\": [{\"type\": \"map\", \"source\": {\"path\": \"/UpdateAmplifyMarketplacePendingApplicationRegistration-ServiceInput/applicationName\", \"title\": \"applicationName\", \"dataElementType\": \"string\"}, \"target\": {\"path\": \"/AssetRequest_UpdateAssetRequestApprovalStateInput/applicationName\", \"order\": 1, \"title\": \"applicationName\", \"dataElementType\": \"string\"}, \"mapCondition\": {\"isConditionSet\": false, \"sourceTreeIndex\": [], \"targetTreeIndex\": [], \"mapConditionFormValue\": {}}}]}, {\"/AssetRequest_UpdateAssetRequestApprovalStateInput/assetRequestName\": [{\"type\": \"map\", \"source\": {\"path\": \"/UpdateAmplifyMarketplacePendingApplicationRegistration-ServiceInput/applicationRegistrationName\", \"title\": \"applicationRegistrationName\", \"dataElementType\": \"string\"}, \"target\": {\"path\": \"/AssetRequest_UpdateAssetRequestApprovalStateInput/assetRequestName\", \"order\": 1, \"title\": \"assetRequestName\", \"dataElementType\": \"string\"}, \"mapCondition\": {\"isConditionSet\": false, \"sourceTreeIndex\": [], \"targetTreeIndex\": [], \"mapConditionFormValue\": {}}}]}], \"mappedNodes\": [\"/UpdateAmplifyMarketplacePendingApplicationRegistration-ServiceInput/approvalState pipeIn\", \"/AssetRequest_UpdateAssetRequestApprovalStateInput/approvalState actionIn\", \"/UpdateAmplifyMarketplacePendingApplicationRegistration-ServiceInput/reason pipeIn\", \"/AssetRequest_UpdateAssetRequestApprovalStateInput/reason actionIn\", \"/UpdateAmplifyMarketplacePendingApplicationRegistration-ServiceInput/applicationName pipeIn\", \"/AssetRequest_UpdateAssetRequestApprovalStateInput/applicationName actionIn\", \"/UpdateAmplifyMarketplacePendingApplicationRegistration-ServiceInput/applicationRegistrationName pipeIn\", \"/AssetRequest_UpdateAssetRequestApprovalStateInput/assetRequestName actionIn\"], \"addVariables\": []}",
    "null" : false
  },
  "output_structure_json" : {
    "type" : "jsonb",
    "value" : "{\"maps\": [{\"/AssetRequest_UpdateAssetRequestApprovalStateOutput\": [{\"type\": \"map\", \"source\": {\"path\": \"/AssetRequest_UpdateAssetRequestApprovalStateOutput\", \"title\": \"AssetRequest_UpdateAssetRequestApprovalStateOutput\", \"dataElementType\": \"document\"}, \"target\": {\"path\": \"/AssetRequest_UpdateAssetRequestApprovalStateOutput\", \"order\": 1, \"title\": \"AssetRequest_UpdateAssetRequestApprovalStateOutput\", \"dataElementType\": \"document\"}, \"mapCondition\": {\"isConditionSet\": false, \"sourceTreeIndex\": [], \"targetTreeIndex\": [], \"mapConditionFormValue\": {}}}]}], \"tracks\": {}, \"transformer\": []}",
    "null" : false
  },
  "endpoint_structure_json" : {
    "type" : "jsonb",
    "value" : "{\"maps\": []}",
    "null" : false
  },
  "is_error" : false,
  "no_of_errors" : 0,
  "action_input_type" : null,
  "config_service_id" : "6c32a8dd-7de7-4c75-97d5-f4b787e7f523",
  "config_imap_id" : null,
  "config_b2b_document_type_id" : null,
  "config_document_id" : null,
  "add_variables" : {
    "type" : "jsonb",
    "value" : "[]",
    "null" : false
  },
  "drop_variables" : {
    "type" : "jsonb",
    "value" : "[]",
    "null" : false
  },
  "plug_input_structure" : null,
  "plug_output_structure" : null,
  "config_plug_id" : null,
  "override_plug" : false,
  "config_java_service_id" : null,
  "service_tag" : "V13",
  "endpoint_tag" : null,
  "config_service_tag" : "EMPTY",
  "config_imap_tag" : "",
  "config_b2b_document_type_tag" : "",
  "active" : false,
  "parent_component_config_service_tag" : "V13",
  "service_project_id" : "27edbc36-f404-4005-832a-6f6f32f16f6e",
  "service_project_tag" : "V13",
  "config_service_project_id" : "27edbc36-f404-4005-832a-6f6f32f16f6e",
  "config_service_project_tag" : "EMPTY",
  "config_imap_project_id" : null,
  "config_imap_project_tag" : "",
  "config_b2b_document_type_project_id" : null,
  "config_b2b_document_type_project_tag" : "",
  "endpoint_project_id" : null,
  "endpoint_project_tag" : null,
  "config_plug_tag" : null,
  "config_plug_project_id" : null,
  "config_plug_project_tag" : null,
  "config_java_service_tag" : "",
  "config_java_service_project_id" : null,
  "config_java_service_project_tag" : "",
  "disabled" : false,
  "config" : {
    "type" : "json",
    "value" : "{\"serviceProjectName\":\"FusionAmplifyMCP\"}",
    "null" : false
  },
  "config_b2b_document_type_project_mode_id" : "112c1cb8-4b9e-4d1a-a042-0bd031dc7d05",
  "config_imap_project_mode_id" : "112c1cb8-4b9e-4d1a-a042-0bd031dc7d05",
  "config_java_service_project_mode_id" : "112c1cb8-4b9e-4d1a-a042-0bd031dc7d05",
  "config_plug_project_mode_id" : "112c1cb8-4b9e-4d1a-a042-0bd031dc7d05",
  "config_service_project_mode_id" : "112c1cb8-4b9e-4d1a-a042-0bd031dc7d05",
  "endpoint_project_mode_id" : "112c1cb8-4b9e-4d1a-a042-0bd031dc7d05",
  "service_project_mode_id" : "112c1cb8-4b9e-4d1a-a042-0bd031dc7d05",
  "parent_component_config_service_project_mode_id" : "112c1cb8-4b9e-4d1a-a042-0bd031dc7d05",
  "is_audit" : true,
  "keys_with_order" : null
}