{
  "component_config_id" : "88272bb2-7fa4-47c1-8c8b-9dbc0a810a2d",
  "endpoint_config_json" : {
    "type" : "jsonb",
    "value" : "{\"crossRef\": [], \"services\": [], \"multistep\": [], \"operations\": []}",
    "null" : false
  },
  "input_config_json" : {
    "type" : "jsonb",
    "value" : "{\"crossRef\": [], \"services\": [], \"multistep\": [], \"operations\": [{\"map\": {\"id\": \"dd843b75-4860-4609-82df-7d50c4b0b6b6\", \"root\": false, \"type\": \"setValue\", \"cached\": false, \"target\": \"/HTTPSPostInput/basePath\", \"mapNull\": false, \"disabled\": false, \"extractXml\": false, \"extractJson\": false, \"targetOrder\": 4.0, \"targetValue\": \"/catalog/v1/products/%{/UpdateProductDocumentation-ServiceInput/productName}%/documents\", \"mapEmptyString\": false, \"targetJavaType\": \"java.lang.String\", \"variableSubstitution\": true}}, {\"map\": {\"id\": \"c8fa084b-3597-4ae3-a3bc-a7b02afece6a\", \"root\": false, \"type\": \"setValue\", \"cached\": false, \"target\": \"/HTTPSPostInput/body\", \"mapNull\": false, \"disabled\": false, \"extractXml\": false, \"extractJson\": false, \"targetOrder\": 3.0, \"targetValue\": \"{\\n    \\\"group\\\": \\\"catalog\\\",\\n    \\\"apiVersion\\\": \\\"v1alpha1\\\",\\n    \\\"kind\\\": \\\"Document\\\",\\n    \\\"name\\\": \\\"%{/UpdateProductDocumentation-ServiceInput/productName}%-doc-res-document\\\",\\n    \\\"title\\\": \\\"%{/UpdateProductDocumentation-ServiceInput/productName}% doc resource document\\\",\\n    \\\"metadata\\\": {\\n        \\\"scope\\\": {\\n            \\\"kind\\\": \\\"Product\\\",\\n            \\\"name\\\": \\\"%{/UpdateProductDocumentation-ServiceInput/productName}%\\\"\\n        }\\n    },\\n    \\\"spec\\\": {\\n        \\\"sections\\\": [\\n            {\\n                \\\"title\\\": \\\"Overview\\\",\\n                \\\"articles\\\": [\\n                    {\\n                        \\\"kind\\\": \\\"Resource\\\",\\n                        \\\"name\\\": \\\"%{/UpdateProductDocumentation-ServiceInput/productName}%-doc-res\\\",\\n                        \\\"title\\\": \\\"%{/UpdateProductDocumentation-ServiceInput/productName}% doc resource\\\"\\n                    }\\n                ]\\n            }\\n        ]\\n    }\\n}\", \"mapEmptyString\": false, \"targetJavaType\": \"java.lang.String\", \"variableSubstitution\": true}}]}",
    "null" : false
  },
  "output_config_json" : {
    "type" : "jsonb",
    "value" : "{\"crossRef\": [], \"services\": [], \"multistep\": [], \"operations\": [{\"map\": {\"id\": \"0f9b1706-74db-439e-8406-92da19f527a8\", \"root\": true, \"type\": \"map\", \"cached\": false, \"source\": \"/HTTPSPostOutput\", \"target\": \"/HTTPSPostOutput\", \"mapNull\": false, \"disabled\": false, \"extractXml\": false, \"extractJson\": false, \"mapEmptyString\": false}}]}",
    "null" : false
  },
  "component_id" : "1dd81dfd-e452-4eb3-bbd7-bc6f0da00cbd",
  "service_id" : "98dd99ca-9b24-4f83-ae8e-96c2c199c011",
  "endpoint_id" : "eb49d69a-a829-4d96-96bc-285868f8191c",
  "parent_component_config_id" : "d740982a-2188-4a20-8115-9756731adc82",
  "component_config_order" : 2.0,
  "action_id" : "c3ddf699-458d-4e3a-84e3-66f8320787eb",
  "name" : "Create product document (WORKAROUND)",
  "description" : "",
  "override_endpoint" : false,
  "input_structure_json" : {
    "type" : "jsonb",
    "value" : "{\"maps\": [{\"/HTTPSPostInput/basePath\": [{\"type\": \"setValue\", \"target\": {\"path\": \"/HTTPSPostInput/basePath\", \"order\": 4, \"title\": \"basePath\", \"dataElementType\": \"string\"}, \"values\": [{\"id\": \"8611ed71-aa9a-4e30-a312-6088df5b14ab\", \"key\": \"/HTTPSPostInput/basePath\", \"type\": \"object\", \"order\": 4, \"title\": \"basePath\", \"isLeaf\": false, \"children\": [], \"setValue\": null, \"uiElement\": \"/catalog/v1/products/<input _ngcontent-ng-c393407261=\\\"\\\" class=\\\"chip\\\" title=\\\"/UpdateProductDocumentation-ServiceInput/productName\\\" readonly=\\\"true\\\" disabled=\\\"true\\\" type=\\\"button\\\" value=\\\"productName\\\">/documents\", \"isSetValue\": false, \"childrenSet\": false, \"hasChildren\": false, \"dataElementType\": \"string\", \"encryption_required\": false}], \"mapCondition\": {\"isConditionSet\": false, \"sourceTreeIndex\": [], \"targetTreeIndex\": [], \"mapConditionFormValue\": {}}, \"variableSubstitution\": true, \"overwritePipelineValue\": false}]}, {\"/HTTPSPostInput/body\": [{\"type\": \"setValue\", \"target\": {\"path\": \"/HTTPSPostInput/body\", \"order\": 3, \"title\": \"body\", \"dataElementType\": \"string\"}, \"values\": [{\"id\": \"c214dcce-6bf3-4444-b089-ee61a0edccde\", \"key\": \"/HTTPSPostInput/body\", \"type\": \"object\", \"order\": 3, \"title\": \"body\", \"isLeaf\": false, \"children\": [], \"setValue\": null, \"uiElement\": \"{\\n    \\\"group\\\": \\\"catalog\\\",\\n    \\\"apiVersion\\\": \\\"v1alpha1\\\",\\n    \\\"kind\\\": \\\"Document\\\",\\n    \\\"name\\\": \\\"<input _ngcontent-ng-c393407261=\\\"\\\" class=\\\"chip\\\" title=\\\"/UpdateProductDocumentation-ServiceInput/productName\\\" readonly=\\\"true\\\" disabled=\\\"true\\\" type=\\\"button\\\" value=\\\"productName\\\">-doc-res-document\\\",\\n    \\\"title\\\": \\\"<input _ngcontent-ng-c393407261=\\\"\\\" class=\\\"chip\\\" title=\\\"/UpdateProductDocumentation-ServiceInput/productName\\\" readonly=\\\"true\\\" disabled=\\\"true\\\" type=\\\"button\\\" value=\\\"productName\\\"> doc resource document\\\",\\n    \\\"metadata\\\": {\\n        \\\"scope\\\": {\\n            \\\"kind\\\": \\\"Product\\\",\\n            \\\"name\\\": \\\"<input _ngcontent-ng-c393407261=\\\"\\\" class=\\\"chip\\\" title=\\\"/UpdateProductDocumentation-ServiceInput/productName\\\" readonly=\\\"true\\\" disabled=\\\"true\\\" type=\\\"button\\\" value=\\\"productName\\\">\\\"\\n        }\\n    },\\n    \\\"spec\\\": {\\n        \\\"sections\\\": [\\n            {\\n                \\\"title\\\": \\\"Overview\\\",\\n                \\\"articles\\\": [\\n                    {\\n                        \\\"kind\\\": \\\"Resource\\\",\\n                        \\\"name\\\": \\\"<input _ngcontent-ng-c393407261=\\\"\\\" class=\\\"chip\\\" title=\\\"/UpdateProductDocumentation-ServiceInput/productName\\\" readonly=\\\"true\\\" disabled=\\\"true\\\" type=\\\"button\\\" value=\\\"productName\\\">-doc-res\\\",\\n                        \\\"title\\\": \\\"<input _ngcontent-ng-c393407261=\\\"\\\" class=\\\"chip\\\" title=\\\"/UpdateProductDocumentation-ServiceInput/productName\\\" readonly=\\\"true\\\" disabled=\\\"true\\\" type=\\\"button\\\" value=\\\"productName\\\"> doc resource\\\"\\n                    }\\n                ]\\n            }\\n        ]\\n    }\\n}\", \"isSetValue\": false, \"childrenSet\": false, \"hasChildren\": false, \"dataElementType\": \"string\", \"encryption_required\": false}], \"mapCondition\": {\"isConditionSet\": false, \"sourceTreeIndex\": [], \"targetTreeIndex\": [], \"mapConditionFormValue\": {}}, \"variableSubstitution\": true, \"overwritePipelineValue\": false}]}], \"mappedNodes\": [\"/HTTPSPostOutput\", \"/HTTPSPostOutputpipeOut\", \"/HTTPSPostInput/basePath actionIn\", \"/HTTPSPostInput actionIn\", \"/HTTPSPostInput/body actionIn\", \"/HTTPSPostInput actionIn\", \"/HTTPSPostInput actionIn\", \"/HTTPSPostInput actionIn\"]}",
    "null" : false
  },
  "output_structure_json" : {
    "type" : "jsonb",
    "value" : "{\"maps\": [{\"/HTTPSPostOutput\": [{\"type\": \"map\", \"source\": {\"path\": \"/HTTPSPostOutput\", \"title\": \"HTTPSPostOutput\", \"dataElementType\": \"document\"}, \"target\": {\"path\": \"/HTTPSPostOutput\", \"alias\": null, \"order\": null, \"title\": \"HTTPSPostOutput\", \"dataElementType\": \"document\"}, \"mapCondition\": {\"mapNull\": null, \"defaultValue\": null, \"isConditionSet\": false, \"mapEmptyString\": null, \"sourceTreeIndex\": [], \"targetTreeIndex\": [], \"mapConditionFormValue\": {\"fields\": null}}}]}], \"tracks\": {}, \"transformer\": [], \"addVariables\": [{\"id\": \"b25d9c31-9ec1-413e-b56a-7844a5f79aba\", \"key\": \"/CreateProductDocumentResponseBody\", \"type\": \"node\", \"order\": 1, \"title\": \"CreateProductDocumentResponseBody\", \"value\": {}, \"children\": [{\"id\": \"d90f5284-0307-4807-a9da-765167780f94\", \"key\": \"/CreateProductDocumentResponseBody/group\", \"type\": \"node\", \"order\": 1, \"title\": \"group\", \"value\": {\"type\": \"string\"}, \"isLeaf\": true, \"editAllow\": true, \"extractXml\": false, \"childrenSet\": false, \"extractJson\": true, \"hasChildren\": false, \"dataElementType\": \"string\", \"componentConfigId\": \"88272bb2-7fa4-47c1-8c8b-9dbc0a810a2d\", \"encryption_required\": false}, {\"id\": \"b62a56a3-8ec6-48a2-9a9f-99950ed02484\", \"key\": \"/CreateProductDocumentResponseBody/apiVersion\", \"type\": \"node\", \"order\": 2, \"title\": \"apiVersion\", \"value\": {\"type\": \"string\"}, \"isLeaf\": true, \"editAllow\": true, \"extractXml\": false, \"childrenSet\": false, \"extractJson\": true, \"hasChildren\": false, \"dataElementType\": \"string\", \"componentConfigId\": \"88272bb2-7fa4-47c1-8c8b-9dbc0a810a2d\", \"encryption_required\": false}, {\"id\": \"4b1608c6-96f4-40fa-a61f-97727a3c9a7a\", \"key\": \"/CreateProductDocumentResponseBody/kind\", \"type\": \"node\", \"order\": 3, \"title\": \"kind\", \"value\": {\"type\": \"string\"}, \"isLeaf\": true, \"editAllow\": true, \"extractXml\": false, \"childrenSet\": false, \"extractJson\": true, \"hasChildren\": false, \"dataElementType\": \"string\", \"componentConfigId\": \"88272bb2-7fa4-47c1-8c8b-9dbc0a810a2d\", \"encryption_required\": false}, {\"id\": \"3698304e-6e06-4096-b091-7b481dc316c1\", \"key\": \"/CreateProductDocumentResponseBody/name\", \"type\": \"node\", \"order\": 4, \"title\": \"name\", \"value\": {\"type\": \"string\"}, \"isLeaf\": true, \"editAllow\": true, \"extractXml\": false, \"childrenSet\": false, \"extractJson\": true, \"hasChildren\": false, \"dataElementType\": \"string\", \"componentConfigId\": \"88272bb2-7fa4-47c1-8c8b-9dbc0a810a2d\", \"encryption_required\": false}, {\"id\": \"9cf3bf10-c7f3-4d00-a467-9c12c91700f0\", \"key\": \"/CreateProductDocumentResponseBody/title\", \"type\": \"node\", \"order\": 5, \"title\": \"title\", \"value\": {\"type\": \"string\"}, \"isLeaf\": true, \"editAllow\": true, \"extractXml\": false, \"childrenSet\": false, \"extractJson\": true, \"hasChildren\": false, \"dataElementType\": \"string\", \"componentConfigId\": \"88272bb2-7fa4-47c1-8c8b-9dbc0a810a2d\", \"encryption_required\": false}, {\"id\": \"d120e443-e8ab-4854-b629-d7da63ee9afd\", \"key\": \"/CreateProductDocumentResponseBody/metadata\", \"type\": \"node\", \"order\": 6, \"title\": \"metadata\", \"value\": {\"type\": \"object\"}, \"isLeaf\": false, \"children\": [{\"id\": \"a63a0c6c-8b54-4c0b-a0ee-a7ae9940dc4a\", \"key\": \"/CreateProductDocumentResponseBody/metadata/id\", \"type\": \"node\", \"order\": 7, \"title\": \"id\", \"value\": {\"type\": \"string\"}, \"isLeaf\": true, \"editAllow\": true, \"extractXml\": false, \"childrenSet\": false, \"extractJson\": true, \"hasChildren\": false, \"dataElementType\": \"string\", \"componentConfigId\": \"88272bb2-7fa4-47c1-8c8b-9dbc0a810a2d\", \"encryption_required\": false}, {\"id\": \"caf774e0-b469-4058-8a6b-9942b0940ff6\", \"key\": \"/CreateProductDocumentResponseBody/metadata/audit\", \"type\": \"node\", \"order\": 8, \"title\": \"audit\", \"value\": {\"type\": \"object\"}, \"isLeaf\": false, \"children\": [{\"id\": \"5e69ad9c-9b4c-4554-b1fc-d329e24eb6da\", \"key\": \"/CreateProductDocumentResponseBody/metadata/audit/createTimestamp\", \"type\": \"node\", \"order\": 9, \"title\": \"createTimestamp\", \"value\": {\"type\": \"string\"}, \"isLeaf\": true, \"editAllow\": true, \"extractXml\": false, \"childrenSet\": false, \"extractJson\": true, \"hasChildren\": false, \"dataElementType\": \"string\", \"componentConfigId\": \"88272bb2-7fa4-47c1-8c8b-9dbc0a810a2d\", \"encryption_required\": false}, {\"id\": \"4061bcb9-683e-42c3-a403-17dac083237d\", \"key\": \"/CreateProductDocumentResponseBody/metadata/audit/createUserId\", \"type\": \"node\", \"order\": 10, \"title\": \"createUserId\", \"value\": {\"type\": \"string\"}, \"isLeaf\": true, \"editAllow\": true, \"extractXml\": false, \"childrenSet\": false, \"extractJson\": true, \"hasChildren\": false, \"dataElementType\": \"string\", \"componentConfigId\": \"88272bb2-7fa4-47c1-8c8b-9dbc0a810a2d\", \"encryption_required\": false}, {\"id\": \"77687ca7-0b8d-4145-a622-998104f5c6cb\", \"key\": \"/CreateProductDocumentResponseBody/metadata/audit/modifyTimestamp\", \"type\": \"node\", \"order\": 11, \"title\": \"modifyTimestamp\", \"value\": {\"type\": \"string\"}, \"isLeaf\": true, \"editAllow\": true, \"extractXml\": false, \"childrenSet\": false, \"extractJson\": true, \"hasChildren\": false, \"dataElementType\": \"string\", \"componentConfigId\": \"88272bb2-7fa4-47c1-8c8b-9dbc0a810a2d\", \"encryption_required\": false}, {\"id\": \"e59ea90f-529b-426c-8bd4-f77bf666afb4\", \"key\": \"/CreateProductDocumentResponseBody/metadata/audit/modifyUserId\", \"type\": \"node\", \"order\": 12, \"title\": \"modifyUserId\", \"value\": {\"type\": \"string\"}, \"isLeaf\": true, \"editAllow\": true, \"extractXml\": false, \"childrenSet\": false, \"extractJson\": true, \"hasChildren\": false, \"dataElementType\": \"string\", \"componentConfigId\": \"88272bb2-7fa4-47c1-8c8b-9dbc0a810a2d\", \"encryption_required\": false}], \"editAllow\": true, \"extractXml\": false, \"childrenSet\": false, \"extractJson\": true, \"hasChildren\": false, \"dataElementType\": \"document\", \"componentConfigId\": \"88272bb2-7fa4-47c1-8c8b-9dbc0a810a2d\", \"encryption_required\": false}, {\"id\": \"3d932557-9ec0-4061-88bd-b2974a08cf9a\", \"key\": \"/CreateProductDocumentResponseBody/metadata/scope\", \"type\": \"node\", \"order\": 13, \"title\": \"scope\", \"value\": {\"type\": \"object\"}, \"isLeaf\": false, \"children\": [{\"id\": \"632697ec-44e9-4736-86a2-384731d4ec7f\", \"key\": \"/CreateProductDocumentResponseBody/metadata/scope/id\", \"type\": \"node\", \"order\": 14, \"title\": \"id\", \"value\": {\"type\": \"string\"}, \"isLeaf\": true, \"editAllow\": true, \"extractXml\": false, \"childrenSet\": false, \"extractJson\": true, \"hasChildren\": false, \"dataElementType\": \"string\", \"componentConfigId\": \"88272bb2-7fa4-47c1-8c8b-9dbc0a810a2d\", \"encryption_required\": false}, {\"id\": \"8c2a925c-008b-4f7f-a752-675f4c643a2f\", \"key\": \"/CreateProductDocumentResponseBody/metadata/scope/kind\", \"type\": \"node\", \"order\": 15, \"title\": \"kind\", \"value\": {\"type\": \"string\"}, \"isLeaf\": true, \"editAllow\": true, \"extractXml\": false, \"childrenSet\": false, \"extractJson\": true, \"hasChildren\": false, \"dataElementType\": \"string\", \"componentConfigId\": \"88272bb2-7fa4-47c1-8c8b-9dbc0a810a2d\", \"encryption_required\": false}, {\"id\": \"fd8f5390-cadf-4dc2-81f1-c8d20d8224cd\", \"key\": \"/CreateProductDocumentResponseBody/metadata/scope/name\", \"type\": \"node\", \"order\": 16, \"title\": \"name\", \"value\": {\"type\": \"string\"}, \"isLeaf\": true, \"editAllow\": true, \"extractXml\": false, \"childrenSet\": false, \"extractJson\": true, \"hasChildren\": false, \"dataElementType\": \"string\", \"componentConfigId\": \"88272bb2-7fa4-47c1-8c8b-9dbc0a810a2d\", \"encryption_required\": false}, {\"id\": \"5ad1c757-5e00-4ccc-ba93-f664c59b5245\", \"key\": \"/CreateProductDocumentResponseBody/metadata/scope/title\", \"type\": \"node\", \"order\": 17, \"title\": \"title\", \"value\": {\"type\": \"string\"}, \"isLeaf\": true, \"editAllow\": true, \"extractXml\": false, \"childrenSet\": false, \"extractJson\": true, \"hasChildren\": false, \"dataElementType\": \"string\", \"componentConfigId\": \"88272bb2-7fa4-47c1-8c8b-9dbc0a810a2d\", \"encryption_required\": false}, {\"id\": \"e98bd02b-f283-4231-96e0-e3b696ce1437\", \"key\": \"/CreateProductDocumentResponseBody/metadata/scope/selfLink\", \"type\": \"node\", \"order\": 18, \"title\": \"selfLink\", \"value\": {\"type\": \"string\"}, \"isLeaf\": true, \"editAllow\": true, \"extractXml\": false, \"childrenSet\": false, \"extractJson\": true, \"hasChildren\": false, \"dataElementType\": \"string\", \"componentConfigId\": \"88272bb2-7fa4-47c1-8c8b-9dbc0a810a2d\", \"encryption_required\": false}, {\"id\": \"4dbbb2dd-4666-450f-a57b-a340f8e4215d\", \"key\": \"/CreateProductDocumentResponseBody/metadata/scope/owner\", \"type\": \"node\", \"order\": 19, \"title\": \"owner\", \"value\": {\"type\": \"object\"}, \"isLeaf\": false, \"children\": [{\"id\": \"b4a4fe33-4200-4043-892d-14dbe2ef10cc\", \"key\": \"/CreateProductDocumentResponseBody/metadata/scope/owner/type\", \"type\": \"node\", \"order\": 20, \"title\": \"type\", \"value\": {\"type\": \"string\"}, \"isLeaf\": true, \"editAllow\": true, \"extractXml\": false, \"childrenSet\": false, \"extractJson\": true, \"hasChildren\": false, \"dataElementType\": \"string\", \"componentConfigId\": \"88272bb2-7fa4-47c1-8c8b-9dbc0a810a2d\", \"encryption_required\": false}, {\"id\": \"dd8f1f00-f515-4faa-9061-746e5ef69e6b\", \"key\": \"/CreateProductDocumentResponseBody/metadata/scope/owner/id\", \"type\": \"node\", \"order\": 21, \"title\": \"id\", \"value\": {\"type\": \"string\"}, \"isLeaf\": true, \"editAllow\": true, \"extractXml\": false, \"childrenSet\": false, \"extractJson\": true, \"hasChildren\": false, \"dataElementType\": \"string\", \"componentConfigId\": \"88272bb2-7fa4-47c1-8c8b-9dbc0a810a2d\", \"encryption_required\": false}], \"editAllow\": true, \"extractXml\": false, \"childrenSet\": false, \"extractJson\": true, \"hasChildren\": false, \"dataElementType\": \"document\", \"componentConfigId\": \"88272bb2-7fa4-47c1-8c8b-9dbc0a810a2d\", \"encryption_required\": false}], \"editAllow\": true, \"extractXml\": false, \"childrenSet\": false, \"extractJson\": true, \"hasChildren\": false, \"dataElementType\": \"document\", \"componentConfigId\": \"88272bb2-7fa4-47c1-8c8b-9dbc0a810a2d\", \"encryption_required\": false}, {\"id\": \"7468ef86-e9e5-4f0f-9d5a-c95afc0c3466\", \"key\": \"/CreateProductDocumentResponseBody/metadata/acl[]\", \"type\": \"node\", \"order\": 22, \"title\": \"acl\", \"value\": {\"type\": \"array\"}, \"isLeaf\": false, \"editAllow\": true, \"extractXml\": false, \"childrenSet\": false, \"extractJson\": true, \"hasChildren\": false, \"dataElementType\": \"objectArray\", \"componentConfigId\": \"88272bb2-7fa4-47c1-8c8b-9dbc0a810a2d\", \"encryption_required\": false}, {\"id\": \"8c8f8eb4-5b03-438a-a4db-abbe25a1b149\", \"key\": \"/CreateProductDocumentResponseBody/metadata/accessRights\", \"type\": \"node\", \"order\": 23, \"title\": \"accessRights\", \"value\": {\"type\": \"object\"}, \"isLeaf\": false, \"children\": [{\"id\": \"ece2455e-2d72-47ba-a30c-0065fb43d53d\", \"key\": \"/CreateProductDocumentResponseBody/metadata/accessRights/canChangeOwner\", \"type\": \"node\", \"order\": 24, \"title\": \"canChangeOwner\", \"value\": {\"type\": \"boolean\"}, \"isLeaf\": true, \"editAllow\": true, \"extractXml\": false, \"childrenSet\": false, \"extractJson\": true, \"hasChildren\": false, \"dataElementType\": \"boolean\", \"componentConfigId\": \"88272bb2-7fa4-47c1-8c8b-9dbc0a810a2d\", \"encryption_required\": false}, {\"id\": \"c0eda969-5393-4f9b-843d-2edbe48b926f\", \"key\": \"/CreateProductDocumentResponseBody/metadata/accessRights/canDelete\", \"type\": \"node\", \"order\": 25, \"title\": \"canDelete\", \"value\": {\"type\": \"boolean\"}, \"isLeaf\": true, \"editAllow\": true, \"extractXml\": false, \"childrenSet\": false, \"extractJson\": true, \"hasChildren\": false, \"dataElementType\": \"boolean\", \"componentConfigId\": \"88272bb2-7fa4-47c1-8c8b-9dbc0a810a2d\", \"encryption_required\": false}, {\"id\": \"7b64b5ce-f4bd-4538-854e-612efbecfc1c\", \"key\": \"/CreateProductDocumentResponseBody/metadata/accessRights/canWrite\", \"type\": \"node\", \"order\": 26, \"title\": \"canWrite\", \"value\": {\"type\": \"boolean\"}, \"isLeaf\": true, \"editAllow\": true, \"extractXml\": false, \"childrenSet\": false, \"extractJson\": true, \"hasChildren\": false, \"dataElementType\": \"boolean\", \"componentConfigId\": \"88272bb2-7fa4-47c1-8c8b-9dbc0a810a2d\", \"encryption_required\": false}, {\"id\": \"63c6f883-731e-4476-98f2-db9e4e6c040a\", \"key\": \"/CreateProductDocumentResponseBody/metadata/accessRights/canRead\", \"type\": \"node\", \"order\": 27, \"title\": \"canRead\", \"value\": {\"type\": \"boolean\"}, \"isLeaf\": true, \"editAllow\": true, \"extractXml\": false, \"childrenSet\": false, \"extractJson\": true, \"hasChildren\": false, \"dataElementType\": \"boolean\", \"componentConfigId\": \"88272bb2-7fa4-47c1-8c8b-9dbc0a810a2d\", \"encryption_required\": false}], \"editAllow\": true, \"extractXml\": false, \"childrenSet\": false, \"extractJson\": true, \"hasChildren\": false, \"dataElementType\": \"document\", \"componentConfigId\": \"88272bb2-7fa4-47c1-8c8b-9dbc0a810a2d\", \"encryption_required\": false}, {\"id\": \"02cbe39b-949b-4407-b2d2-32d6fe33c0b4\", \"key\": \"/CreateProductDocumentResponseBody/metadata/resourceVersion\", \"type\": \"node\", \"order\": 28, \"title\": \"resourceVersion\", \"value\": {\"type\": \"string\"}, \"isLeaf\": true, \"editAllow\": true, \"extractXml\": false, \"childrenSet\": false, \"extractJson\": true, \"hasChildren\": false, \"dataElementType\": \"string\", \"componentConfigId\": \"88272bb2-7fa4-47c1-8c8b-9dbc0a810a2d\", \"encryption_required\": false}, {\"id\": \"dad67348-c44f-4c97-84f3-2330b9b85c80\", \"key\": \"/CreateProductDocumentResponseBody/metadata/references[]\", \"type\": \"node\", \"order\": 29, \"title\": \"references\", \"value\": {\"type\": \"array\"}, \"isLeaf\": false, \"children\": [{\"id\": \"9c3d1493-1fdd-4ea0-8233-c7b2eb155a65\", \"key\": \"/CreateProductDocumentResponseBody/metadata/references[]/id\", \"type\": \"node\", \"order\": 30, \"title\": \"id\", \"value\": {\"type\": \"string\"}, \"isLeaf\": true, \"editAllow\": true, \"extractXml\": false, \"childrenSet\": false, \"extractJson\": true, \"hasChildren\": false, \"dataElementType\": \"string\", \"componentConfigId\": \"88272bb2-7fa4-47c1-8c8b-9dbc0a810a2d\", \"encryption_required\": false}, {\"id\": \"b21efbb9-2d26-48ee-ba99-e3ff19e3e702\", \"key\": \"/CreateProductDocumentResponseBody/metadata/references[]/kind\", \"type\": \"node\", \"order\": 31, \"title\": \"kind\", \"value\": {\"type\": \"string\"}, \"isLeaf\": true, \"editAllow\": true, \"extractXml\": false, \"childrenSet\": false, \"extractJson\": true, \"hasChildren\": false, \"dataElementType\": \"string\", \"componentConfigId\": \"88272bb2-7fa4-47c1-8c8b-9dbc0a810a2d\", \"encryption_required\": false}, {\"id\": \"8a5b15f9-d0f5-4311-8910-2d1079833951\", \"key\": \"/CreateProductDocumentResponseBody/metadata/references[]/name\", \"type\": \"node\", \"order\": 32, \"title\": \"name\", \"value\": {\"type\": \"string\"}, \"isLeaf\": true, \"editAllow\": true, \"extractXml\": false, \"childrenSet\": false, \"extractJson\": true, \"hasChildren\": false, \"dataElementType\": \"string\", \"componentConfigId\": \"88272bb2-7fa4-47c1-8c8b-9dbc0a810a2d\", \"encryption_required\": false}, {\"id\": \"f7522394-71b9-468a-bbfc-771ac0452404\", \"key\": \"/CreateProductDocumentResponseBody/metadata/references[]/scopeKind\", \"type\": \"node\", \"order\": 33, \"title\": \"scopeKind\", \"value\": {\"type\": \"string\"}, \"isLeaf\": true, \"editAllow\": true, \"extractXml\": false, \"childrenSet\": false, \"extractJson\": true, \"hasChildren\": false, \"dataElementType\": \"string\", \"componentConfigId\": \"88272bb2-7fa4-47c1-8c8b-9dbc0a810a2d\", \"encryption_required\": false}, {\"id\": \"db10a811-7161-46fc-9df2-70d59c28bf67\", \"key\": \"/CreateProductDocumentResponseBody/metadata/references[]/scopeName\", \"type\": \"node\", \"order\": 34, \"title\": \"scopeName\", \"value\": {\"type\": \"string\"}, \"isLeaf\": true, \"editAllow\": true, \"extractXml\": false, \"childrenSet\": false, \"extractJson\": true, \"hasChildren\": false, \"dataElementType\": \"string\", \"componentConfigId\": \"88272bb2-7fa4-47c1-8c8b-9dbc0a810a2d\", \"encryption_required\": false}, {\"id\": \"c3453995-588f-4009-a5c2-974e5177450c\", \"key\": \"/CreateProductDocumentResponseBody/metadata/references[]/selfLink\", \"type\": \"node\", \"order\": 35, \"title\": \"selfLink\", \"value\": {\"type\": \"string\"}, \"isLeaf\": true, \"editAllow\": true, \"extractXml\": false, \"childrenSet\": false, \"extractJson\": true, \"hasChildren\": false, \"dataElementType\": \"string\", \"componentConfigId\": \"88272bb2-7fa4-47c1-8c8b-9dbc0a810a2d\", \"encryption_required\": false}, {\"id\": \"7d90a143-f3f1-496e-aa77-e8e56a74b2fd\", \"key\": \"/CreateProductDocumentResponseBody/metadata/references[]/type\", \"type\": \"node\", \"order\": 36, \"title\": \"type\", \"value\": {\"type\": \"string\"}, \"isLeaf\": true, \"editAllow\": true, \"extractXml\": false, \"childrenSet\": false, \"extractJson\": true, \"hasChildren\": false, \"dataElementType\": \"string\", \"componentConfigId\": \"88272bb2-7fa4-47c1-8c8b-9dbc0a810a2d\", \"encryption_required\": false}, {\"id\": \"dd8c1a1e-a57d-4e9f-a75e-bb5b2f9baac3\", \"key\": \"/CreateProductDocumentResponseBody/metadata/references[]/group\", \"type\": \"node\", \"order\": 37, \"title\": \"group\", \"value\": {\"type\": \"string\"}, \"isLeaf\": true, \"editAllow\": true, \"extractXml\": false, \"childrenSet\": false, \"extractJson\": true, \"hasChildren\": false, \"dataElementType\": \"string\", \"componentConfigId\": \"88272bb2-7fa4-47c1-8c8b-9dbc0a810a2d\", \"encryption_required\": false}], \"editAllow\": true, \"extractXml\": false, \"childrenSet\": false, \"extractJson\": true, \"hasChildren\": false, \"dataElementType\": \"documentArray\", \"componentConfigId\": \"88272bb2-7fa4-47c1-8c8b-9dbc0a810a2d\", \"encryption_required\": false}, {\"id\": \"19bf7967-867f-4297-a39f-4e0e25a193d6\", \"key\": \"/CreateProductDocumentResponseBody/metadata/selfLink\", \"type\": \"node\", \"order\": 38, \"title\": \"selfLink\", \"value\": {\"type\": \"string\"}, \"isLeaf\": true, \"editAllow\": true, \"extractXml\": false, \"childrenSet\": false, \"extractJson\": true, \"hasChildren\": false, \"dataElementType\": \"string\", \"componentConfigId\": \"88272bb2-7fa4-47c1-8c8b-9dbc0a810a2d\", \"encryption_required\": false}], \"editAllow\": true, \"extractXml\": false, \"childrenSet\": false, \"extractJson\": true, \"hasChildren\": false, \"dataElementType\": \"document\", \"componentConfigId\": \"88272bb2-7fa4-47c1-8c8b-9dbc0a810a2d\", \"encryption_required\": false}, {\"id\": \"75404bf9-f2c0-47ce-9be0-4dfa6daa328b\", \"key\": \"/CreateProductDocumentResponseBody/attributes\", \"type\": \"node\", \"order\": 39, \"title\": \"attributes\", \"value\": {\"type\": \"object\"}, \"isLeaf\": false, \"editAllow\": true, \"extractXml\": false, \"childrenSet\": false, \"extractJson\": true, \"hasChildren\": false, \"dataElementType\": \"object\", \"componentConfigId\": \"88272bb2-7fa4-47c1-8c8b-9dbc0a810a2d\", \"encryption_required\": false}, {\"id\": \"ae0bda1b-4933-41f8-9048-47679078b6b9\", \"key\": \"/CreateProductDocumentResponseBody/finalizers[]\", \"type\": \"node\", \"order\": 40, \"title\": \"finalizers\", \"value\": {\"type\": \"array\"}, \"isLeaf\": false, \"editAllow\": true, \"extractXml\": false, \"childrenSet\": false, \"extractJson\": true, \"hasChildren\": false, \"dataElementType\": \"objectArray\", \"componentConfigId\": \"88272bb2-7fa4-47c1-8c8b-9dbc0a810a2d\", \"encryption_required\": false}, {\"id\": \"fbc11985-f12e-44c8-bfe1-aac28ac85bc0\", \"key\": \"/CreateProductDocumentResponseBody/tags[]\", \"type\": \"node\", \"order\": 41, \"title\": \"tags\", \"value\": {\"type\": \"array\"}, \"isLeaf\": false, \"editAllow\": true, \"extractXml\": false, \"childrenSet\": false, \"extractJson\": true, \"hasChildren\": false, \"dataElementType\": \"objectArray\", \"componentConfigId\": \"88272bb2-7fa4-47c1-8c8b-9dbc0a810a2d\", \"encryption_required\": false}, {\"id\": \"b912d43e-601a-42c5-a3df-5c7e2cec601b\", \"key\": \"/CreateProductDocumentResponseBody/spec\", \"type\": \"node\", \"order\": 42, \"title\": \"spec\", \"value\": {\"type\": \"object\"}, \"isLeaf\": false, \"children\": [{\"id\": \"94145294-e6ea-4793-a559-4e85231a7e99\", \"key\": \"/CreateProductDocumentResponseBody/spec/sections[]\", \"type\": \"node\", \"order\": 43, \"title\": \"sections\", \"value\": {\"type\": \"array\"}, \"isLeaf\": false, \"children\": [{\"id\": \"5b507ea4-8837-43a3-b0db-cc180b0caa7c\", \"key\": \"/CreateProductDocumentResponseBody/spec/sections[]/title\", \"type\": \"node\", \"order\": 44, \"title\": \"title\", \"value\": {\"type\": \"string\"}, \"isLeaf\": true, \"editAllow\": true, \"extractXml\": false, \"childrenSet\": false, \"extractJson\": true, \"hasChildren\": false, \"dataElementType\": \"string\", \"componentConfigId\": \"88272bb2-7fa4-47c1-8c8b-9dbc0a810a2d\", \"encryption_required\": false}, {\"id\": \"3678df12-2c93-4bc9-9059-63e52a0cba24\", \"key\": \"/CreateProductDocumentResponseBody/spec/sections[]/articles[]\", \"type\": \"node\", \"order\": 45, \"title\": \"articles\", \"value\": {\"type\": \"array\"}, \"isLeaf\": false, \"children\": [{\"id\": \"e5fa8d62-f60a-4eac-bdae-c5597aee275f\", \"key\": \"/CreateProductDocumentResponseBody/spec/sections[]/articles[]/kind\", \"type\": \"node\", \"order\": 46, \"title\": \"kind\", \"value\": {\"type\": \"string\"}, \"isLeaf\": true, \"editAllow\": true, \"extractXml\": false, \"childrenSet\": false, \"extractJson\": true, \"hasChildren\": false, \"dataElementType\": \"string\", \"componentConfigId\": \"88272bb2-7fa4-47c1-8c8b-9dbc0a810a2d\", \"encryption_required\": false}, {\"id\": \"8f50aa9f-5217-4d61-8498-a6975bb5c1a4\", \"key\": \"/CreateProductDocumentResponseBody/spec/sections[]/articles[]/name\", \"type\": \"node\", \"order\": 47, \"title\": \"name\", \"value\": {\"type\": \"string\"}, \"isLeaf\": true, \"editAllow\": true, \"extractXml\": false, \"childrenSet\": false, \"extractJson\": true, \"hasChildren\": false, \"dataElementType\": \"string\", \"componentConfigId\": \"88272bb2-7fa4-47c1-8c8b-9dbc0a810a2d\", \"encryption_required\": false}, {\"id\": \"08649bb0-60a0-4542-a44d-711efe6554ce\", \"key\": \"/CreateProductDocumentResponseBody/spec/sections[]/articles[]/title\", \"type\": \"node\", \"order\": 48, \"title\": \"title\", \"value\": {\"type\": \"string\"}, \"isLeaf\": true, \"editAllow\": true, \"extractXml\": false, \"childrenSet\": false, \"extractJson\": true, \"hasChildren\": false, \"dataElementType\": \"string\", \"componentConfigId\": \"88272bb2-7fa4-47c1-8c8b-9dbc0a810a2d\", \"encryption_required\": false}], \"editAllow\": true, \"extractXml\": false, \"childrenSet\": false, \"extractJson\": true, \"hasChildren\": false, \"dataElementType\": \"documentArray\", \"componentConfigId\": \"88272bb2-7fa4-47c1-8c8b-9dbc0a810a2d\", \"encryption_required\": false}], \"editAllow\": true, \"extractXml\": false, \"childrenSet\": false, \"extractJson\": true, \"hasChildren\": false, \"dataElementType\": \"documentArray\", \"componentConfigId\": \"88272bb2-7fa4-47c1-8c8b-9dbc0a810a2d\", \"encryption_required\": false}], \"editAllow\": true, \"extractXml\": false, \"childrenSet\": false, \"extractJson\": true, \"hasChildren\": false, \"dataElementType\": \"document\", \"componentConfigId\": \"88272bb2-7fa4-47c1-8c8b-9dbc0a810a2d\", \"encryption_required\": false}], \"editAllow\": true, \"extractXml\": false, \"extractJson\": true, \"componentName\": \"Create product document\", \"dataElementType\": \"document\", \"componentConfigId\": \"88272bb2-7fa4-47c1-8c8b-9dbc0a810a2d\", \"componentConfigName\": \"HTTPS\"}]}",
    "null" : false
  },
  "endpoint_structure_json" : {
    "type" : "jsonb",
    "value" : "{\"maps\": []}",
    "null" : false
  },
  "is_error" : false,
  "no_of_errors" : 0,
  "action_input_type" : null,
  "config_service_id" : null,
  "config_imap_id" : null,
  "config_b2b_document_type_id" : null,
  "config_document_id" : null,
  "add_variables" : {
    "type" : "jsonb",
    "value" : "[]",
    "null" : false
  },
  "drop_variables" : {
    "type" : "jsonb",
    "value" : "[]",
    "null" : false
  },
  "plug_input_structure" : null,
  "plug_output_structure" : null,
  "config_plug_id" : null,
  "override_plug" : false,
  "config_java_service_id" : null,
  "service_tag" : "V13",
  "endpoint_tag" : "EMPTY",
  "config_service_tag" : "",
  "config_imap_tag" : "",
  "config_b2b_document_type_tag" : "",
  "active" : false,
  "parent_component_config_service_tag" : "V13",
  "service_project_id" : "27edbc36-f404-4005-832a-6f6f32f16f6e",
  "service_project_tag" : "V13",
  "config_service_project_id" : null,
  "config_service_project_tag" : "",
  "config_imap_project_id" : null,
  "config_imap_project_tag" : "",
  "config_b2b_document_type_project_id" : null,
  "config_b2b_document_type_project_tag" : "",
  "endpoint_project_id" : "27edbc36-f404-4005-832a-6f6f32f16f6e",
  "endpoint_project_tag" : "EMPTY",
  "config_plug_tag" : null,
  "config_plug_project_id" : null,
  "config_plug_project_tag" : null,
  "config_java_service_tag" : "",
  "config_java_service_project_id" : null,
  "config_java_service_project_tag" : "",
  "disabled" : false,
  "config" : {
    "type" : "json",
    "value" : "{}",
    "null" : false
  },
  "config_b2b_document_type_project_mode_id" : "112c1cb8-4b9e-4d1a-a042-0bd031dc7d05",
  "config_imap_project_mode_id" : "112c1cb8-4b9e-4d1a-a042-0bd031dc7d05",
  "config_java_service_project_mode_id" : "112c1cb8-4b9e-4d1a-a042-0bd031dc7d05",
  "config_plug_project_mode_id" : "112c1cb8-4b9e-4d1a-a042-0bd031dc7d05",
  "config_service_project_mode_id" : "112c1cb8-4b9e-4d1a-a042-0bd031dc7d05",
  "endpoint_project_mode_id" : "112c1cb8-4b9e-4d1a-a042-0bd031dc7d05",
  "service_project_mode_id" : "112c1cb8-4b9e-4d1a-a042-0bd031dc7d05",
  "parent_component_config_service_project_mode_id" : "112c1cb8-4b9e-4d1a-a042-0bd031dc7d05",
  "is_audit" : true,
  "keys_with_order" : null
}