{
  "component_config_id" : "ec6b3f4c-f53d-4b8a-9a77-76d0d7e53bf4",
  "endpoint_config_json" : {
    "type" : "jsonb",
    "value" : "{\"crossRef\": [], \"services\": [], \"multistep\": [], \"operations\": []}",
    "null" : false
  },
  "input_config_json" : {
    "type" : "jsonb",
    "value" : "{\"crossRef\": [], \"services\": [], \"multistep\": [], \"operations\": [{\"map\": {\"id\": \"0090f33d-aab0-45b9-aaee-61935c71a547\", \"root\": false, \"type\": \"map\", \"cached\": false, \"source\": \"/UpdateProductDocumentation-ServiceInput/productName\", \"target\": \"/pathParams/productName\", \"mapNull\": false, \"disabled\": false, \"extractXml\": false, \"extractJson\": false, \"mapEmptyString\": false, \"sourceJavaType\": \"java.lang.String\", \"targetJavaType\": \"java.lang.String\"}}, {\"map\": {\"id\": \"710d42e7-ab86-4b30-a45b-b27765c94c7f\", \"root\": false, \"type\": \"map\", \"cached\": false, \"source\": \"/list_catalog_v1_Product_DocumentOutput/response/name\", \"target\": \"/pathParams/name\", \"mapNull\": false, \"disabled\": false, \"extractXml\": false, \"extractJson\": false, \"mapEmptyString\": false, \"sourceJavaType\": \"java.lang.String\", \"targetJavaType\": \"java.lang.String\"}}]}",
    "null" : false
  },
  "output_config_json" : {
    "type" : "jsonb",
    "value" : "{\"crossRef\": [], \"services\": [], \"multistep\": [], \"operations\": [{\"map\": {\"id\": \"23d30d34-e85d-4657-964e-6595ec81e9ee\", \"root\": true, \"type\": \"map\", \"cached\": false, \"source\": \"/remove_catalog_v1_Product_DocumentOutput\", \"target\": \"/remove_catalog_v1_Product_DocumentOutput\", \"mapNull\": false, \"disabled\": false, \"extractXml\": false, \"extractJson\": false, \"targetOrder\": 1.0, \"mapEmptyString\": false}}]}",
    "null" : false
  },
  "component_id" : "57a4eaf2-7d82-4894-856a-a4a477d2a3a5",
  "service_id" : "98dd99ca-9b24-4f83-ae8e-96c2c199c011",
  "endpoint_id" : "5ba37370-e389-4225-9a91-8abaf4f678ad",
  "parent_component_config_id" : "d1135b66-c4a8-4af4-9089-d88119bd4f1e",
  "component_config_order" : 1.0,
  "action_id" : "57561e36-ab3c-427b-8fd6-55016149e0ba",
  "name" : "Delete product documents",
  "description" : "",
  "override_endpoint" : false,
  "input_structure_json" : {
    "type" : "jsonb",
    "value" : "{\"maps\": [{\"/pathParams/productName\": [{\"type\": \"map\", \"source\": {\"path\": \"/UpdateProductDocumentation-ServiceInput/productName\", \"title\": \"productName\", \"dataElementType\": \"string\"}, \"target\": {\"path\": \"/pathParams/productName\", \"title\": \"productName\", \"dataElementType\": \"string\"}, \"mapCondition\": {\"isConditionSet\": false, \"sourceTreeIndex\": [], \"targetTreeIndex\": [], \"mapConditionFormValue\": {}}}]}, {\"/pathParams/name\": [{\"type\": \"map\", \"source\": {\"path\": \"/list_catalog_v1_Product_DocumentOutput/response/name\", \"title\": \"name\", \"dataElementType\": \"string\"}, \"target\": {\"path\": \"/pathParams/name\", \"title\": \"name\", \"dataElementType\": \"string\"}, \"mapCondition\": {\"isConditionSet\": false, \"sourceTreeIndex\": [], \"targetTreeIndex\": [], \"mapConditionFormValue\": {}}}]}], \"mappedNodes\": [\"/remove_catalog_v1_Product_DocumentOutputactionOut\", \"/remove_catalog_v1_Product_DocumentOutputpipeOut\", \"/UpdateProductDocumentation-ServiceInput/productName pipeIn\", \"/pathParams/productName actionIn\", \"/list_catalog_v1_Product_DocumentOutput/response/name pipeIn\", \"/pathParams/name actionIn\"], \"addVariables\": []}",
    "null" : false
  },
  "output_structure_json" : {
    "type" : "jsonb",
    "value" : "{\"maps\": [{\"/remove_catalog_v1_Product_DocumentOutput\": [{\"type\": \"map\", \"source\": {\"path\": \"/remove_catalog_v1_Product_DocumentOutput\", \"title\": \"remove_catalog_v1_Product_DocumentOutput\", \"dataElementType\": \"document\"}, \"target\": {\"path\": \"/remove_catalog_v1_Product_DocumentOutput\", \"order\": 1, \"title\": \"remove_catalog_v1_Product_DocumentOutput\", \"dataElementType\": \"document\"}, \"mapCondition\": {\"isConditionSet\": false, \"sourceTreeIndex\": [], \"targetTreeIndex\": [], \"mapConditionFormValue\": {}}}]}], \"tracks\": {}, \"transformer\": []}",
    "null" : false
  },
  "endpoint_structure_json" : {
    "type" : "jsonb",
    "value" : "{\"maps\": []}",
    "null" : false
  },
  "is_error" : false,
  "no_of_errors" : 0,
  "action_input_type" : null,
  "config_service_id" : null,
  "config_imap_id" : null,
  "config_b2b_document_type_id" : null,
  "config_document_id" : null,
  "add_variables" : {
    "type" : "jsonb",
    "value" : "[]",
    "null" : false
  },
  "drop_variables" : {
    "type" : "jsonb",
    "value" : "[]",
    "null" : false
  },
  "plug_input_structure" : {
    "type" : "jsonb",
    "value" : "[{\"id\": \"ec6b3f4c-f53d-4b8a-9a77-76d0d7e53bf4\", \"key\": \"/pathParams\", \"order\": 0.0, \"title\": \"pathParams\", \"value\": {\"type\": \"object\"}, \"isLeaf\": false, \"children\": [{\"id\": \"ec6b3f4c-f53d-4b8a-9a77-76d0d7e53bf4\", \"key\": \"/pathParams/productName\", \"title\": \"productName\", \"value\": {\"type\": \"string\", \"requiredFlag\": true}, \"isLeaf\": true, \"entityType\": \"componentConfig\", \"childrenSet\": false, \"hasChildren\": false, \"dataElementType\": \"string\", \"encryption_required\": false}, {\"id\": \"ec6b3f4c-f53d-4b8a-9a77-76d0d7e53bf4\", \"key\": \"/pathParams/name\", \"title\": \"name\", \"value\": {\"type\": \"string\", \"requiredFlag\": true}, \"isLeaf\": true, \"entityType\": \"componentConfig\", \"childrenSet\": false, \"hasChildren\": false, \"dataElementType\": \"string\", \"encryption_required\": false}], \"entityType\": \"componentConfig\", \"childrenSet\": false, \"hasChildren\": true, \"dataElementType\": \"document\", \"encryption_required\": false}, {\"id\": \"ec6b3f4c-f53d-4b8a-9a77-76d0d7e53bf4\", \"key\": \"/queryParams\", \"order\": 1.0, \"title\": \"queryParams\", \"value\": {\"type\": \"object\"}, \"isLeaf\": false, \"children\": [{\"id\": \"ec6b3f4c-f53d-4b8a-9a77-76d0d7e53bf4\", \"key\": \"/queryParams/forceDelete\", \"title\": \"forceDelete\", \"value\": {\"type\": \"boolean\", \"requiredFlag\": false}, \"isLeaf\": true, \"entityType\": \"componentConfig\", \"childrenSet\": false, \"hasChildren\": false, \"dataElementType\": \"boolean\", \"encryption_required\": false}], \"entityType\": \"componentConfig\", \"childrenSet\": false, \"hasChildren\": true, \"dataElementType\": \"document\", \"encryption_required\": false}, {\"id\": \"ec6b3f4c-f53d-4b8a-9a77-76d0d7e53bf4\", \"key\": \"/headers\", \"order\": 2.0, \"title\": \"headers\", \"value\": {\"type\": \"object\"}, \"isLeaf\": false, \"children\": [{\"id\": \"ec6b3f4c-f53d-4b8a-9a77-76d0d7e53bf4\", \"key\": \"/headers/X-Axway-Tenant-Id\", \"title\": \"X-Axway-Tenant-Id\", \"value\": {\"type\": \"string\", \"requiredFlag\": false}, \"isLeaf\": true, \"entityType\": \"componentConfig\", \"childrenSet\": false, \"hasChildren\": false, \"dataElementType\": \"string\", \"encryption_required\": false}], \"entityType\": \"componentConfig\", \"childrenSet\": false, \"hasChildren\": true, \"dataElementType\": \"document\", \"encryption_required\": false}]",
    "null" : false
  },
  "plug_output_structure" : {
    "type" : "jsonb",
    "value" : "[{\"id\": \"ec6b3f4c-f53d-4b8a-9a77-76d0d7e53bf4\", \"key\": \"/remove_catalog_v1_Product_DocumentOutput\", \"type\": \"object\", \"order\": 1.0, \"title\": \"remove_catalog_v1_Product_DocumentOutput\", \"value\": {\"type\": \"object\", \"requiredFlag\": false}, \"isLeaf\": false, \"children\": [{\"id\": \"ec6b3f4c-f53d-4b8a-9a77-76d0d7e53bf4\", \"key\": \"/remove_catalog_v1_Product_DocumentOutput/success\", \"type\": \"boolean\", \"order\": 2.0, \"title\": \"success\", \"value\": {\"type\": \"boolean\", \"requiredFlag\": false}, \"isLeaf\": true, \"entityType\": \"componentConfig\", \"childrenSet\": false, \"hasChildren\": false, \"dataElementType\": \"boolean\", \"encryption_required\": false}, {\"id\": \"ec6b3f4c-f53d-4b8a-9a77-76d0d7e53bf4\", \"key\": \"/remove_catalog_v1_Product_DocumentOutput/statusCode\", \"type\": \"number\", \"order\": 3.0, \"title\": \"statusCode\", \"value\": {\"type\": \"number\", \"requiredFlag\": false}, \"isLeaf\": true, \"entityType\": \"componentConfig\", \"childrenSet\": false, \"hasChildren\": false, \"dataElementType\": \"number\", \"encryption_required\": false}, {\"id\": \"ec6b3f4c-f53d-4b8a-9a77-76d0d7e53bf4\", \"key\": \"/remove_catalog_v1_Product_DocumentOutput/errors\", \"type\": \"object\", \"order\": 4.0, \"title\": \"errors\", \"value\": {\"type\": \"object\", \"description\": \"Detail for standard error responses.\", \"requiredFlag\": false}, \"isLeaf\": false, \"children\": [{\"id\": \"ec6b3f4c-f53d-4b8a-9a77-76d0d7e53bf4\", \"key\": \"/remove_catalog_v1_Product_DocumentOutput/errors/errors[]\", \"type\": \"array\", \"order\": 5.0, \"title\": \"errors\", \"value\": {\"type\": \"array\", \"requiredFlag\": false}, \"isLeaf\": false, \"children\": [{\"id\": \"ec6b3f4c-f53d-4b8a-9a77-76d0d7e53bf4\", \"key\": \"/remove_catalog_v1_Product_DocumentOutput/errors/errors[]/status\", \"type\": \"integer\", \"order\": 6.0, \"title\": \"status\", \"value\": {\"type\": \"integer\", \"requiredFlag\": false}, \"isLeaf\": true, \"entityType\": \"componentConfig\", \"childrenSet\": false, \"hasChildren\": false, \"dataElementType\": \"integer\", \"encryption_required\": false}, {\"id\": \"ec6b3f4c-f53d-4b8a-9a77-76d0d7e53bf4\", \"key\": \"/remove_catalog_v1_Product_DocumentOutput/errors/errors[]/title\", \"type\": \"string\", \"order\": 7.0, \"title\": \"title\", \"value\": {\"type\": \"string\", \"requiredFlag\": false}, \"isLeaf\": true, \"entityType\": \"componentConfig\", \"childrenSet\": false, \"hasChildren\": false, \"dataElementType\": \"string\", \"encryption_required\": false}, {\"id\": \"ec6b3f4c-f53d-4b8a-9a77-76d0d7e53bf4\", \"key\": \"/remove_catalog_v1_Product_DocumentOutput/errors/errors[]/detail\", \"type\": \"string\", \"order\": 8.0, \"title\": \"detail\", \"value\": {\"type\": \"string\", \"requiredFlag\": false}, \"isLeaf\": true, \"entityType\": \"componentConfig\", \"childrenSet\": false, \"hasChildren\": false, \"dataElementType\": \"string\", \"encryption_required\": false}, {\"id\": \"ec6b3f4c-f53d-4b8a-9a77-76d0d7e53bf4\", \"key\": \"/remove_catalog_v1_Product_DocumentOutput/errors/errors[]/meta\", \"type\": \"object\", \"order\": 9.0, \"title\": \"meta\", \"value\": {\"type\": \"object\", \"requiredFlag\": false}, \"isLeaf\": false, \"children\": [{\"id\": \"ec6b3f4c-f53d-4b8a-9a77-76d0d7e53bf4\", \"key\": \"/remove_catalog_v1_Product_DocumentOutput/errors/errors[]/meta/tenantId\", \"type\": \"string\", \"order\": 10.0, \"title\": \"tenantId\", \"value\": {\"type\": \"string\", \"requiredFlag\": false}, \"isLeaf\": true, \"entityType\": \"componentConfig\", \"childrenSet\": false, \"hasChildren\": false, \"dataElementType\": \"string\", \"encryption_required\": false}], \"entityType\": \"componentConfig\", \"childrenSet\": false, \"hasChildren\": false, \"dataElementType\": \"document\", \"encryption_required\": false}], \"entityType\": \"componentConfig\", \"childrenSet\": false, \"hasChildren\": false, \"dataElementType\": \"documentArray\", \"encryption_required\": false}], \"entityType\": \"componentConfig\", \"childrenSet\": false, \"hasChildren\": false, \"dataElementType\": \"document\", \"encryption_required\": false}, {\"id\": \"ec6b3f4c-f53d-4b8a-9a77-76d0d7e53bf4\", \"key\": \"/remove_catalog_v1_Product_DocumentOutput/response\", \"order\": 2.0, \"title\": \"response\", \"value\": {\"type\": \"object\"}, \"isLeaf\": true, \"children\": [], \"entityType\": \"componentConfig\", \"childrenSet\": false, \"hasChildren\": false, \"dataElementType\": \"document\", \"encryption_required\": false}, {\"id\": \"ec6b3f4c-f53d-4b8a-9a77-76d0d7e53bf4\", \"key\": \"/remove_catalog_v1_Product_DocumentOutput/responseHeaders\", \"order\": 4.0, \"title\": \"responseHeaders\", \"value\": {\"type\": \"object\"}, \"isLeaf\": true, \"children\": [], \"entityType\": \"componentConfig\", \"childrenSet\": false, \"hasChildren\": false, \"dataElementType\": \"document\", \"encryption_required\": false}], \"entityType\": \"componentConfig\", \"childrenSet\": false, \"hasChildren\": false, \"dataElementType\": \"document\", \"encryption_required\": false}]",
    "null" : false
  },
  "config_plug_id" : null,
  "override_plug" : false,
  "config_java_service_id" : null,
  "service_tag" : "V13",
  "endpoint_tag" : "EMPTY",
  "config_service_tag" : "",
  "config_imap_tag" : "",
  "config_b2b_document_type_tag" : "",
  "active" : false,
  "parent_component_config_service_tag" : "V13",
  "service_project_id" : "27edbc36-f404-4005-832a-6f6f32f16f6e",
  "service_project_tag" : "V13",
  "config_service_project_id" : null,
  "config_service_project_tag" : "",
  "config_imap_project_id" : null,
  "config_imap_project_tag" : "",
  "config_b2b_document_type_project_id" : null,
  "config_b2b_document_type_project_tag" : "",
  "endpoint_project_id" : "27edbc36-f404-4005-832a-6f6f32f16f6e",
  "endpoint_project_tag" : "EMPTY",
  "config_plug_tag" : null,
  "config_plug_project_id" : null,
  "config_plug_project_tag" : null,
  "config_java_service_tag" : "",
  "config_java_service_project_id" : null,
  "config_java_service_project_tag" : "",
  "disabled" : false,
  "config" : {
    "type" : "json",
    "value" : "{\"objectName\":\"catalog\",\"operationName\":\"remove_catalog_v1_Product_Document\",\"actionConfig\":{\"resourcePath\":\"/catalog/v1/products/{productName}/documents/{name}\",\"produces\":[\"application/json\"],\"methodName\":\"delete\",\"consumes\":[\"application/json\"]}}",
    "null" : false
  },
  "config_b2b_document_type_project_mode_id" : "112c1cb8-4b9e-4d1a-a042-0bd031dc7d05",
  "config_imap_project_mode_id" : "112c1cb8-4b9e-4d1a-a042-0bd031dc7d05",
  "config_java_service_project_mode_id" : "112c1cb8-4b9e-4d1a-a042-0bd031dc7d05",
  "config_plug_project_mode_id" : "112c1cb8-4b9e-4d1a-a042-0bd031dc7d05",
  "config_service_project_mode_id" : "112c1cb8-4b9e-4d1a-a042-0bd031dc7d05",
  "endpoint_project_mode_id" : "112c1cb8-4b9e-4d1a-a042-0bd031dc7d05",
  "service_project_mode_id" : "112c1cb8-4b9e-4d1a-a042-0bd031dc7d05",
  "parent_component_config_service_project_mode_id" : "112c1cb8-4b9e-4d1a-a042-0bd031dc7d05",
  "is_audit" : true,
  "keys_with_order" : null
}