{
  "component_config_id" : "304b6ab2-4567-4dff-a3e6-cedbb3da4fa3",
  "endpoint_config_json" : {
    "type" : "jsonb",
    "value" : "{\"crossRef\": [], \"services\": [], \"multistep\": [], \"operations\": []}",
    "null" : false
  },
  "input_config_json" : {
    "type" : "jsonb",
    "value" : "{\"crossRef\": [], \"services\": [], \"multistep\": [], \"operations\": []}",
    "null" : false
  },
  "output_config_json" : {
    "type" : "jsonb",
    "value" : "{\"crossRef\": [], \"services\": [], \"multistep\": [], \"operations\": [{\"transformer\": {\"id\": \"7ec7b96d-51b0-4068-a152-32d70829ee81\", \"name\": \"ADVANCED_FILTER\", \"type\": \"Advanced\", \"query\": null, \"inputs\": [{\"id\": \"9be42781-8f6e-4543-956b-e3230559e368\", \"root\": true, \"type\": \"list\", \"cached\": false, \"source\": \"/read_management_v1alpha1_Environment_APIServiceOutput/response/metadata/references[]\", \"target\": \"/ADVANCED_FILTER_INPUT/docList[]\", \"mapNull\": false, \"disabled\": false, \"extractXml\": false, \"extractJson\": false, \"mapEmptyString\": false}, {\"id\": \"9246255c-5494-4b0e-8016-460aee318564\", \"root\": false, \"type\": \"map\", \"cached\": false, \"filter\": \"%{/read_management_v1alpha1_Environment_APIServiceOutput/response/metadata/references[]/kind}% == \\\"APIServiceRevision\\\" \", \"mapNull\": false, \"disabled\": false, \"extractXml\": false, \"extractJson\": false, \"mapEmptyString\": false}], \"outputs\": [{\"id\": \"28f7b571-1e6f-4a13-9d20-f24d9a17197f\", \"root\": true, \"type\": \"list\", \"cached\": false, \"source\": \"/ADVANCED_FILTER_OUTPUT/filteredList[]\", \"target\": \"/APIServiceRevisions[]\", \"mapNull\": false, \"disabled\": false, \"extractXml\": false, \"extractJson\": false, \"targetOrder\": 1.0, \"mapEmptyString\": false}], \"tableId\": null, \"configId\": null, \"disabled\": false, \"serviceId\": null, \"expression\": null}}]}",
    "null" : false
  },
  "component_id" : "8ac5fe03-27a2-4e6a-a449-6a8893818223",
  "service_id" : "aec9ee88-1f2d-49a9-b05a-940d6170c46a",
  "endpoint_id" : null,
  "parent_component_config_id" : "5418ec6e-b485-4f22-a378-ac225f4c8097",
  "component_config_order" : 4.0,
  "action_id" : "06843b78-eab0-45da-afab-8c8277d7553f",
  "name" : "filer APIServiceRevision",
  "description" : "",
  "override_endpoint" : false,
  "input_structure_json" : {
    "type" : "jsonb",
    "value" : "{\"maps\": [], \"mappedNodes\": [\"/read_management_v1alpha1_Environment_APIServiceOutput/response/metadata/references[] pipeIn\", \"/ADVANCED_FILTER_INPUT/docList[]0\", \"/ADVANCED_FILTER_OUTPUT/filteredList[]0\", \"/APIServiceRevisions[]pipeOut\"]}",
    "null" : false
  },
  "output_structure_json" : {
    "type" : "jsonb",
    "value" : "{\"maps\": [], \"tracks\": {}, \"transformer\": [{\"inputs\": {\"/ADVANCED_FILTER_INPUT/config\": [{\"filterConditionFormValue\": {\"fields\": [{\"id\": 1, \"path\": \"%{/read_management_v1alpha1_Environment_APIServiceOutput/response/metadata/references[]/kind}%\", \"field\": \"/read_management_v1alpha1_Environment_APIServiceOutput/response/metadata/references[]/kind\", \"value\": \"APIServiceRevision\", \"isGroup\": false, \"children\": null, \"operator\": \"==\", \"operation\": \"&&\", \"isTreeChecked\": false, \"dataElementType\": \"string\"}]}}], \"/ADVANCED_FILTER_INPUT/docList[]\": [{\"type\": \"list\", \"source\": {\"path\": \"/read_management_v1alpha1_Environment_APIServiceOutput/response/metadata/references[]\", \"title\": \"references\", \"dataElementType\": \"documentArray\"}, \"target\": {\"path\": \"/ADVANCED_FILTER_INPUT/docList[]\", \"title\": \"docList\", \"dataElementType\": \"documentArray\"}, \"mapCondition\": {\"isConditionSet\": false, \"sourceTreeIndex\": [{\"key\": 1, \"title\": \"read_management_v1alpha1_Environment_APIServiceOutput\", \"isLeaf\": false, \"isArray\": false, \"children\": [{\"key\": 2, \"title\": \"response\", \"isLeaf\": false, \"isArray\": false, \"children\": [{\"key\": 3, \"title\": \"metadata\", \"isLeaf\": false, \"isArray\": false, \"children\": [{\"key\": 4, \"title\": \"references[]\", \"isLeaf\": false, \"isArray\": true, \"parentKey\": 3, \"arrayIndex\": null}], \"parentKey\": 2}], \"parentKey\": 1}], \"parentKey\": 0}], \"targetTreeIndex\": [{\"key\": 1, \"title\": \"ADVANCED_FILTER_INPUT\", \"isLeaf\": false, \"isArray\": false, \"children\": [{\"key\": 2, \"title\": \"docList\", \"isLeaf\": false, \"isArray\": true, \"parentKey\": 1, \"arrayIndex\": null}], \"parentKey\": 0}], \"mapConditionFormValue\": {}}}]}, \"outputs\": {\"/APIServiceRevisions[]\": [{\"type\": \"list\", \"source\": {\"path\": \"/ADVANCED_FILTER_OUTPUT/filteredList[]\", \"title\": \"filteredList\", \"dataElementType\": \"documentArray\"}, \"target\": {\"path\": \"/APIServiceRevisions[]\", \"order\": 1, \"title\": \"APIServiceRevisions\", \"dataElementType\": \"documentArray\"}, \"mapCondition\": {\"isConditionSet\": false, \"sourceTreeIndex\": [{\"key\": 1, \"title\": \"ADVANCED_FILTER_OUTPUT\", \"isLeaf\": false, \"isArray\": false, \"children\": [{\"key\": 2, \"title\": \"filteredList\", \"isLeaf\": false, \"isArray\": true, \"parentKey\": 1, \"arrayIndex\": null}], \"parentKey\": 0}], \"targetTreeIndex\": [{\"key\": 1, \"title\": \"APIServiceRevisions[]\", \"isLeaf\": false, \"isArray\": true, \"parentKey\": 0, \"arrayIndex\": null}], \"mapConditionFormValue\": {}}}]}, \"functionInfo\": {\"id\": \"d33cad1a-1590-4cf5-80be-c1d34b7ffefb\", \"name\": \"Filter\", \"category\": {\"id\": \"abba5eaf-7353-4234-b15f-ef0841af9872\"}, \"internalName\": \"ADVANCED_FILTER\"}}]}",
    "null" : false
  },
  "endpoint_structure_json" : {
    "type" : "jsonb",
    "value" : "{\"maps\": []}",
    "null" : false
  },
  "is_error" : false,
  "no_of_errors" : 0,
  "action_input_type" : null,
  "config_service_id" : null,
  "config_imap_id" : null,
  "config_b2b_document_type_id" : null,
  "config_document_id" : null,
  "add_variables" : {
    "type" : "jsonb",
    "value" : "[{\"id\": \"137d588f-0a5d-4a1b-ab83-d29048384f8f\", \"key\": \"/APIServiceRevisions[]\", \"type\": \"node\", \"order\": 1, \"title\": \"APIServiceRevisions\", \"value\": {\"type\": \"array\"}, \"children\": [{\"id\": \"88e51887-7d48-45d5-b9de-5ebe6010c365\", \"key\": \"/APIServiceRevisions[]/id\", \"type\": \"string\", \"order\": 33, \"title\": \"id\", \"value\": {\"type\": \"string\", \"requiredFlag\": false}, \"isLeaf\": true, \"childrenSet\": false, \"hasChildren\": false, \"dataElementType\": \"string\", \"componentConfigId\": \"304b6ab2-4567-4dff-a3e6-cedbb3da4fa3\", \"componentConfigName\": \"Map\", \"encryption_required\": false}, {\"id\": \"038d4605-5d8c-4d88-91fc-b5abc5d59a7a\", \"key\": \"/APIServiceRevisions[]/kind\", \"type\": \"string\", \"order\": 34, \"title\": \"kind\", \"value\": {\"type\": \"string\", \"requiredFlag\": false}, \"isLeaf\": true, \"childrenSet\": false, \"hasChildren\": false, \"dataElementType\": \"string\", \"componentConfigId\": \"304b6ab2-4567-4dff-a3e6-cedbb3da4fa3\", \"componentConfigName\": \"Map\", \"encryption_required\": false}, {\"id\": \"605fffdc-44ad-4aba-a4f6-c29238b7c140\", \"key\": \"/APIServiceRevisions[]/name\", \"type\": \"string\", \"order\": 35, \"title\": \"name\", \"value\": {\"type\": \"string\", \"requiredFlag\": false}, \"isLeaf\": true, \"childrenSet\": false, \"hasChildren\": false, \"dataElementType\": \"string\", \"componentConfigId\": \"304b6ab2-4567-4dff-a3e6-cedbb3da4fa3\", \"componentConfigName\": \"Map\", \"encryption_required\": false}, {\"id\": \"90d925b0-a53e-4d79-8b40-a5441555e8c5\", \"key\": \"/APIServiceRevisions[]/scopeKind\", \"type\": \"string\", \"order\": 36, \"title\": \"scopeKind\", \"value\": {\"type\": \"string\", \"requiredFlag\": false}, \"isLeaf\": true, \"childrenSet\": false, \"hasChildren\": false, \"dataElementType\": \"string\", \"componentConfigId\": \"304b6ab2-4567-4dff-a3e6-cedbb3da4fa3\", \"componentConfigName\": \"Map\", \"encryption_required\": false}, {\"id\": \"243df55e-3169-4459-a43e-bbd44d69b3a8\", \"key\": \"/APIServiceRevisions[]/scopeName\", \"type\": \"string\", \"order\": 37, \"title\": \"scopeName\", \"value\": {\"type\": \"string\", \"requiredFlag\": false}, \"isLeaf\": true, \"childrenSet\": false, \"hasChildren\": false, \"dataElementType\": \"string\", \"componentConfigId\": \"304b6ab2-4567-4dff-a3e6-cedbb3da4fa3\", \"componentConfigName\": \"Map\", \"encryption_required\": false}, {\"id\": \"8f638002-83a3-4793-96bd-32211bb28321\", \"key\": \"/APIServiceRevisions[]/selfLink\", \"type\": \"string\", \"order\": 38, \"title\": \"selfLink\", \"value\": {\"type\": \"string\", \"requiredFlag\": false}, \"isLeaf\": true, \"childrenSet\": false, \"hasChildren\": false, \"dataElementType\": \"string\", \"componentConfigId\": \"304b6ab2-4567-4dff-a3e6-cedbb3da4fa3\", \"componentConfigName\": \"Map\", \"encryption_required\": false}, {\"id\": \"e982a8a7-9f8c-4cea-b868-b4033d5c57b8\", \"key\": \"/APIServiceRevisions[]/type\", \"type\": \"string\", \"order\": 39, \"title\": \"type\", \"value\": {\"type\": \"string\", \"_enum\": [\"hard\", \"soft\"], \"requiredFlag\": false}, \"isLeaf\": true, \"childrenSet\": false, \"hasChildren\": false, \"dataElementType\": \"string\", \"componentConfigId\": \"304b6ab2-4567-4dff-a3e6-cedbb3da4fa3\", \"componentConfigName\": \"Map\", \"encryption_required\": false}], \"editAllow\": true, \"componentName\": \"filer APIServiceRevision\", \"dataElementType\": \"documentArray\", \"componentConfigId\": \"304b6ab2-4567-4dff-a3e6-cedbb3da4fa3\", \"componentConfigName\": \"Map\"}]",
    "null" : false
  },
  "drop_variables" : {
    "type" : "jsonb",
    "value" : "[]",
    "null" : false
  },
  "plug_input_structure" : null,
  "plug_output_structure" : null,
  "config_plug_id" : null,
  "override_plug" : false,
  "config_java_service_id" : null,
  "service_tag" : "V13",
  "endpoint_tag" : null,
  "config_service_tag" : "",
  "config_imap_tag" : "",
  "config_b2b_document_type_tag" : "",
  "active" : false,
  "parent_component_config_service_tag" : "V13",
  "service_project_id" : "27edbc36-f404-4005-832a-6f6f32f16f6e",
  "service_project_tag" : "V13",
  "config_service_project_id" : null,
  "config_service_project_tag" : "",
  "config_imap_project_id" : null,
  "config_imap_project_tag" : "",
  "config_b2b_document_type_project_id" : null,
  "config_b2b_document_type_project_tag" : "",
  "endpoint_project_id" : null,
  "endpoint_project_tag" : null,
  "config_plug_tag" : null,
  "config_plug_project_id" : null,
  "config_plug_project_tag" : null,
  "config_java_service_tag" : "",
  "config_java_service_project_id" : null,
  "config_java_service_project_tag" : "",
  "disabled" : false,
  "config" : null,
  "config_b2b_document_type_project_mode_id" : "112c1cb8-4b9e-4d1a-a042-0bd031dc7d05",
  "config_imap_project_mode_id" : "112c1cb8-4b9e-4d1a-a042-0bd031dc7d05",
  "config_java_service_project_mode_id" : "112c1cb8-4b9e-4d1a-a042-0bd031dc7d05",
  "config_plug_project_mode_id" : "112c1cb8-4b9e-4d1a-a042-0bd031dc7d05",
  "config_service_project_mode_id" : "112c1cb8-4b9e-4d1a-a042-0bd031dc7d05",
  "endpoint_project_mode_id" : "112c1cb8-4b9e-4d1a-a042-0bd031dc7d05",
  "service_project_mode_id" : "112c1cb8-4b9e-4d1a-a042-0bd031dc7d05",
  "parent_component_config_service_project_mode_id" : "112c1cb8-4b9e-4d1a-a042-0bd031dc7d05",
  "is_audit" : true,
  "keys_with_order" : null
}