{
  "component_config_id" : "04e39172-dd72-47f1-9f0b-d682e6ea6eca",
  "endpoint_config_json" : {
    "type" : "jsonb",
    "value" : "{\"crossRef\": [], \"services\": [], \"multistep\": [], \"operations\": []}",
    "null" : false
  },
  "input_config_json" : {
    "type" : "jsonb",
    "value" : "{\"crossRef\": [], \"services\": [], \"multistep\": [], \"operations\": []}",
    "null" : false
  },
  "output_config_json" : {
    "type" : "jsonb",
    "value" : "{\"crossRef\": [], \"services\": [], \"multistep\": [], \"operations\": [{\"transformer\": {\"id\": \"2a5188ca-ec5f-4346-9a3b-6e4ae75b3a89\", \"name\": \"DATETIME_ADD_DAYS\", \"type\": \"DateTime\", \"query\": null, \"inputs\": [{\"id\": \"561907ec-67a3-4fd8-b6eb-1e8512a26896\", \"root\": false, \"type\": \"map\", \"cached\": false, \"source\": \"/DtNow\", \"target\": \"/DATETIME_ADD_DAYS_INPUT/sourceDate\", \"mapNull\": false, \"disabled\": false, \"extractXml\": false, \"extractJson\": false, \"mapEmptyString\": false, \"sourceJavaType\": \"java.lang.String\", \"targetJavaType\": \"java.lang.String\"}, {\"id\": \"c8abdeee-4d9e-40f3-8f00-14cac89c878e\", \"root\": false, \"type\": \"setValue\", \"cached\": false, \"target\": \"/DATETIME_ADD_DAYS_INPUT/addDays\", \"mapNull\": false, \"disabled\": false, \"extractXml\": false, \"extractJson\": false, \"targetValue\": \"-7\", \"mapEmptyString\": false, \"targetJavaType\": \"java.lang.Float\", \"variableSubstitution\": false}, {\"id\": \"40137f2c-6567-4824-8b22-c73a4d91f2c7\", \"root\": false, \"type\": \"setValue\", \"cached\": false, \"target\": \"/DATETIME_ADD_DAYS_INPUT/format\", \"mapNull\": false, \"disabled\": false, \"extractXml\": false, \"extractJson\": false, \"targetValue\": \"yyyy-MM-dd HH:mm:ss SSS\", \"mapEmptyString\": false, \"targetJavaType\": \"java.lang.String\", \"variableSubstitution\": false}], \"outputs\": [{\"id\": \"26e42f54-7511-49ed-8f17-e9475cc9a944\", \"root\": false, \"type\": \"map\", \"cached\": false, \"source\": \"/DATETIME_ADD_DAYS_OUTPUT/output\", \"target\": \"/DtThen\", \"mapNull\": false, \"disabled\": false, \"extractXml\": false, \"extractJson\": false, \"targetOrder\": 1.0, \"mapEmptyString\": false, \"sourceJavaType\": \"java.lang.String\", \"targetJavaType\": \"java.lang.String\"}], \"tableId\": null, \"configId\": null, \"disabled\": false, \"serviceId\": null, \"expression\": null}}]}",
    "null" : false
  },
  "component_id" : "8ac5fe03-27a2-4e6a-a449-6a8893818223",
  "service_id" : "21aabb05-11fe-4fec-ac58-02788fd4f0ad",
  "endpoint_id" : null,
  "parent_component_config_id" : "7521e273-2898-41fa-bda3-74bbf6d8f53c",
  "component_config_order" : 2.75,
  "action_id" : "06843b78-eab0-45da-afab-8c8277d7553f",
  "name" : "Set from time (1w)",
  "description" : "",
  "override_endpoint" : false,
  "input_structure_json" : {
    "type" : "jsonb",
    "value" : "{\"maps\": [], \"mappedNodes\": [\"/DtNow pipeIn\", \"/DATETIME_ADD_DAYS_INPUT/sourceDate0\", \"/DATETIME_ADD_DAYS_INPUT/addDays\", \"/DATETIME_ADD_DAYS_INPUT\", \"/DATETIME_ADD_DAYS_OUTPUT/output0\", \"/DtThenpipeOut\", \"/DATETIME_ADD_DAYS_INPUT/format\", \"/DATETIME_ADD_DAYS_INPUT\"]}",
    "null" : false
  },
  "output_structure_json" : {
    "type" : "jsonb",
    "value" : "{\"maps\": [], \"tracks\": {}, \"transformer\": [{\"inputs\": {\"/DATETIME_ADD_DAYS_INPUT/format\": [{\"type\": \"setValue\", \"target\": {\"path\": \"/DATETIME_ADD_DAYS_INPUT/format\", \"order\": \"\", \"title\": \"format\", \"dataElementType\": \"string\"}, \"values\": [{\"id\": \"9c68d40f-4300-47c5-8319-60d7e81ede9b\", \"key\": \"/DATETIME_ADD_DAYS_INPUT/format\", \"type\": \"string\", \"title\": \"format\", \"isLeaf\": true, \"secret\": false, \"children\": [], \"setValue\": null, \"uiElement\": \"yyyy-MM-dd HH:mm:ss SSS\", \"isSetValue\": false, \"dataElementType\": \"string\"}], \"mapCondition\": {\"isConditionSet\": false, \"sourceTreeIndex\": [], \"targetTreeIndex\": [], \"mapConditionFormValue\": {}}, \"variableSubstitution\": false, \"overwritePipelineValue\": false}], \"/DATETIME_ADD_DAYS_INPUT/addDays\": [{\"type\": \"setValue\", \"target\": {\"path\": \"/DATETIME_ADD_DAYS_INPUT/addDays\", \"order\": \"\", \"title\": \"addDays\", \"dataElementType\": \"number\"}, \"values\": [{\"id\": \"19733c44-52de-4f99-a75a-653d362276dd\", \"key\": \"/DATETIME_ADD_DAYS_INPUT/addDays\", \"type\": \"number\", \"title\": \"addDays\", \"isLeaf\": true, \"secret\": false, \"children\": [], \"setValue\": null, \"uiElement\": \"-7\", \"isSetValue\": false, \"dataElementType\": \"number\"}], \"mapCondition\": {\"isConditionSet\": false, \"sourceTreeIndex\": [], \"targetTreeIndex\": [], \"mapConditionFormValue\": {}}, \"variableSubstitution\": false, \"overwritePipelineValue\": false}], \"/DATETIME_ADD_DAYS_INPUT/sourceDate\": [{\"type\": \"map\", \"source\": {\"path\": \"/DtNow\", \"title\": \"DtNow\", \"dataElementType\": \"string\"}, \"target\": {\"path\": \"/DATETIME_ADD_DAYS_INPUT/sourceDate\", \"title\": \"sourceDate\", \"dataElementType\": \"string\"}, \"mapCondition\": {\"isConditionSet\": false, \"sourceTreeIndex\": [], \"targetTreeIndex\": [], \"mapConditionFormValue\": {}}}]}, \"outputs\": {\"/DtThen\": [{\"type\": \"map\", \"source\": {\"path\": \"/DATETIME_ADD_DAYS_OUTPUT/output\", \"title\": \"output\", \"dataElementType\": \"string\"}, \"target\": {\"path\": \"/DtThen\", \"order\": 1, \"title\": \"DtThen\", \"dataElementType\": \"string\"}, \"mapCondition\": {\"isConditionSet\": false, \"sourceTreeIndex\": [], \"targetTreeIndex\": [], \"mapConditionFormValue\": {}}}]}, \"functionInfo\": {\"id\": \"3311d512-61ca-4133-af3f-201d590adbe5\", \"name\": \"AddDays\", \"category\": {\"id\": \"da0984d0-ef2d-4ac1-b61c-b9b378d7ddf9\"}, \"internalName\": \"DATETIME_ADD_DAYS\"}}]}",
    "null" : false
  },
  "endpoint_structure_json" : {
    "type" : "jsonb",
    "value" : "{\"maps\": []}",
    "null" : false
  },
  "is_error" : false,
  "no_of_errors" : 0,
  "action_input_type" : null,
  "config_service_id" : null,
  "config_imap_id" : null,
  "config_b2b_document_type_id" : null,
  "config_document_id" : null,
  "add_variables" : {
    "type" : "jsonb",
    "value" : "[]",
    "null" : false
  },
  "drop_variables" : {
    "type" : "jsonb",
    "value" : "[]",
    "null" : false
  },
  "plug_input_structure" : null,
  "plug_output_structure" : null,
  "config_plug_id" : null,
  "override_plug" : false,
  "config_java_service_id" : null,
  "service_tag" : "V13",
  "endpoint_tag" : null,
  "config_service_tag" : "",
  "config_imap_tag" : "",
  "config_b2b_document_type_tag" : "",
  "active" : false,
  "parent_component_config_service_tag" : "V13",
  "service_project_id" : "27edbc36-f404-4005-832a-6f6f32f16f6e",
  "service_project_tag" : "V13",
  "config_service_project_id" : null,
  "config_service_project_tag" : "",
  "config_imap_project_id" : null,
  "config_imap_project_tag" : "",
  "config_b2b_document_type_project_id" : null,
  "config_b2b_document_type_project_tag" : "",
  "endpoint_project_id" : null,
  "endpoint_project_tag" : null,
  "config_plug_tag" : null,
  "config_plug_project_id" : null,
  "config_plug_project_tag" : null,
  "config_java_service_tag" : "",
  "config_java_service_project_id" : null,
  "config_java_service_project_tag" : "",
  "disabled" : false,
  "config" : null,
  "config_b2b_document_type_project_mode_id" : "112c1cb8-4b9e-4d1a-a042-0bd031dc7d05",
  "config_imap_project_mode_id" : "112c1cb8-4b9e-4d1a-a042-0bd031dc7d05",
  "config_java_service_project_mode_id" : "112c1cb8-4b9e-4d1a-a042-0bd031dc7d05",
  "config_plug_project_mode_id" : "112c1cb8-4b9e-4d1a-a042-0bd031dc7d05",
  "config_service_project_mode_id" : "112c1cb8-4b9e-4d1a-a042-0bd031dc7d05",
  "endpoint_project_mode_id" : "112c1cb8-4b9e-4d1a-a042-0bd031dc7d05",
  "service_project_mode_id" : "112c1cb8-4b9e-4d1a-a042-0bd031dc7d05",
  "parent_component_config_service_project_mode_id" : "112c1cb8-4b9e-4d1a-a042-0bd031dc7d05",
  "is_audit" : true,
  "keys_with_order" : null
}